brands,categories,countries,energy-kcal_100g,fat_100g,nutrition_data,nutrition_data_prepared_per,nutrition_grades,product_name,proteins_100g,fiber_100g,nutrition_data_per,salt_100g,saturated-fat_100g,sugars_100g,nutriments_estimated,serving_quantity,nutrition_data_prepared,no_nutrition_data
Milky Food Professional,"Produits laitiers,Produits fermentés,Produits laitiers fermentés,Fromages,Desserts,Desserts lactés,Desserts lactés fermentés,Fromages blancs - petit suisses et skyr,Desserts lactés fermentés nature,Fromages blancs,Fromages blancs natures","Canada,France,Maroc,États-Unis",80.6,12.0,on,100g,unknown,Fromage Blanc Nature,7.3,,,,,,,,,
سيدي علي,"Beverages and beverages preparations,Beverages,Waters,Spring waters,Mineral waters,Unsweetened beverages,Natural mineral waters","Canada, France, Morocco, United States, en:united-kingdom",0.0,0.0,on,100g,a,Sidi Ali,0.0,0.0,100g,0.0,0.0,1.4,,,,
Jaouda,"Produits laitiers,Produits fermentés,Produits laitiers fermentés,Snacks,Desserts,Desserts lactés,Desserts lactés fermentés,Desserts lactés fermentés nature,Desserts lactés fermentés nature à la crème","France, India, Morocco, United States, en:netherlands",97.0,3.0,on,100g,a,Perly,8.0,0.0,,0.0,0.0,9.4,,,,
sidi ali,"Bevande e preparati per bevande,Bevande,Acque,Acque di sorgente,Acque minerali,Bevande senza zucchero,Acque minerali naturali","Canada,Francia,Germania,Marocco,Paesi Bassi,Regno Unito,Stati Uniti d'America",0.0,0.0,on,100g,a,Eau minérale naturelle,0.0,,,0.006,,,"{'alcohol_100g': 0, 'beta-carotene_100g': 0, 'cholesterol_100g': 0, 'fiber_100g': 0, 'fructose_100g': 0, 'galactose_100g': 0, 'glucose_100g': 0, 'iodine_100g': 0, 'lactose_100g': 0, 'maltose_100g': 0, 'pantothenic-acid_100g': 0, 'phosphorus_100g': 0, 'phylloquinone_100g': 0, 'polyols_100g': 0, 'saturated-fat_100g': 0, 'starch_100g': 0, 'sucrose_100g': 0, 'sugars_100g': 0, 'vitamin-a_100g': 0, 'vitamin-b12_100g': 0, 'vitamin-b1_100g': 0, 'vitamin-b2_100g': 0, 'vitamin-b6_100g': 0, 'vitamin-b9_100g': 0, 'vitamin-c_100g': 0, 'vitamin-d_100g': 0, 'vitamin-e_100g': 0, 'vitamin-pp_100g': 0, 'water_100g': 100}",,,
Sidi Ali,"Beverages and beverages preparations,Beverages,Waters,Spring waters,Mineral waters,Natural mineral waters","France, Morocco, United States, en:canada",,,on,100g,a,Sidi Ali,,,100ml,0.065,,,,,,
Jaouda,"Dairies,Meals,Milks (liquid and powder),Milks,Semi-skimmed milks","France, Morocco, United States, en:netherlands",45.0,1.5,on,100g,b,Lait,3.1,,100ml,0.225,1.0,0.0,,,,
Jaouda,"en:Dairies, en:Fermented foods, en:Fermented milk products, en:Spreads, en:Cheeses, en:Salted spreads, en:Cheese spreads, en:Fromage frais nature à 21%de matière grasse","France, Morocco, United States, en:canada",235.0,21.0,on,100g,d,Jben,8.0,0.0,100g,0.46,15.0,0.0,,,,
christaline,"Beverages and beverages preparations,Beverages,Waters,Spring waters,Unsweetened beverages","Belgium,Côte d'Ivoire,France,Germany,Guadeloupe,Italy,Luxembourg,Mali,Martinique,Netherlands,New Caledonia,Switzerland,United Kingdom,United States",,,on,100g,a,isabelle,,,100ml,0.00275,,,"{'alcohol_100g': 0.0, 'beta-carotene_100g': 0.0, 'carbohydrates_100g': 0.0, 'cholesterol_100g': 0.0, 'copper_100g': 1.7e-05, 'energy-kcal_100g': 0.0, 'energy-kj_100g': 0.0, 'energy_100g': 0.0, 'fat_100g': 0.0, 'fiber_100g': 0.0, 'fructose_100g': 0.0, 'galactose_100g': 0.0, 'glucose_100g': 0.0, 'iodine_100g': 0.0, 'iron_100g': 3e-05, 'lactose_100g': 0.0, 'maltose_100g': 0.0, 'manganese_100g': 8.2e-07, 'pantothenic-acid_100g': 0.0, 'phosphorus_100g': 0.0, 'phylloquinone_100g': 0.0, 'polyols_100g': 0.0, 'proteins_100g': 0.0, 'saturated-fat_100g': 0.0, 'selenium_100g': 5e-07, 'starch_100g': 0.0, 'sucrose_100g': 0.0, 'sugars_100g': 0.0, 'vitamin-a_100g': 0.0, 'vitamin-b12_100g': 0.0, 'vitamin-b1_100g': 0.0, 'vitamin-b2_100g': 0.0, 'vitamin-b6_100g': 0.0, 'vitamin-b9_100g': 0.0, 'vitamin-c_100g': 0.0, 'vitamin-d_100g': 0.0, 'vitamin-e_100g': 0.0, 'vitamin-pp_100g': 0.0, 'water_100g': 100.0, 'zinc_100g': 1.1e-05}",,,
LU,"Snacks,Petit-déjeuners,Snacks sucrés,Biscuits et gâteaux,Biscuits sucrés & biscuits apéritifs,Biscuits,Biscuits fourrés,Biscuits sandwich","Algérie,Belgique,France,Polynésie française,Allemagne,Guadeloupe,Hongrie,Luxembourg,Martinique,Maroc,Nouvelle-Calédonie,La Réunion,Espagne,Suisse,États-Unis",465.0,17.0,on,100g,e,Prince Goût Chocolat au blé complet,6.3,3.9,,0.51,5.6,32.0,,,,
Jaouda,"Dairies,Milks,Homogenized milks,UHT Milks,Whole milks,Cow milks,Whole milk UHT","Democratic Republic of the Congo,Mauritania,Morocco,United States",58.0,3.0,on,100g,b,uht jaouda 1L,3.0,,100ml,0.0,0.0,0.0,,,,
Danone,"Boissons,Eaux,Eaux de sources,Eaux minérales,Boissons sans alcool,Boissons sans sucre ajouté","France, Morocco, en:united-states",,,on,100g,a,Ain Saïss,,,100g,,,,"{'alcohol_100g': 0, 'beta-carotene_100g': 0, 'calcium_100g': 0.00713, 'carbohydrates_100g': 0, 'cholesterol_100g': 0, 'copper_100g': 1.7e-05, 'energy-kcal_100g': 0, 'energy-kj_100g': 0, 'energy_100g': 0, 'fat_100g': 0, 'fiber_100g': 0, 'fructose_100g': 0, 'galactose_100g': 0, 'glucose_100g': 0, 'iodine_100g': 0, 'iron_100g': 3e-05, 'lactose_100g': 0, 'magnesium_100g': 0.00099, 'maltose_100g': 0, 'manganese_100g': 8.2e-07, 'pantothenic-acid_100g': 0, 'phosphorus_100g': 0, 'phylloquinone_100g': 0, 'polyols_100g': 0, 'potassium_100g': 0.00073, 'proteins_100g': 0, 'salt_100g': 0.0076, 'saturated-fat_100g': 0, 'selenium_100g': 5e-07, 'sodium_100g': 0.0024, 'starch_100g': 0, 'sucrose_100g': 0, 'sugars_100g': 0, 'vitamin-a_100g': 0, 'vitamin-b12_100g': 0, 'vitamin-b1_100g': 0, 'vitamin-b2_100g': 0, 'vitamin-b6_100g': 0, 'vitamin-b9_100g': 0, 'vitamin-c_100g': 0, 'vitamin-d_100g': 0, 'vitamin-e_100g': 0, 'vitamin-pp_100g': 0, 'water_100g': 100, 'zinc_100g': 1.1e-05}",,,
AQUAFINA,"Boissons et préparations de boissons,Boissons,Eaux,Eaux de sources,Eaux minérales,Eaux de table","Morocco, United States, en:france",0.0,0.0,on,100g,a,اكوافينا,0.0,0.0,100g,0.000508,0.0,0.0,,,,
Perly,"Produits laitiers,Produits fermentés,Produits laitiers fermentés,Desserts,Desserts lactés,Desserts lactés fermentés,Fromages blancs - petit suisses et skyr,Yaourts,Desserts lactés fermentés nature,Fromages blancs,Fromages blancs natures","France, Morocco, en:united-states",101.0,6.0,on,100g,a,,7.6,0.0,,0.0,0.0,0.0,,,,
Sidi Ali,Eaux minérales naturelles,"Morocco, United States, en:france",0.0,0.0,on,100g,a,6111035000027,0.0,,100g,0.0065,0.0,0.0,,,,
"La Boulangère,La Boulangère Bio","Aliments et boissons à base de végétaux,Aliments d'origine végétale,Céréales et pommes de terre,Céréales et dérivés,Pains,Pains de mie,en:Packaged breads,Pains complets,Pains de mie complet","France,Suisse",268.0,4.2,on,100g,c,Pain De Mie Bio,8.1,4.9,100g,1.1,0.4,6.3,"{'alcohol_100g': 0.00555, 'beta-carotene_100g': 3.012e-06, 'calcium_100g': 0.0254847975, 'cholesterol_100g': 1.1025e-05, 'copper_100g': 0.000194017175, 'fructose_100g': 0.09385125, 'galactose_100g': 0, 'glucose_100g': 0.10407, 'iodine_100g': 1.6357125e-05, 'iron_100g': 0.001669652, 'lactose_100g': 0.0615375, 'magnesium_100g': 0.055138485, 'maltose_100g': 0.6634875, 'manganese_100g': 0.001473664225, 'pantothenic-acid_100g': 0.00047137875, 'phosphorus_100g': 0.175007, 'phylloquinone_100g': 3.0762375e-06, 'polyols_100g': 0.0567, 'potassium_100g': 0.239613965, 'selenium_100g': 6.443875e-06, 'starch_100g': 34.2075375, 'sucrose_100g': 3.29855625, 'vitamin-a_100g': 3.3075e-07, 'vitamin-b12_100g': 1.071e-08, 'vitamin-b1_100g': 0.00052345125, 'vitamin-b2_100g': 4.087125e-05, 'vitamin-b6_100g': 0.00011033175, 'vitamin-b9_100g': 3.816225e-05, 'vitamin-c_100g': 0.00016425, 'vitamin-d_100g': 7.8195e-08, 'vitamin-e_100g': 0.00134744325, 'vitamin-pp_100g': 0.000914415, 'water_100g': 37.97045725, 'zinc_100g': 0.0014577405}",,,
Original,"Dairies, Fermented foods, Fermented milk products, Cheeses, Cream cheeses","France, Morocco, en:united-states",257.0,18.0,on,100g,a,Cream cheese,10.0,0.0,100g,0.0,0.0,0.0,,,,
Ain atlas,"Beverages,Waters,Spring waters,Mineral waters,Natural mineral waters","Morocco, United States, en:france",0.0,0.0,on,100g,a,Eau minéral naturelle,0.0,0.0,100ml,0.0,0.0,0.0,,,,
Lindt,"Snacks, Sweet snacks, Cocoa and its products, Chocolates, Dark chocolates, Dark chocolate bar, Botanas, Cacao y sus productos, Chocolates negros, Chocolates negros extra finos, Snacks dulces, en:extra-fine-dark-chocolates","Algeria,Austria,Belgium,Bulgaria,Canada,Czech Republic,Finland,France,French Polynesia,Germany,Ireland,Italy,Mauritius,Monaco,Morocco,Netherlands,Norway,Poland,Portugal,Réunion,Romania,Singapore,Spain,Sweden,Switzerland,Tunisia,United Kingdom",592.0,55.0,on,100g,d,Edelbitter-Schokolade,10.0,12.0,,0.03,30.0,7.0,"{'alcohol_100g': 0, 'beta-carotene_100g': 2.34375e-07, 'cholesterol_100g': 0, 'fructose_100g': 0.009375, 'galactose_100g': 0, 'glucose_100g': 0.009375, 'iodine_100g': 9.65625e-07, 'lactose_100g': 0.009375, 'maltose_100g': 0.009375, 'pantothenic-acid_100g': 7.6875e-05, 'phosphorus_100g': 0.0646875, 'phylloquinone_100g': 3.65625e-07, 'polyols_100g': 0.0234375, 'sucrose_100g': 9.440625, 'vitamin-a_100g': 0, 'vitamin-b12_100g': 0, 'vitamin-b9_100g': 1.003125e-05, 'vitamin-pp_100g': 0.0001078125, 'water_100g': 0.3440625}",,,
Coca-Cola,"Beverages and beverages preparations,Beverages,Carbonated drinks,Sodas,Non-alcoholic beverages,Colas,Sweetened beverages","Algeria, Armenia, Austria, Azerbaijan, Belarus, Belgium, Bulgaria, Cameroon, Croatia, France, Germany, Hungary, Italy, Kazakhstan, Morocco, Pakistan, Poland, Portugal, Réunion, Russia, Senegal, Serbia, Spain, Sweden, Switzerland, Tunisia, Turkey, Ukraine, United Kingdom, United States, en:greece",42.0,0.0,on,100g,e,Cocacola original  500,0.0,0.0,,0.0,0.0,10.6,,,,
Salim,"Dairies, Milks, Fresh milks, en:semi-skimmed-milks","France, Morocco, en:united-states",45.0,1.5,on,100g,b,,3.0,,100ml,0.0,1.0,0.0,"{'alcohol_100g': 0.0, 'beta-carotene_100g': 9.45e-06, 'cholesterol_100g': 0.0057, 'copper_100g': 8.7e-06, 'fiber_100g': 0.0, 'fructose_100g': 0.05, 'galactose_100g': 0.05, 'glucose_100g': 0.05, 'iodine_100g': 1.21e-05, 'iron_100g': 4.5e-05, 'lactose_100g': 4.66, 'magnesium_100g': 0.0121, 'maltose_100g': 0.05, 'manganese_100g': 3.1e-06, 'pantothenic-acid_100g': 0.00041, 'phosphorus_100g': 0.0891, 'phylloquinone_100g': 2e-07, 'polyols_100g': 0.0, 'potassium_100g': 0.167, 'selenium_100g': 5e-06, 'starch_100g': 0.0, 'sucrose_100g': 0.05, 'vitamin-a_100g': 1.92e-05, 'vitamin-b12_100g': 3.8e-07, 'vitamin-b1_100g': 6e-05, 'vitamin-b2_100g': 0.00018, 'vitamin-b6_100g': 3.7e-05, 'vitamin-b9_100g': 9.49e-06, 'vitamin-c_100g': 0.0015, 'vitamin-d_100g': 2.5e-07, 'vitamin-e_100g': 0.00013, 'vitamin-pp_100g': 9.3e-05, 'water_100g': 89.4, 'zinc_100g': 0.00039}",,,
Yoplait,"Produits laitiers,Produits fermentés,Produits laitiers fermentés,Desserts,Desserts lactés,Desserts lactés fermentés,Fromages blancs - petit suisses et skyr,Desserts lactés fermentés nature,Skyrs,Skyrs nature","Belgique,France,Irlande,Royaume-Uni",57.0,0.105,on,100g,a,Skyr nature 0%,9.5,0.0,,0.1375,0.065,3.6,"{'alcohol_100g': 0, 'beta-carotene_100g': 6e-06, 'fructose_100g': 0.05, 'galactose_100g': 0.47, 'glucose_100g': 0.064, 'iodine_100g': 2.63e-05, 'lactose_100g': 2.11, 'maltose_100g': 0.05, 'phylloquinone_100g': 2e-07, 'polyols_100g': 0, 'sucrose_100g': 0.05, 'vitamin-b12_100g': 3.3e-07, 'vitamin-b1_100g': 4e-05, 'vitamin-b2_100g': 0.00026, 'vitamin-b6_100g': 5.7e-05, 'vitamin-b9_100g': 2.5e-05, 'vitamin-d_100g': 8e-07, 'vitamin-pp_100g': 0.00019, 'water_100g': 88.6}",,,
Jaouda,"Produits laitiers, Produits fermentés, Desserts, Produits laitiers fermentés, Desserts lactés, Desserts lactés fermentés, Yaourts, Yaourts natures","Morocco, United States, en:france",78.5,3.3,on,100g,b,Yaourt nature,4.2,0.0,100g,0.0,2.4,0.0,,,,
pepsi,"Eaux,Eaux de table","Morocco, en:united-states",0.0,0.0,on,100g,b,اكوافينا,0.0,,100ml,0.0,0.0,0.0,,,,
la Boulangère,Pains de mie,France,294.117647058823,9.6,on,100g,a,Pain de mie grandes tranches Seigle & Graines 500g,12.0,7.2,100g,0.96,1.0,4.2,,,,
Quaker,"Plant-based foods and beverages,Plant-based foods,Breakfasts,Cereals and potatoes,Cereals and their products,Breakfast cereals,Mueslis,Cereals with nuts,Crunchy cereal clusters,Cereal clusters with nuts","Belgium, France, French Polynesia, Germany, Guadeloupe, Italy, Luxembourg, Martinique, Réunion, Slovenia, Spain, Switzerland, United Kingdom, en:netherlands",462.0,19.0,on,100g,b,cruesly mélange de noix,8.5,10.0,100g,0.0,2.0,12.0,,,,
"Ekibio,Le pain des Fleurs","Plant-based foods and beverages,Plant-based foods,Snacks,Cereals and potatoes,Cereals and their products,Extruded crispbreads","Belgium, France, Luxembourg, Netherlands, Senegal, Switzerland, en:morocco",388.0,2.8,on,100g,a,Tartines craquantes au sarrasin imp,13.4,4.4,100g,0.68,0.6,2.6,"{'alcohol_100g': 0, 'beta-carotene_100g': 0, 'calcium_100g': 0.0239866, 'cholesterol_100g': 0, 'copper_100g': 0.00048871, 'fructose_100g': 0, 'galactose_100g': 0, 'glucose_100g': 0.00732, 'iodine_100g': 6.2684, 'lactose_100g': 0, 'maltose_100g': 0.0976, 'manganese_100g': 0.001269406, 'pantothenic-acid_100g': 0.0014152, 'phosphorus_100g': 0.257696, 'phylloquinone_100g': 6.832e-06, 'polyols_100g': 0, 'potassium_100g': 0.380346, 'selenium_100g': 4.8844e-06, 'starch_100g': 66.7584, 'sucrose_100g': 2.018448, 'vitamin-a_100g': 0, 'vitamin-b12_100g': 0, 'vitamin-b1_100g': 0.00037088, 'vitamin-b2_100g': 0.00014678, 'vitamin-b6_100g': 0.00044896, 'vitamin-b9_100g': 6.51968e-05, 'vitamin-c_100g': 0.000244, 'vitamin-d_100g': 0, 'vitamin-e_100g': 0.00031232, 'vitamin-pp_100g': 0.004636, 'water_100g': 11.828, 'zinc_100g': 0.002245552}",,,
Gerblé,"Snacks,Sweet snacks,Biscuits and cakes,Biscuits and crackers,Biscuits","Belgium,Bulgaria,France,Germany,Morocco,Réunion,Switzerland,United States",467.0,18.0,on,100g,c,Sésame,10.0,4.6,100g,0.38,2.0,17.0,"{'alcohol_100g': 0, 'beta-carotene_100g': 4.8596e-06, 'calcium_100g': 0.12227384, 'cholesterol_100g': 0, 'copper_100g': 0.0003854756, 'fructose_100g': 0.0683194, 'galactose_100g': 0, 'glucose_100g': 0.068542, 'iodine_100g': 7.0774e-06, 'iron_100g': 0.0034118, 'lactose_100g': 0.0678, 'maltose_100g': 0.6710794, 'manganese_100g': 0.0024230014, 'pantothenic-acid_100g': 0.00037772, 'phosphorus_100g': 0.25541, 'phylloquinone_100g': 8.10498e-06, 'polyols_100g': 0, 'potassium_100g': 0.27929028, 'selenium_100g': 1.0669e-05, 'starch_100g': 38.0068, 'sucrose_100g': 11.67052, 'vitamin-a_100g': 0, 'vitamin-b12_100g': 0, 'vitamin-b1_100g': 0.00031726, 'vitamin-b2_100g': 3.9232e-05, 'vitamin-b6_100g': 0.0001972, 'vitamin-b9_100g': 3.40408e-05, 'vitamin-c_100g': 0.0001695, 'vitamin-d_100g': 8.814e-08, 'water_100g': 8.52984, 'zinc_100g': 0.002555008}",,,
Lindt,"Produits fermentés,Snacks,Snacks sucrés,Cacao et dérivés,Chocolats,Chocolats noirs,Chocolats noirs en tablette,Chocolat noir en tablette extra dégustation à 70% de cacao minimum","Algérie,Belgique,République tchèque,France,Allemagne,Guadeloupe,Italie,Maroc,La Réunion,Espagne,Suisse",566.0,41.0,on,100g,e,Excellence 70% cacao noir intense,9.5,,,0.02,24.0,30.0,,,,
Nutella,Pâtes à tartiner,"Belgique,France,Allemagne,Inde,Italie,Luxembourg,Maroc,Pays-Bas,Philippines,Pologne,Roumanie,Espagne,Suisse,Turquie,Royaume-Uni,États-Unis",539.0,30.9,on,100g,e,Nutella,6.3,,,0.107,10.6,56.3,,,,
Lindt,"Snacks,Snacks sucrés,Cacao et dérivés,Chocolats,Chocolats noirs,Chocolats noirs en tablette","Autriche,Belgique,France,Allemagne,Italie,Maroc,Pays-Bas,La Réunion,Espagne,Suisse",584.0,46.0,on,100g,e,Excellence 85% cacao,12.5,0.0,100g,0.02,27.0,15.0,"{'alcohol_100g': 0, 'beta-carotene_100g': 5e-07, 'calcium_100g': 0.03215, 'cholesterol_100g': 0, 'copper_100g': 0.00078255, 'fructose_100g': 0.0605, 'galactose_100g': 0, 'glucose_100g': 0.0665, 'iodine_100g': 2.015e-06, 'iron_100g': 0.0097955, 'lactose_100g': 0.02, 'magnesium_100g': 0.100925, 'maltose_100g': 0.02, 'manganese_100g': 0.0008232, 'pantothenic-acid_100g': 0.0001705, 'phosphorus_100g': 0.13815, 'phylloquinone_100g': 7.8e-07, 'polyols_100g': 0.14, 'potassium_100g': 0.79135, 'selenium_100g': 2.05e-06, 'starch_100g': 1.7, 'sucrose_100g': 4.87, 'vitamin-a_100g': 0, 'vitamin-b12_100g': 0, 'vitamin-b1_100g': 1.52e-05, 'vitamin-b2_100g': 2.4e-05, 'vitamin-b6_100g': 3.05e-06, 'vitamin-b9_100g': 2.145e-05, 'vitamin-c_100g': 5e-05, 'vitamin-d_100g': 5.46e-07, 'vitamin-e_100g': 0.001382, 'vitamin-pp_100g': 0.0002355, 'water_100g': 0.7655, 'zinc_100g': 0.00128225}",,,
Jardin Bio étic,"Aliments et boissons à base de végétaux,Aliments d'origine végétale,Légumineuses et dérivés,Petit-déjeuners,Produits à tartiner,Fruits à coques et dérivés,Pâtes à tartiner végétales,Produits à tartiner sucrés,Purées d'oléagineux,Beurres de légumineuses,Pâtes à tartiner,Beurres de fruits à coques,Beurres de cacahuètes","Belgium, France, Morocco, Réunion, Spain, Switzerland, en:guadeloupe",628.0,51.0,on,100g,b,Pur beurre de cacahuète,27.0,6.5,100g,0.0,9.9,5.1,"{'alcohol_100g': 0, 'beta-carotene_100g': 2.5e-06, 'calcium_100g': 0.057, 'cholesterol_100g': 0, 'copper_100g': 0.00046, 'fructose_100g': 0.1, 'galactose_100g': 0, 'glucose_100g': 0.1, 'iodine_100g': 1e-05, 'iron_100g': 0.0016, 'lactose_100g': 0.1, 'magnesium_100g': 0.19, 'maltose_100g': 0.1, 'manganese_100g': 0.0014, 'pantothenic-acid_100g': 0.00176, 'phosphorus_100g': 0.4, 'phylloquinone_100g': 4e-07, 'polyols_100g': 0, 'potassium_100g': 0.7, 'selenium_100g': 3e-05, 'sucrose_100g': 5.9, 'vitamin-a_100g': 0, 'vitamin-b12_100g': 0, 'vitamin-b1_100g': 0.00043, 'vitamin-b2_100g': 2.4e-05, 'vitamin-b6_100g': 0.0004, 'vitamin-b9_100g': 8.93e-05, 'vitamin-c_100g': 0.00025, 'vitamin-d_100g': 0, 'vitamin-e_100g': 0.00246, 'vitamin-pp_100g': 0.0106, 'water_100g': 2.2, 'zinc_100g': 0.003}",,,
la Hollandaise,"Dairies, Fermented foods, Fermented milk products, Cheeses, Cow cheeses, Cheeses from the United Kingdom, Cheeses from England, Cheddar cheese, en:cheddar-slices","Morocco, United States, en:france",270.0,21.0,on,100g,d,Cheddar,9.0,,100g,1.5,12.0,6.0,,,,
Rigoni di Asiago,"Petit-déjeuners,Produits à tartiner,Produits à tartiner sucrés,Pâtes à tartiner,Pâtes à tartiner aux noisettes et au cacao","France, en:reunion",544.0,32.0,on,100g,e,Rigoni di Asiago - Nocciolata bio,8.1,3.6,100g,0.12,5.7,51.0,"{'alcohol_100g': 1.06925, 'beta-carotene_100g': 3.5415e-06, 'calcium_100g': 0.189047725, 'cholesterol_100g': 0.001625, 'copper_100g': 0.00058033625, 'fructose_100g': 0.02525, 'galactose_100g': 0.01875, 'glucose_100g': 0.06225, 'iodine_100g': 4.74575e-06, 'iron_100g': 0.0037845925, 'lactose_100g': 6.6625, 'magnesium_100g': 0.07692975, 'maltose_100g': 0.02525, 'manganese_100g': 0.00090201075, 'pantothenic-acid_100g': 0.0007942, 'phosphorus_100g': 0.22923375, 'phylloquinone_100g': 3.9e-07, 'polyols_100g': 0.01625, 'potassium_100g': 0.6299875, 'selenium_100g': 7.3875e-06, 'starch_100g': 0.5858, 'sucrose_100g': 41.07925, 'vitamin-a_100g': 1.21875e-06, 'vitamin-b12_100g': 5.025e-07, 'vitamin-b1_100g': 0.00012344, 'vitamin-b2_100g': 0.0002192275, 'vitamin-b6_100g': 9.22925e-05, 'vitamin-b9_100g': 2.34545e-05, 'vitamin-c_100g': 0.000825, 'vitamin-d_100g': 2.2e-07, 'vitamin-e_100g': 0.010279525, 'vitamin-pp_100g': 0.00031985, 'water_100g': 3.9883, 'zinc_100g': 0.001413375}",,,
nutella,"Petit-déjeuners,Produits à tartiner,Produits à tartiner sucrés,Pâtes à tartiner,Pâtes à tartiner au chocolat,Pâtes à tartiner aux noisettes,Pâtes à tartiner aux noisettes et au cacao","Algeria,Belgium,Bulgaria,France,Germany,Guadeloupe,India,Italy,Luxembourg,Martinique,Morocco,Réunion,Spain,Switzerland,Tunisia,United Kingdom,United States",539.0,30.9,on,100g,e,Nutella,6.3,,100g,0.107,10.6,56.3,,,,
Les eaux minérales d'Oulmès S.A.,"Boissons,Boissons gazeuses,Eaux,Eaux de sources,Eaux minérales,Eaux gazeuses,Eaux minérales naturelles,Eaux minérales gazeuses","France, Morocco, en:united-states",,,on,100g,a,Oulmes natural carbonated water,,,100g,0.078375,,,,,,
tonik,"Snacks,Sweet snacks,Biscuits and cakes,Biscuits and crackers,Biscuits,Wafers,Chocolate biscuits,Stuffed wafers,Chocolate stuffed wafers","Morocco, United States, en:france",504.347826086957,22.1739130434783,on,100g,e,Tonik,4.34782608695652,0.434782608695652,100g,0.217391304347826,10.8695652173913,40.0,,,,
Bjorg,"Snacks, Sweet snacks, Biscuits and cakes, Biscuits and crackers, Biscuits, Chocolate biscuits, Filled biscuits, Dark chocolate biscuits, Sandwich biscuits","France, Luxembourg, Switzerland, en:reunion",476.0,19.0,on,100g,d,Fourrés Chocolat Noir,7.6,5.2,100g,0.49,6.3,27.0,"{'alcohol_100g': 0, 'beta-carotene_100g': 3.434375e-06, 'calcium_100g': 0.0338873375, 'cholesterol_100g': 0.001376025, 'copper_100g': 0.000513133125, 'fructose_100g': 0.07900625, 'galactose_100g': 6.25e-06, 'glucose_100g': 0.07900625, 'iodine_100g': 9.633625e-06, 'lactose_100g': 0.2449375, 'maltose_100g': 0.61480625, 'manganese_100g': 0.00162957175, 'pantothenic-acid_100g': 0.0003813375, 'phosphorus_100g': 0.190033125, 'phylloquinone_100g': 1.8591125e-06, 'polyols_100g': 0.055, 'potassium_100g': 0.3324790625, 'selenium_100g': 8.99140625e-06, 'starch_100g': 34.769, 'sucrose_100g': 22.72020625, 'vitamin-a_100g': 2.34046875e-06, 'vitamin-b12_100g': 8.95625e-08, 'vitamin-b1_100g': 0.00017814375, 'vitamin-b2_100g': 3.52525e-05, 'vitamin-b6_100g': 6.51125e-05, 'vitamin-b9_100g': 2.61999375e-05, 'vitamin-c_100g': 0.0002165625, 'vitamin-d_100g': 5.5098125e-07, 'vitamin-e_100g': 0.001314034375, 'vitamin-pp_100g': 0.00013914375, 'water_100g': 7.309590625, 'zinc_100g': 0.00176111875}",,,
Harrys,"Plant-based foods and beverages,Plant-based foods,Cereals and potatoes,Cereals and their products,Breads,Sliced breads,Wholemeal breads,Wholemeal sliced breads",France,280.0,6.8,on,100g,b,Pain de mie american sandwich complet sans sucres ajoutés 600g,7.7,8.1,100g,1.1,0.5,3.6,"{'alcohol_100g': 0.000228125, 'beta-carotene_100g': 3.32370361328125e-06, 'calcium_100g': 0.020285781484375, 'cholesterol_100g': 1.24755859375e-07, 'copper_100g': 0.000191017515234375, 'fructose_100g': 0.0743565039062499, 'galactose_100g': 0, 'glucose_100g': 0.0799313085937499, 'iodine_100g': 1.0940791015625e-05, 'iron_100g': 0.00146573508203125, 'lactose_100g': 0.06700517578125, 'magnesium_100g': 0.048652716484375, 'maltose_100g': 0.6882278515625, 'manganese_100g': 0.00145428502820312, 'pantothenic-acid_100g': 0.00032, 'phosphorus_100g': 0.14591317578125, 'phylloquinone_100g': 1.569017578125e-06, 'polyols_100g': 0.00228125, 'potassium_100g': 0.18722685078125, 'selenium_100g': 6.939069140625e-06, 'starch_100g': 39.1409613476563, 'sucrose_100g': 0.37093025390625, 'vitamin-a_100g': 3.74267578125e-09, 'vitamin-b12_100g': 1.2119140625e-10, 'vitamin-b1_100g': 0.000176346140625, 'vitamin-b2_100g': 3.7020703125e-06, 'vitamin-b6_100g': 7.3283234375e-05, 'vitamin-b9_100g': 1.74440423828125e-05, 'vitamin-c_100g': 0.000185004423828125, 'vitamin-d_100g': 8.5846337890625e-08, 'vitamin-e_100g': 0.00102764430664062, 'vitamin-pp_100g': 4.151048828125e-05, 'water_100g': 39.5091391328125, 'zinc_100g': 0.001262844296875}",,,
KRISPROLLS,"Aliments et boissons à base de végétaux,Aliments d'origine végétale,Céréales et pommes de terre,Céréales et dérivés,Pains,Biscottes,Pains grillés,Petits pains grillés,Petit-pain-suedois-sans-sucre,Petit-pain-suedois-sans-sucre,Petit pain grillé suédois sans sucre","France, en:switzerland",400.0,6.6,on,100g,a,KRISPROLLS Complets,13.0,8.3,,1.1,0.9,1.1,"{'alcohol_100g': 0, 'beta-carotene_100g': 4.23307291666667e-06, 'calcium_100g': 0.0242962604166667, 'cholesterol_100g': 3.46354166666665e-06, 'copper_100g': 0.000241627916666667, 'fructose_100g': 0.08515625, 'galactose_100g': 0, 'glucose_100g': 0.0871354166666667, 'iodine_100g': 2.6921875, 'iron_100g': 0.001897840625, 'lactose_100g': 0.08515625, 'magnesium_100g': 0.0629916510416667, 'maltose_100g': 0.897104166666667, 'manganese_100g': 0.00186175052083333, 'pantothenic-acid_100g': 0.000454864583333333, 'phosphorus_100g': 0.19613125, 'phylloquinone_100g': 8.8075, 'polyols_100g': 0, 'potassium_100g': 0.252705510416667, 'selenium_100g': 9.11432291666667e-06, 'starch_100g': 49.9474479166667, 'sucrose_100g': 0.472322916666667, 'vitamin-a_100g': 1.0390625, 'vitamin-b12_100g': 3.36458333333332e-09, 'vitamin-b1_100g': 0.000333625, 'vitamin-b2_100g': 1.41041666666666e-05, 'vitamin-b6_100g': 0.000101291666666667, 'vitamin-b9_100g': 2.85282291666666e-05, 'vitamin-c_100g': 0.000212890625, 'vitamin-d_100g': 1.10703125e-07, 'vitamin-e_100g': 0.00395526145833333, 'vitamin-pp_100g': 0.00022515625, 'water_100g': 10.4864130208333, 'zinc_100g': 0.00168625}",,,
La Boulangère,"Snacks,Breakfasts,Sweet snacks,Sweet pastries and pies,Viennoiseries,Brioches,Pure butter brioche,fr:Brioches tranchées",France,336.0,9.4,on,100g,c,Brioche Tranchée Bio 400g,8.8,3.9,100g,0.95,0.9,13.0,,,,
Coca cola,"Beverages and beverages preparations,Plant-based foods and beverages,Beverages,Plant-based beverages,Fruit-based beverages,Juices and nectars,Orange-based-beverages","Bulgaria, France, Georgia, Morocco, en:united-states",39.0,0.0,on,100g,e,Cappy PULPY,0.0,,100ml,0.126,0.0,7.0,,,,
alpro,"Pflanzliche Lebensmittel und Getränke,en:Dairy substitutes,Milchersatz,Mandelmilch","Albanie,Autriche,Belgique,Bulgarie,Croatie,Chypre,Estonie,Finlande,France,Allemagne,Grèce,Hongrie,Irlande,Israël,Lettonie,Luxembourg,Maroc,Pays-Bas,Norvège,Pologne,Portugal,La Réunion,Roumanie,Espagne,Suède,Suisse,Royaume-Uni",15.0,1.1,on,100g,b,Geröstete Mandel Ohne Zucker,0.5,0.3,100g,0.15,0.1,0.0,"{'alcohol_100g': 0, 'beta-carotene_100g': 9.2e-08, 'cholesterol_100g': 0, 'copper_100g': 4.0114e-05, 'fructose_100g': 0, 'galactose_100g': 0, 'glucose_100g': 0.00069, 'iron_100g': 0.0001044425, 'lactose_100g': 0, 'magnesium_100g': 0.007431905, 'maltose_100g': 0.00322, 'manganese_100g': 4.319679e-05, 'pantothenic-acid_100g': 7.13e-06, 'phosphorus_100g': 0.011069, 'phylloquinone_100g': 0, 'polyols_100g': 0, 'potassium_100g': 0.015934685, 'selenium_100g': 7.10125e-07, 'sucrose_100g': 0.10258, 'vitamin-a_100g': 0, 'vitamin-b1_100g': 4.37e-06, 'vitamin-b6_100g': 2.76e-06, 'vitamin-b9_100g': 1.127e-06, 'vitamin-c_100g': 0, 'vitamin-pp_100g': 8.05e-05, 'water_100g': 96.0565425, 'zinc_100g': 7.89305e-05}",,,
Alvalle,"Aliments et boissons à base de végétaux, Aliments d'origine végétale, Aliments à base de fruits et de légumes, Plats préparés, Soupes, Soupes de légumes, Soupes froides, Gaspacho",France,40.0,2.2,on,100g,a,Alvalle Gazpacho l'original,0.9,1.2,100ml,0.62,0.4,3.3,"{'alcohol_100g': 0.0022, 'beta-carotene_100g': 0.000445885669444445, 'calcium_100g': 0.0104966088888889, 'cholesterol_100g': 0.0, 'copper_100g': 3.19627993055556e-05, 'fructose_100g': 1.13338041666667, 'galactose_100g': 0.0, 'glucose_100g': 0.907053083333334, 'iodine_100g': 7.13566944444444e-06, 'iron_100g': 0.000184644882361111, 'lactose_100g': 0.0420583944444445, 'magnesium_100g': 0.0107329622222222, 'maltose_100g': 0.0433669722222222, 'manganese_100g': 7.90216388888889e-05, 'pantothenic-acid_100g': 0.000185568841666667, 'phosphorus_100g': 0.0255407027777778, 'phylloquinone_100g': 8.71301347222222e-06, 'polyols_100g': 0.0903576666666667, 'potassium_100g': 0.205205395555556, 'selenium_100g': 3.66977958333333e-06, 'starch_100g': 0.188671472222222, 'sucrose_100g': 0.134747194444445, 'vitamin-a_100g': 2.445e-07, 'vitamin-b12_100g': 0.0, 'vitamin-b1_100g': 3.53994388888889e-05, 'vitamin-b2_100g': 2.47935888888889e-05, 'vitamin-b6_100g': 0.000150074441666667, 'vitamin-b9_100g': 2.53007794444444e-05, 'vitamin-c_100g': 0.0390072983333333, 'vitamin-d_100g': 6.4388e-08, 'vitamin-e_100g': 0.00119618295833333, 'vitamin-pp_100g': 0.000536261319444445, 'water_100g': 91.1016456444444, 'zinc_100g': 0.000107844466666667}",,,
,Baking powder or raising agent,"Morocco, United States, en:france",183.0,0.0,on,100g,not-applicable,levure pâtisserie,0.0,0.0,100g,0.0,0.0,0.0,,,,
Jacquet,"Plant-based foods and beverages,Plant-based foods,Cereals and potatoes,Cereals and their products,Breads,Sliced breads,Wholemeal breads,Wholemeal sliced breads","France,Switzerland",264.0,5.2,on,100g,a,14 Maxi Tranches complet sans sucres ajoutés,8.5,7.5,100g,1.1,0.4,2.9,,,,
,"Dairies, Fermented foods, Fermented milk products, Cheeses, Desserts, Dairy desserts, Fermented dairy desserts, en:cheese-spreads","Morocco, en:france",225.0,24.0,on,100g,d,Goldium crémeux,5.0,0.1,100g,0.32,14.0,3.0,,,,
Ciel,"Boissons, Eaux, Eaux de sources, Eaux minérales, Eaux de table","Italy, Morocco, en:united-states",0.0,0.0,on,100g,a,Ciel 33cl,0.0,,100ml,0.13,0.0,0.0,,,,
La boulangère bio,"Plant-based foods and beverages,Plant-based foods,Cereals and potatoes,Breads,Sliced breads,Multigrain sliced breads, Céréales et dérivés, en:Packaged breads",France,310.0,8.6,on,100g,c,Pain de mie Bio grandes tranches céréales & graines 500g,9.2,4.0,100g,1.0,0.9,4.9,"{'alcohol_100g': 0.0062, 'beta-carotene_100g': 3.72430555555556e-06, 'chloride_100g': 0.00105555555555556, 'cholesterol_100g': 6.37583333333333e-05, 'fructose_100g': 0.0623455555555556, 'galactose_100g': 0, 'glucose_100g': 0.100344444444444, 'iodine_100g': 8.0793944444445e-06, 'lactose_100g': 0.0611555555555556, 'maltose_100g': 0.814106666666667, 'pantothenic-acid_100g': 0.00115309, 'phylloquinone_100g': 2.75577777777778e-07, 'polyols_100g': 0, 'sucrose_100g': 4.47803333333333, 'vitamin-b9_100g': 0.000145700555555556, 'vitamin-d_100g': 8.95627777777778e-08, 'vitamin-pp_100g': 0.00355292222222222, 'water_100g': 28.2264485}",,,
WAZA,"Aliments et boissons à base de végétaux,Aliments d'origine végétale,Snacks,Petit-déjeuners,Céréales et pommes de terre,Céréales et dérivés,Pains,Pains croustillants,Biscotte,Pain croquant","France, Italy, Spain, Switzerland, en:reunion",336.0,1.5,on,100g,a,AUTHENTIQUE,9.0,19.0,100g,1.0,0.4,1.0,"{'beta-carotene_100g': 2.34375e-07, 'fructose_100g': 0.17, 'galactose_100g': 0, 'glucose_100g': 0.191875, 'iodine_100g': 0.0001753125, 'lactose_100g': 0.009375, 'maltose_100g': 0.274375, 'pantothenic-acid_100g': 0.000481875, 'phylloquinone_100g': 3.75e-08, 'polyols_100g': 0, 'sucrose_100g': 1.235, 'vitamin-b12_100g': 3.1875e-08, 'vitamin-b1_100g': 0.0010875, 'vitamin-b2_100g': 9.375e-05, 'vitamin-b6_100g': 0.000400625, 'vitamin-b9_100g': 6.534375e-05, 'vitamin-pp_100g': 0.001734375, 'water_100g': 9.47128125}",,,
Eau minérale naturelle des Montagnes d'Atlas,"Boissons,Eaux,Eaux de sources,Eaux minérales","Morocco, en:france",,,on,100g,a,Ain Atlas,,,100ml,0.0,,,,,,
Wasa,"Aliments et boissons à base de végétaux,Aliments d'origine végétale,Snacks,Céréales et pommes de terre,Snacks salés,Amuse-gueules,Céréales et dérivés,Chips et frites,Chips,Pains,Tartines craquantes extrudées,Pains croustillants,Pains croustillants complets,Tartines craquantes grillées","Belgique,France,Guadeloupe,Italie,La Réunion,Espagne,Suisse,MONACO",333.0,5.0,on,100g,a,Fibres,12.0,26.0,100g,1.2,1.0,2.0,"{'alcohol_100g': 0, 'beta-carotene_100g': 2.19533333333333e-06, 'calcium_100g': 0.118952125, 'cholesterol_100g': 0, 'fructose_100g': 0.234401333333333, 'galactose_100g': 0, 'glucose_100g': 0.232265, 'iodine_100g': 2.96895833333332e-05, 'lactose_100g': 0.00154166666666666, 'maltose_100g': 0.039993, 'manganese_100g': 0.00738076666666667, 'pantothenic-acid_100g': 0.000820604166666667, 'phosphorus_100g': 0.62617, 'phylloquinone_100g': 1.10109125e-05, 'polyols_100g': 0, 'potassium_100g': 0.770652208333333, 'selenium_100g': 4.23791666666667e-06, 'starch_100g': 15.2478333333333, 'sucrose_100g': 1.55048333333333, 'vitamin-a_100g': 0, 'vitamin-b12_100g': 0, 'vitamin-b1_100g': 0.000326608333333333, 'vitamin-b2_100g': 0.000161075, 'vitamin-b6_100g': 0.0006340625, 'vitamin-b9_100g': 4.32595833333333e-05, 'vitamin-c_100g': 3.85416666666666e-06, 'vitamin-d_100g': 2.00416666666666e-09, 'vitamin-e_100g': 0.00196889166666667, 'vitamin-pp_100g': 0.0059063, 'water_100g': 9.51355791666667}",,,
Rigoni Di Asiago,"Petit-déjeuners,Produits à tartiner,Produits à tartiner sucrés,Pâtes à tartiner,Pâtes à tartiner aux noisettes,Pâtes à tartiner au chocolat,Pâtes à tartiner aux noisettes et au cacao","France, Switzerland, en:reunion",544.0,32.0,on,100g,e,Nocciolata,8.1,3.6,100g,0.12,5.7,51.0,"{'alcohol_100g': 1.06925, 'beta-carotene_100g': 3.5415e-06, 'calcium_100g': 0.189047725, 'cholesterol_100g': 0.001625, 'copper_100g': 0.00058033625, 'fructose_100g': 0.02525, 'galactose_100g': 0.01875, 'glucose_100g': 0.06225, 'iodine_100g': 4.74575e-06, 'iron_100g': 0.0037845925, 'lactose_100g': 6.6625, 'magnesium_100g': 0.07692975, 'maltose_100g': 0.02525, 'manganese_100g': 0.00090201075, 'pantothenic-acid_100g': 0.0007942, 'phosphorus_100g': 0.22923375, 'phylloquinone_100g': 3.9e-07, 'polyols_100g': 0.01625, 'potassium_100g': 0.6299875, 'selenium_100g': 7.3875e-06, 'starch_100g': 0.5858, 'sucrose_100g': 41.07925, 'vitamin-a_100g': 1.21875e-06, 'vitamin-b12_100g': 5.025e-07, 'vitamin-b1_100g': 0.00012344, 'vitamin-b2_100g': 0.0002192275, 'vitamin-b6_100g': 9.22925e-05, 'vitamin-b9_100g': 2.34545e-05, 'vitamin-c_100g': 0.000825, 'vitamin-d_100g': 2.2e-07, 'vitamin-e_100g': 0.010279525, 'vitamin-pp_100g': 0.00031985, 'water_100g': 3.9883, 'zinc_100g': 0.001413375}",,,
Jaouda,"Produits laitiers,Laits,Laits homogénéisés,Laits demi-écrémés,Laits UHT,Laits de vache","Morocco, United States, en:france",45.0,1.5,on,100g,b,Le Lait demi écrémé,3.1,,100ml,0.0,1.0,0.0,,,,
menguy's,"Produits à tartiner,Pâtes à tartiner végétales,Beurres de cacahuètes","France,Réunion",610.0,48.0,on,100g,a,Menguy's Peanut 100%,28.0,7.0,100g,0.05,5.8,6.2,"{'alcohol_100g': 0, 'beta-carotene_100g': 2.5e-06, 'calcium_100g': 0.057, 'cholesterol_100g': 0, 'copper_100g': 0.00046, 'fructose_100g': 0.1, 'galactose_100g': 0, 'glucose_100g': 0.1, 'iodine_100g': 1e-05, 'iron_100g': 0.0016, 'lactose_100g': 0.1, 'magnesium_100g': 0.19, 'maltose_100g': 0.1, 'manganese_100g': 0.0014, 'pantothenic-acid_100g': 0.00176, 'phosphorus_100g': 0.4, 'phylloquinone_100g': 4e-07, 'polyols_100g': 0, 'potassium_100g': 0.7, 'selenium_100g': 3e-05, 'starch_100g': 5, 'sucrose_100g': 5.9, 'vitamin-a_100g': 0, 'vitamin-b12_100g': 0, 'vitamin-b1_100g': 0.00043, 'vitamin-b2_100g': 2.4e-05, 'vitamin-b6_100g': 0.0004, 'vitamin-b9_100g': 8.93e-05, 'vitamin-c_100g': 0.00025, 'vitamin-d_100g': 0, 'vitamin-e_100g': 0.00246, 'vitamin-pp_100g': 0.0106, 'water_100g': 2.2, 'zinc_100g': 0.003}",,,
aïn Saiss,"Boissons et préparations de boissons,Boissons,Eaux,Eaux de sources,Eaux minérales,Eaux minérales naturelles","Morocco, en:united-states",,,on,100g,a,,,,100ml,0.002,,,,,,
Bjorg,"Aliments et boissons à base de végétaux,Aliments d'origine végétale,Petit-déjeuners,Céréales et pommes de terre,Céréales et dérivés,Céréales pour petit-déjeuner,Céréales au chocolat,Céréales pour petit déjeuner riches en fibres,Pépites de céréales croustillantes,Pépites de céréales au chocolat","France,Maroc,Suisse",433.0,14.0,on,100g,c,Croustillant Chocolat,9.27,10.0,,0.26,3.4,14.0,"{'alcohol_100g': 0, 'beta-carotene_100g': 1.63225446428572e-07, 'calcium_100g': 0.0514740206473214, 'cholesterol_100g': 0.000176138392857143, 'copper_100g': 0.00023391455078125, 'fructose_100g': 0.160718122209822, 'galactose_100g': 0.0112444196428572, 'glucose_100g': 0.137517438616072, 'iodine_100g': 1.01787806919647e-06, 'iron_100g': 0.00270953142438616, 'lactose_100g': 0.0159598214285714, 'magnesium_100g': 0.09, 'maltose_100g': 0.0350345284598215, 'manganese_100g': 0.00272642742047991, 'pantothenic-acid_100g': 0.000721904157366071, 'phosphorus_100g': 0.251159270368304, 'phylloquinone_100g': 1.29466657366071e-06, 'polyols_100g': 0.0141462053571429, 'potassium_100g': 0.243071390206473, 'selenium_100g': 2.45923723493304e-06, 'starch_100g': 40.5005580357143, 'sucrose_100g': 6.95455217633929, 'vitamin-a_100g': 3.046875e-07, 'vitamin-b12_100g': 1.015625e-08, 'vitamin-b1_100g': 0.000237931710379464, 'vitamin-b2_100g': 7.96437639508929e-05, 'vitamin-b6_100g': 8.14742606026786e-05, 'vitamin-b9_100g': 2.311513671875e-05, 'vitamin-c_100g': 1.52797154017858e-05, 'vitamin-d_100g': 6.55078125e-08, 'vitamin-e_100g': 0.00077205078125, 'vitamin-pp_100g': 0.000529873744419643, 'water_100g': 7.16376238141741, 'zinc_100g': 0.00206444419642857}",,,
Barilla,"Condiments,Sauces,Sauces pour pâtes,Sauces Pesto,en:Cooking Sauces,Pestos au basilic","Australia, Belgium, France, Germany, Morocco, Norway, Poland, Serbia, Sweden, Switzerland, Turkey, United Kingdom, United States, en:luxembourg",492.0,47.0,on,100g,e,PESTO alla GENOVESE,4.7,3.0,100g,3.2,5.3,5.0,"{'alcohol_100g': 0, 'beta-carotene_100g': 0.000946014931640625, 'calcium_100g': 0.13683887890625, 'chloride_100g': 0.003585, 'cholesterol_100g': 0.004765, 'copper_100g': 0.0005608705078125, 'fructose_100g': 0.023537109375, 'galactose_100g': 0.09860546875, 'glucose_100g': 0.02352734375, 'iodine_100g': 2.1813359375e-05, 'iron_100g': 0.0024472701171875, 'lactose_100g': 0.017509765625, 'magnesium_100g': 0.06325921875, 'maltose_100g': 0.017509765625, 'manganese_100g': 0.000619481484375, 'pantothenic-acid_100g': 8.01171875e-05, 'phosphorus_100g': 0.1279523046875, 'phylloquinone_100g': 0.0001250094296875, 'polyols_100g': 2.44140625e-05, 'potassium_100g': 0.1963508984375, 'selenium_100g': 6.0042578125e-06, 'sucrose_100g': 1.075037109375, 'vitamin-a_100g': 1.67e-05, 'vitamin-b12_100g': 1.32e-07, 'vitamin-b1_100g': 1.06078125e-05, 'vitamin-b2_100g': 3.584501953125e-05, 'vitamin-b6_100g': 8.2669921875e-05, 'vitamin-b9_100g': 2.1229111328125e-05, 'vitamin-c_100g': 0.0044431884765625, 'vitamin-d_100g': 6.52158203125e-08, 'vitamin-e_100g': 0.02615566015625, 'vitamin-pp_100g': 0.0003318564453125, 'water_100g': 29.27464921875, 'zinc_100g': 0.0012902443359375}",,,
REWE Beste Wahl,"Dairies, Fermented foods, Fermented milk products, Cheeses, fr:121314, fr:Aliments-laitiers, en:melted-cheese","Morocco, en:france",298.0,26.0,on,100g,d,Frommage fondu,7.0,0.0,100g,1.2,16.5,4.0,,,,
Gerblé,"Snacks,Sweet snacks,Biscuits and cakes,Biscuits and crackers,Biscuits,Dry biscuits","Belgium,France,French Polynesia,Germany,Guadeloupe,Martinique,Morocco,Réunion,Switzerland",457.0,17.0,on,100g,b,Pomme Noisette,10.0,5.9,100g,0.01,1.5,11.0,"{'alcohol_100g': 0, 'beta-carotene_100g': 5.8085e-06, 'calcium_100g': 0.0283074, 'cholesterol_100g': 0, 'copper_100g': 0.0003262246, 'fructose_100g': 0.39498, 'galactose_100g': 0.0053, 'glucose_100g': 0.20259, 'iodine_100g': 7.9864e-06, 'iron_100g': 0.0021547, 'lactose_100g': 0.09235, 'magnesium_100g': 0.071951, 'maltose_100g': 0.75279, 'manganese_100g': 0.0025712999, 'pantothenic-acid_100g': 0.000488785, 'phosphorus_100g': 0.22128927, 'phylloquinone_100g': 6.00624e-06, 'polyols_100g': 0.0265, 'potassium_100g': 0.29621398, 'selenium_100g': 8.6953e-06, 'starch_100g': 41.61494, 'sucrose_100g': 8.98268, 'vitamin-a_100g': 0, 'vitamin-b12_100g': 0, 'vitamin-b1_100g': 0.000266239, 'vitamin-b2_100g': 1.7121e-05, 'vitamin-b6_100g': 0.000131976, 'vitamin-b9_100g': 2.887955e-05, 'vitamin-c_100g': 0.00096625, 'vitamin-d_100g': 1.0283e-07, 'water_100g': 13.98176, 'zinc_100g': 0.002159538}",,,
,"Non alimentaire, Open Beauty Facts",Maroc,,,,,not-applicable,,,,,,,,,,,
Primevère,"Aliments et boissons à base de végétaux,Aliments d'origine végétale,Matières grasses,Produits à tartiner,Pâtes à tartiner végétales,Produits à tartiner salés,Matières grasses végétales,Matières grasses à tartiner,Margarines,Margarines allégées","Belgique,France,Suisse",485.0,55.0,on,100g,c,Margarine bio doux tartine & cuisson,0.0,0.0,100g,0.4,14.0,0.0,,,,
THE COCA-COLA COMPANY,"Boissons,Eaux,Boissons sans alcool","France, Morocco, United States, en:netherlands",0.0,0.0,on,100g,b,Ciel,0.0,0.0,100ml,0.05,0.0,0.0,,,,
jaouda,"Produits laitiers,Produits fermentés,Produits laitiers fermentés,Desserts,Desserts lactés,Desserts lactés fermentés,Yaourts","France, Morocco, en:united-states",109.0,3.0,on,100g,a,jaouda Cremy,3.6,,100g,0.0,0.4,2.0,,,,
Gerblé,"Snacks,Sweet snacks,Biscuits and cakes,Biscuits and crackers,Biscuits,fr:Biscuits au son de blé,fr:Biscuits au son de blé et la figue","Belgium,France,French Polynesia,Martinique,Morocco,Réunion,Switzerland",450.0,18.0,on,100g,b,Figue & son,9.6,14.0,,0.18,1.6,16.0,"{'alcohol_100g': 0, 'beta-carotene_100g': 7.5836e-06, 'calcium_100g': 0.032387075, 'cholesterol_100g': 0, 'copper_100g': 0.0003624678, 'fructose_100g': 0.4668, 'galactose_100g': 0, 'glucose_100g': 0.4586, 'iodine_100g': 6.2788e-06, 'iron_100g': 0.0041409265, 'lactose_100g': 0.0577, 'magnesium_100g': 0.148910735, 'maltose_100g': 0.55214, 'manganese_100g': 0.003820948425, 'pantothenic-acid_100g': 0.00071813, 'phylloquinone_100g': 1.692657e-05, 'polyols_100g': 0.01275, 'potassium_100g': 0.412351715, 'selenium_100g': 8.1675e-06, 'starch_100g': 35.38098, 'sucrose_100g': 10.17046, 'vitamin-a_100g': 0, 'vitamin-b12_100g': 0, 'vitamin-b1_100g': 0.0002791425, 'vitamin-b2_100g': 9.8709e-05, 'vitamin-b6_100g': 0.000328869, 'vitamin-b9_100g': 3.67677e-05, 'vitamin-c_100g': 0.00014425, 'vitamin-d_100g': 6.838e-08, 'vitamin-e_100g': 0.00381613, 'vitamin-pp_100g': 0.00436517, 'water_100g': 12.43892, 'zinc_100g': 0.002510379}",,,
Primevère,"Aliments et boissons à base de végétaux, Aliments d'origine végétale, Matières grasses, Produits à tartiner, Pâtes à tartiner végétales, Produits à tartiner salés, Matières grasses à tartiner, Matières grasses végétales, Margarines, Margarines allégées","Algeria, Côte d'Ivoire, France, Guadeloupe, Martinique, Réunion, Switzerland, en:belgium",495.0,55.0,on,100g,c,Tartine Doux,0.0,,100g,0.4,15.0,0.0,,,,
Danone,"Dairies,Fermented foods,Fermented milk products,Desserts,Dairy desserts,Fermented dairy desserts,Yogurts","Morocco, en:united-states",95.5,2.7,on,100g,c,Assil vanille,3.4,2.0,100g,0.0,1.8,8.0,,,,
Danone,"Boissons et préparations de boissons,Boissons,Eaux,Eaux de sources,Eaux minérales","Morocco, Netherlands, United States, en:france",0.0,0.0,on,100g,a,Ain Saiss Eau Minerale Naturelle,0.0,,100g,0.0,0.0,0.0,,,,
"Centrale, Danone, Jebli","منتجات`الألبان, الأطعمة المخمرة, en:Fermented milk products, en:Spreads, جبن, en:Salted spreads, en:Cheese spreads, en:Cream cheeses","France,Maroc,en:morocco",225.0,19.0,on,100g,d,Jebli,6.5,0.0,100g,0.76,13.0,0.0,,,,
Bonne Maman,"Breakfasts,Spreads,Sweet spreads,fr:Pâtes à tartiner,Hazelnut spreads,Chocolate spreads,Cocoa and hazelnuts spreads","France, en:belgium",551.0,34.0,on,100g,e,Pâte à tartiner noisettes et cacao,6.7,3.3,100g,0.1,5.2,51.0,,,,
Coca-Cola,"Boissons et préparations de boissons,Boissons,Boissons gazeuses,Boissons édulcorées,Sodas,Boissons light,Boissons sans alcool,Sodas au cola,Sodas light,Sodas au cola light","Belgium, France, Germany, Greece, Hungary, Italy, Serbia, Spain, Switzerland, United Kingdom, United States, en:cyprus",1.0,0.0,on,100g,c,Coke Zero,0.0,0.0,,0.03,0.0,0.0,,,,
Elle & Vire,"Dairies,Fermented foods,Fermented milk products,Cheeses,Cream cheeses,Fromages-à-la-crème,Produits-fermentés,Produits-laitiers-fermentés",France,162.523900573614,0.3,on,100g,b,Carré Frais,16.0,,,1.3,0.2,2.9,"{'alcohol_100g': 0, 'beta-carotene_100g': 6.909e-06, 'cholesterol_100g': 0.0024675, 'copper_100g': 1.2819e-05, 'fiber_100g': 0, 'fructose_100g': 0, 'galactose_100g': 0, 'glucose_100g': 0, 'iodine_100g': 3.60741e-05, 'iron_100g': 3.1495e-05, 'lactose_100g': 4.86591, 'magnesium_100g': 0.011469675, 'maltose_100g': 0, 'manganese_100g': 6.2085e-06, 'pantothenic-acid_100g': 0.00035532, 'phosphorus_100g': 0.097765, 'phylloquinone_100g': 0, 'polyols_100g': 0, 'potassium_100g': 0.15506885, 'selenium_100g': 1.64167e-06, 'starch_100g': 0, 'sucrose_100g': 0, 'vitamin-a_100g': 1.75686e-06, 'vitamin-b12_100g': 4.8363e-07, 'vitamin-b1_100g': 4.2441e-05, 'vitamin-b2_100g': 0.00017766, 'vitamin-b6_100g': 4.3428e-05, 'vitamin-b9_100g': 4.8363e-06, 'vitamin-c_100g': 0.0012831, 'vitamin-d_100g': 7.4025e-08, 'vitamin-e_100g': 8.883e-06, 'vitamin-pp_100g': 9.0804e-05, 'water_100g': 89.6197755, 'zinc_100g': 0.000415112}",,,
la Boulangère,"Aliments et boissons à base de végétaux, Aliments d'origine végétale, Céréales et pommes de terre, Pains, Pains de campagne, Pain de mie de campagne",France,1144.0,6.5,on,100g,c,tartine de campagne,8.9,3.9,100g,1.2,0.5,2.6,,,,
lilia,"Plant-based foods and beverages,Dairies,Plant-based foods,Fats,Spreads,Plant-based spreads,Salted spreads,Vegetable fats,Spreadable fats,Animal fats,Dairy spreads,Margarines,Milkfat,Butters","Morocco,United States",675.0,75.0,on,100g,d,,0.1,0.0,100g,0.5,34.0,0.0,,,,
عين سايس,"Boissons et préparations de boissons,Boissons,Eaux,Eaux de sources,Eaux minérales","Morocco, United States, en:france",0.0,0.0,on,100g,a,ain saiss 50cl,0.0,,100g,0.0,0.0,0.0,"{'alcohol_100g': 0, 'beta-carotene_100g': 0, 'calcium_100g': 0.00713, 'cholesterol_100g': 0, 'copper_100g': 1.7e-05, 'fiber_100g': 0, 'fructose_100g': 0, 'galactose_100g': 0, 'glucose_100g': 0, 'iodine_100g': 0, 'iron_100g': 3e-05, 'lactose_100g': 0, 'magnesium_100g': 0.00099, 'maltose_100g': 0, 'manganese_100g': 8.2e-07, 'pantothenic-acid_100g': 0, 'phosphorus_100g': 0, 'phylloquinone_100g': 0, 'polyols_100g': 0, 'potassium_100g': 0.00073, 'selenium_100g': 5e-07, 'starch_100g': 0, 'sucrose_100g': 0, 'vitamin-a_100g': 0, 'vitamin-b12_100g': 0, 'vitamin-b1_100g': 0, 'vitamin-b2_100g': 0, 'vitamin-b6_100g': 0, 'vitamin-b9_100g': 0, 'vitamin-c_100g': 0, 'vitamin-d_100g': 0, 'vitamin-e_100g': 0, 'vitamin-pp_100g': 0, 'water_100g': 100, 'zinc_100g': 1.1e-05}",,,
Jaouda,"Dairies, Fermented foods, Fermented milk products, Desserts, Dairy desserts, Fermented dairy desserts, Yogurts, en:kefir","Egypt, Morocco, en:france",53.6,2.5,on,100g,b,كيفير,3.0,,100g,0.0,1.8,0.0,,,,
Coca-Cola,"Bevande e preparati per bevande,Bevande,Bevande effervescente,Bibite gassate,Bibite gassate senza succo di frutta,Cola,Bibite gassate zuccherate senza succo di frutta,Bevande zuccherate","Belgio,Croazia,Cipro,Francia,Germania,Grecia,Ungheria,Italia,Serbia,Spagna,Svizzera",42.0,0.0,on,100g,e,Coca-Cola,0.0,,,0.0,0.0,10.6,,,,
Danone,"Beverages and beverages preparations,Beverages,Dairies,Fermented foods,Fermented milk products,Desserts,Dairy desserts,Dairy drinks,Fermented dairy desserts,Fermented drinks,Fermented dairy desserts with fruits,Fermented milk drinks,Yogurts,Fruit yogurts,Yogurt drinks","Morocco, en:france",72.0,1.7,on,100g,e,Jamila رايبي,1.9,0.0,100g,0.0,1.1,9.0,,,,
gullón,"Snacks,Sweet snacks,Biscuits and cakes,Biscuits and crackers,Biscuits,Crackers(Breakfast)","Bulgaria,France,Morocco,Portugal,Romania,Spain,Tunisia",473.529411764706,17.0,on,100g,d,Zero sugar free Fibre,6.1,9.3,,0.65,17.0,5.0,,,,
Ain Atlas,"Beverages and beverages preparations,Beverages,Waters,Spring waters,Mineral waters","Morocco, en:united-states",0.0,0.0,on,100g,a,Ain Atlas,0.0,,100ml,0.12,0.0,0.0,,,,
"Le Fromage Fouetté Madame Loïk, Paysan breton","Zuivelproducten,Gefermenteerde levensmiddelen,Gefermenteerde zuivelproducten,Kazen,Smeerbare producten,Hartige smeerbare producten,Smeerkazen,fr:Fromage fouetté",Frankrijk,252.0,24.0,on,100g,d,Paysan Breton - Le Fromage Fouetté Madame Loïk - Nature au Sel de Guérande,5.9,0.0,100g,1.1,17.3,3.0,"{'beta-carotene_100g': 7.7142e-05, 'calcium_100g': 0.620995, 'cholesterol_100g': 0.0888122, 'copper_100g': 0.00013022, 'fructose_100g': 0.070219, 'galactose_100g': 0.071208, 'glucose_100g': 0.070219, 'iodine_100g': 3.36259, 'iron_100g': 0.00027022, 'lactose_100g': 0.31648, 'magnesium_100g': 0.0335428, 'maltose_100g': 0.071208, 'manganese_100g': 2.9012e-05, 'pantothenic-acid_100g': 0.00050439, 'phosphorus_100g': 0.449094, 'phylloquinone_100g': 1.71097e-06, 'polyols_100g': 0, 'potassium_100g': 0.121791, 'selenium_100g': 7.67025e-06, 'starch_100g': 0.0074175, 'sucrose_100g': 0.074175, 'vitamin-a_100g': 0.000223514, 'vitamin-b12_100g': 1.34504e-06, 'vitamin-b1_100g': 3.4615e-05, 'vitamin-b2_100g': 0.00040549, 'vitamin-b6_100g': 0.00010879, 'vitamin-b9_100g': 3.40216e-05, 'vitamin-c_100g': 5.6373e-05, 'vitamin-d_100g': 2.8681e-07, 'vitamin-e_100g': 0.00054395, 'vitamin-pp_100g': 0.000989, 'water_100g': 45.73305, 'zinc_100g': 0.002839398}",,,
Star,"Condiments, Salts, Table salts, Groceries, fr:sels-fins","Morocco, United States, en:france",,0.0,on,100g,not-applicable,Sel de table iodé,,0.0,100g,99.0,0.0,0.0,,,,
Gervais,"Dairies,Fermented foods,Fermented milk products,Cheeses,Desserts,Dairy desserts,Fermented dairy desserts,Fromages blancs - petit suisses and skyr,Plain fermented dairy desserts,Fresh cheeses,fr:Fromages blancs,fr:Fromages blancs natures",Morocco,137.0,7.0,on,100g,c,,7.0,,100g,0.5,4.8,7.2,,,,
Barilla,Red pestos,"Austria, Belgium, Croatia, France, Germany, Greece, Italy, Norway, Switzerland, United Kingdom, en:poland",329.0,29.0,on,100g,e,PESTO ROSSO,3.8,2.3,100g,2.8,3.4,7.8,"{'alcohol_100g': 0, 'beta-carotene_100g': 0.0008822125, 'calcium_100g': 0.1197191, 'chloride_100g': 0.001912, 'cholesterol_100g': 0, 'copper_100g': 0.000261195, 'fructose_100g': 1.5408, 'galactose_100g': 0.0107, 'glucose_100g': 1.4808, 'iodine_100g': 4.4061e-05, 'iron_100g': 0.000838455, 'lactose_100g': 0.09, 'magnesium_100g': 0.036620375, 'maltose_100g': 0.09, 'manganese_100g': 0.000194627, 'pantothenic-acid_100g': 5.136e-05, 'phosphorus_100g': 0.06576825, 'phylloquinone_100g': 6.106e-06, 'polyols_100g': 0.09, 'potassium_100g': 0.30436625, 'selenium_100g': 6.436e-06, 'starch_100g': 1.0436, 'sucrose_100g': 4.6044, 'vitamin-a_100g': 0, 'vitamin-b12_100g': 0, 'vitamin-b1_100g': 2.5585e-05, 'vitamin-b2_100g': 2.498e-05, 'vitamin-b6_100g': 4.231e-05, 'vitamin-b9_100g': 2.0499e-05, 'vitamin-c_100g': 0.0044575, 'vitamin-d_100g': 7.995e-08, 'vitamin-e_100g': 0.0159916, 'vitamin-pp_100g': 0.000579, 'water_100g': 45.539165, 'zinc_100g': 0.000504635}",,,
Cristaline,"Beverages and beverages preparations,Beverages,Snacks,Waters,Spring waters","Belgium, Côte d'Ivoire, France, Germany, Luxembourg, Mali, Martinique, Russia, Switzerland, United Kingdom, en:morocco",0.0,0.0,on,100g,a,CRISTALINE Eau De Source 0.5L,0.0,0.0,100ml,0.00476,0.0,0.0,"{'beta-carotene_100g': 0.0, 'cholesterol_100g': 0.0, 'copper_100g': 1.7e-05, 'fructose_100g': 0.0, 'galactose_100g': 0.0, 'glucose_100g': 0.0, 'iodine_100g': 0.0, 'iron_100g': 3e-05, 'lactose_100g': 0.0, 'maltose_100g': 0.0, 'manganese_100g': 8.2e-07, 'pantothenic-acid_100g': 0.0, 'phosphorus_100g': 0.0, 'phylloquinone_100g': 0.0, 'polyols_100g': 0.0, 'selenium_100g': 5e-07, 'starch_100g': 0.0, 'sucrose_100g': 0.0, 'vitamin-a_100g': 0.0, 'vitamin-b12_100g': 0.0, 'vitamin-b1_100g': 0.0, 'vitamin-b2_100g': 0.0, 'vitamin-b6_100g': 0.0, 'vitamin-b9_100g': 0.0, 'vitamin-c_100g': 0.0, 'vitamin-d_100g': 0.0, 'vitamin-e_100g': 0.0, 'vitamin-pp_100g': 0.0, 'water_100g': 100.0, 'zinc_100g': 1.1e-05}",,,
ETHIQUABLE,"Aliments et boissons à base de végétaux,Aliments d'origine végétale,Légumineuses et dérivés,Produits à tartiner,Pâtes à tartiner végétales,Purées d'oléagineux,Beurres de légumineuses,Beurres de cacahuètes","France, en:reunion",622.0,50.0,on,100g,a,Beurre bio cacahuète,26.0,8.3,,0.03,6.8,5.8,"{'alcohol_100g': 0, 'beta-carotene_100g': 2.5e-06, 'calcium_100g': 0.057, 'cholesterol_100g': 0, 'copper_100g': 0.00046, 'fructose_100g': 0.1, 'galactose_100g': 0, 'glucose_100g': 0.1, 'iodine_100g': 1e-05, 'iron_100g': 0.0016, 'lactose_100g': 0.1, 'magnesium_100g': 0.19, 'maltose_100g': 0.1, 'manganese_100g': 0.0014, 'pantothenic-acid_100g': 0.00176, 'phosphorus_100g': 0.4, 'phylloquinone_100g': 4e-07, 'polyols_100g': 0, 'potassium_100g': 0.7, 'selenium_100g': 3e-05, 'starch_100g': 5, 'sucrose_100g': 5.9, 'vitamin-a_100g': 0, 'vitamin-b12_100g': 0, 'vitamin-b1_100g': 0.00043, 'vitamin-b2_100g': 2.4e-05, 'vitamin-b6_100g': 0.0004, 'vitamin-b9_100g': 8.93e-05, 'vitamin-c_100g': 0.00025, 'vitamin-d_100g': 0, 'vitamin-e_100g': 0.00246, 'vitamin-pp_100g': 0.0106, 'water_100g': 2.2, 'zinc_100g': 0.003}",,,
Bjorg,"Plant-based foods and beverages,Plant-based foods,Breakfasts,Cereals and potatoes,Cereals and their products,Breakfast cereals,Flakes,Cereal flakes,Rolled flakes,Rolled oats","Belgium, France, Germany, Morocco, New Caledonia, Spain, Switzerland, en:reunion",363.333333333333,7.1,on,100g,a,Flocons d'avoine,11.0,11.0,,0.02,1.3,1.7,"{'alcohol_100g': 0, 'beta-carotene_100g': 0, 'calcium_100g': 0.0843, 'cholesterol_100g': 0, 'fructose_100g': 0, 'galactose_100g': 0, 'glucose_100g': 0, 'iodine_100g': 5e-07, 'lactose_100g': 0, 'maltose_100g': 0, 'pantothenic-acid_100g': 0.00131, 'phylloquinone_100g': 2e-06, 'polyols_100g': 0, 'potassium_100g': 0.377, 'sucrose_100g': 0.97, 'vitamin-b12_100g': 0, 'vitamin-b1_100g': 0.00043, 'vitamin-b2_100g': 0.00014, 'vitamin-b6_100g': 0.00012, 'vitamin-b9_100g': 3.96e-05, 'vitamin-d_100g': 0, 'vitamin-pp_100g': 0.00096, 'water_100g': 10.1}",,,
Andros,"Petit-déjeuners,Produits à tartiner,Produits à tartiner sucrés,Pâtes à tartiner,Beurres de cacahuètes","France, Réunion, Switzerland, en:netherlands",614.0,49.0,on,100g,c,Be Nuts ! - Pâte à tartiner Cacahuète,21.0,4.4,100g,0.7,9.0,15.0,,,,
"Ferrero, Nutella","en:breakfasts, en:spreads, en:sweet-spreads, fr:pates-a-tartiner, en:hazelnut-spreads, en:chocolate-spreads, en:cocoa-and-hazelnuts-spreads, en:confectionary-based-spreads","Argentina, Belgium, France, Morocco, Netherlands, en:algeria",539.0,30.9,on,100g,e,Nutella,6.3,,100g,0.107,10.6,56.3,"{'alcohol_100g': 0, 'beta-carotene_100g': 2.339e-06, 'calcium_100g': 0.1362957775, 'cholesterol_100g': 0.001131, 'copper_100g': 0.000518053625, 'fiber_100g': 3.691, 'fructose_100g': 0.020574, 'galactose_100g': 0.013174, 'glucose_100g': 0.046574, 'iodine_100g': 4.086075e-06, 'iron_100g': 0.00404148325, 'lactose_100g': 4.6401, 'magnesium_100g': 0.0682530875, 'maltose_100g': 0.020574, 'manganese_100g': 0.0007396391125, 'pantothenic-acid_100g': 0.00057838, 'phosphorus_100g': 0.179302, 'phylloquinone_100g': 2.2873e-06, 'polyols_100g': 0.0185, 'potassium_100g': 0.551491625, 'selenium_100g': 7.136625e-06, 'starch_100g': 0.6524, 'sucrose_100g': 43.553824, 'vitamin-a_100g': 8.4825e-07, 'vitamin-b12_100g': 3.4974e-07, 'vitamin-b1_100g': 8.8534e-05, 'vitamin-b2_100g': 0.00015898525, 'vitamin-b6_100g': 6.421e-05, 'vitamin-b9_100g': 1.94825e-05, 'vitamin-c_100g': 0.0005817, 'vitamin-d_100g': 2.20486e-07, 'vitamin-e_100g': 0.006018264, 'vitamin-pp_100g': 0.00025657, 'water_100g': 1.4507075, 'zinc_100g': 0.001170085}",,,
Reina,"Dairies, Milks (liquid and powder), Milks, en:fermented-milk-drinks","Morocco, en:france",48.0,1.5,on,100g,b,kéfir nature b6 b12  699g,3.4,,100g,0.13,1.0,4.7,,,,
Gerblé,"Snacks,Sweet snacks,Biscuits and cakes,Biscuits and crackers,Biscuits,Shortbread cookies,Fruit biscuits,Shortbread biscuit with fruits","France,Réunion,Switzerland",442.0,14.0,on,100g,c,Biscuit raisins,8.5,4.9,100g,0.2,1.3,17.0,,,,
le berger,"Dairies, Fermented foods, Fermented milk products, Cheeses, fr:fromages-blancs","Morocco, en:france",234.7,23.5,on,100g,a,le blanc nature 900g araai,4.9,0.0,100g,0.0,0.0,0.0,,,,
Henry's,"Snacks,Snacks sucrés,Biscuits et gâteaux,Biscuits","Morocco, en:france",440.0,10.8235,on,100g,e,Henry’s,7.6471,2.3529,100g,0.882353,5.2941,24.2353,,,,
Bjorg,"Aliments et boissons à base de végétaux,Aliments d'origine végétale,Petit-déjeuners,Céréales et pommes de terre,Céréales et dérivés,Céréales pour petit-déjeuner,Céréales aux fruits,Mueslis,Mueslis aux fruits","Belgique,Côte d'Ivoire,France,Polynésie française,Guadeloupe,Italie,Martinique,Maroc,Nouvelle-Calédonie,La Réunion,Espagne,Suisse",352.0,5.8,on,100g,a,"Muesli Raisin, Figue, Abricot",11.0,10.0,100g,0.03,0.9,14.0,"{'alcohol_100g': 0, 'beta-carotene_100g': 9.11e-05, 'calcium_100g': 0.05739425, 'cholesterol_100g': 0, 'copper_100g': 0.000240165, 'fructose_100g': 3.845245, 'galactose_100g': 0, 'glucose_100g': 4.02645, 'iodine_100g': 7.775e-07, 'iron_100g': 0.002462875, 'lactose_100g': 0.003, 'magnesium_100g': 0.0882215, 'maltose_100g': 0.396125, 'manganese_100g': 0.00212938, 'pantothenic-acid_100g': 0.000700275, 'phosphorus_100g': 0.2262505, 'phylloquinone_100g': 3.696e-06, 'polyols_100g': 0.0259, 'potassium_100g': 0.3262825, 'selenium_100g': 3.811125e-06, 'starch_100g': 28.96175, 'sucrose_100g': 0.604525, 'vitamin-a_100g': 0, 'vitamin-b12_100g': 0, 'vitamin-b1_100g': 0.000271165, 'vitamin-b2_100g': 9.142e-05, 'vitamin-b6_100g': 0.000144, 'vitamin-b9_100g': 3.21025e-05, 'vitamin-c_100g': 0.000799, 'vitamin-d_100g': 0, 'vitamin-e_100g': 0.001095675, 'vitamin-pp_100g': 0.00115185, 'water_100g': 19.1899, 'zinc_100g': 0.001777825}",,,
"Nestlé, Chocapic","Aliments et boissons à base de végétaux,Aliments d'origine végétale,Petit-déjeuners,Céréales et pommes de terre,Céréales et dérivés,Céréales pour petit-déjeuner,Céréales au chocolat,Céréales pour petit déjeuner enrichies en vitamines et minéraux,Céréales extrudées,Pétales de blé chocolatés,Céréales chocolatées pour petit déjeuner non fourrées mais enrichies en vitamines et minéraux,Céréales pour petit déjeuner riches en fibres","Belgium, France, Guadeloupe, Réunion, Switzerland, en:french-polynesia",384.0,4.4,on,100g,b,NESTLE CHOCAPIC Céréales 375g,8.5,7.7,100g,0.2,1.1,19.9,,,,
"nutella, Ferrero","Frühstücke,Brotaufstriche,Süße Brotaufstriche,fr:Pâtes à tartiner,Haselnusscremes,Nougatcremes,Schoko- und Haselnussaufstriche","Belgium, Czech Republic, France, Germany, Italy, Netherlands, Réunion, Romania, Switzerland, United Kingdom, en:portugal",534.0,31.8,on,100g,e,Nutella Plant-Based,6.8,,,0.07,11.0,45.4,,,,
Alesto,"Plant-based foods and beverages, Plant-based foods, Nuts and their products, Nuts, en:almonds","Bélgica,Bulgaria,República Checa,Francia,Alemania,Grecia,Hungría,Polonia,Portugal,Rumania,Eslovenia,España,Suiza,Reino Unido",621.0,53.3,on,100g,a,Almonds natural,24.5,12.1,,0.01,4.3,4.8,"{'alcohol_100g': 0, 'beta-carotene_100g': 4e-06, 'calcium_100g': 0.236, 'cholesterol_100g': 0, 'copper_100g': 0.00103, 'fructose_100g': 0, 'galactose_100g': 0, 'glucose_100g': 0.03, 'iodine_100g': 2.5e-06, 'iron_100g': 0.00328, 'lactose_100g': 0, 'maltose_100g': 0.14, 'pantothenic-acid_100g': 0.00031, 'phosphorus_100g': 0.481, 'phylloquinone_100g': 0, 'polyols_100g': 0, 'potassium_100g': 0.659, 'selenium_100g': 1e-05, 'sucrose_100g': 4.46, 'vitamin-a_100g': 0, 'vitamin-b12_100g': 0, 'vitamin-b1_100g': 0.00019, 'vitamin-b2_100g': 0.00071, 'vitamin-b6_100g': 0.00012, 'vitamin-b9_100g': 4.9e-05, 'vitamin-c_100g': 0, 'vitamin-d_100g': 0, 'vitamin-pp_100g': 0.0035, 'water_100g': 4.51, 'zinc_100g': 0.00297}",,,
Tuc,"Snack,Snacks salati,Antipasti,en:Biscuits and crackers,Crackers","Austria,Belgio,Danimarca,Estonia,Finlandia,Francia,Germania,Italia,Lussemburgo,Malta,Marocco,Paesi Bassi,Portogallo,Spagna,Svezia,Svizzera,Mondo",482.0,19.0,on,100g,e,Original,8.3,2.4,,1.7,9.0,7.1,,,,
J. D. GROSS,"Snacks,Sweet snacks,Cocoa and its products,Chocolates,Dark chocolates","Austria,Belgium,Bulgaria,Estonia,Finland,France,Germany,Italy,Lithuania,Slovakia,Slovenia,Spain,Switzerland,United Kingdom",552.0,46.8,on,100g,d,Шоколад 85% какаова маса,10.8,14.5,,0.2,28.2,12.9,"{'beta-carotene_100g': 5.20833333333333e-07, 'cholesterol_100g': 0, 'fructose_100g': 0.0208333333333333, 'galactose_100g': 0, 'glucose_100g': 0.0208333333333333, 'iodine_100g': 2.09895833333333e-06, 'lactose_100g': 0.0208333333333333, 'maltose_100g': 0.0208333333333333, 'pantothenic-acid_100g': 0.000170833333333333, 'phylloquinone_100g': 8.125e-07, 'polyols_100g': 0.0520833333333333, 'sucrose_100g': 5.38541666666666, 'vitamin-b12_100g': 0, 'vitamin-b1_100g': 1.58333333333333e-05, 'vitamin-b2_100g': 2.59895833333333e-05, 'vitamin-b6_100g': 1.53645833333333e-06, 'vitamin-b9_100g': 2.22916666666667e-05, 'vitamin-pp_100g': 0.000239583333333333, 'water_100g': 2.41770833333333}",,,
Jordans,"Aliments et boissons à base de végétaux,Aliments d'origine végétale,Petit-déjeuners,Céréales et pommes de terre,Céréales et dérivés,Céréales pour petit-déjeuner,Céréales aux fruits,Mueslis,Mueslis aux fruits","Belgique,France,Polynésie française,Allemagne,Italie,Martinique,Monaco,La Réunion,Espagne,Suisse",360.0,7.2,on,100g,a,Special Muesli 30% fruits & noix,10.0,8.8,,0.03,2.0,17.0,,,,
Star,"Condiments,Matières grasses,Sauces,Mayonnaises,en:groceries","Morocco, United States, en:france",592.0,65.21,on,100g,d,Mayonnaise recette originale,1.12,,100ml,1.75,9.8,0.05,"{'alcohol_100g': 0.0225, 'beta-carotene_100g': 6.384375e-06, 'calcium_100g': 0.0086935625, 'cholesterol_100g': 0.05281875, 'copper_100g': 1.3245e-05, 'fiber_100g': 0.0140625, 'fructose_100g': 0.027, 'galactose_100g': 0.0039375, 'glucose_100g': 0.0399375, 'iodine_100g': 2.6924375e-05, 'iron_100g': 0.00016430625, 'lactose_100g': 0.01096875, 'magnesium_100g': 0.003912875, 'maltose_100g': 0.01096875, 'manganese_100g': 3.904075e-05, 'pantothenic-acid_100g': 0.00016678125, 'phosphorus_100g': 0.013795, 'phylloquinone_100g': 0.00019917875, 'polyols_100g': 0.0, 'potassium_100g': 0.014132125, 'selenium_100g': 7.74375e-06, 'starch_100g': 0.073125, 'sucrose_100g': 0.01321875, 'vitamin-a_100g': 1.89e-05, 'vitamin-b12_100g': 1.704375e-07, 'vitamin-b1_100g': 1.265625e-05, 'vitamin-b2_100g': 2.2725e-05, 'vitamin-b6_100g': 1.8421875e-05, 'vitamin-b9_100g': 9.1546875e-06, 'vitamin-c_100g': 6.46875e-05, 'vitamin-d_100g': 1.125e-07, 'vitamin-e_100g': 0.0035839375, 'vitamin-pp_100g': 2.053125e-05, 'water_100g': 37.95492375, 'zinc_100g': 0.00014615125}",,,
Maille,"Condiments, Sauces, Moutardes, Moutardes de Dijon","Belgium, France, Germany, Luxembourg, Morocco, Switzerland, en:netherlands",144.0,10.0,on,100g,e,Maille Moutarde Fine de Dijon L'Originale Bocal 360g,7.6,3.8,100g,4.9,0.7,2.0,,,,
Bjorg,"Snacks,Sweet snacks,Biscuits and cakes,Biscuits and crackers,Biscuits,Chocolate biscuits,Oatmeal biscuits",France,454.0,18.0,on,100g,c,Avoine chocolat,8.1,7.8,100g,0.63,3.2,17.0,,,,
Fleury Michon,"Alternatives à la viande,Tranches-vegetales","France, Réunion, en:switzerland",143.0,6.5,on,100g,c,Les tranches Végé - lentilles corail,8.1,3.8,100g,1.8,0.6,0.5,"{'alcohol_100g': 0, 'beta-carotene_100g': 4.75e-07, 'calcium_100g': 0.0164105625, 'chloride_100g': 0.01564, 'cholesterol_100g': 0, 'copper_100g': 0.00018777, 'fructose_100g': 0.0401796875, 'galactose_100g': 0.0001171875, 'glucose_100g': 0.0401875, 'iodine_100g': 5.8503125e-06, 'iron_100g': 0.0013254875, 'lactose_100g': 0.04, 'magnesium_100g': 0.02445728125, 'maltose_100g': 0.04, 'manganese_100g': 0.00027977875, 'pantothenic-acid_100g': 1.421875e-06, 'phosphorus_100g': 0.0800578125, 'phylloquinone_100g': 7.2425e-06, 'polyols_100g': 0, 'potassium_100g': 0.2649088125, 'selenium_100g': 8.99375e-07, 'starch_100g': 13.07828125, 'sucrose_100g': 0.258015625, 'vitamin-a_100g': 0, 'vitamin-b12_100g': 0, 'vitamin-b1_100g': 9.375e-08, 'vitamin-b2_100g': 4.0390625e-07, 'vitamin-b6_100g': 8.60296875e-05, 'vitamin-b9_100g': 6.703125e-08, 'vitamin-c_100g': 0.0001001953125, 'vitamin-d_100g': 1.015625e-10, 'vitamin-e_100g': 0.0027715078125, 'vitamin-pp_100g': 1.859375e-06, 'water_100g': 52.810115625, 'zinc_100g': 0.0008131484375}",,,
Bjorg,"Plant-based foods and beverages,Plant-based foods,Breakfasts,Cereals and potatoes,Cereals and their products,Breakfast cereals,Cereals with fruits,Mueslis,Mueslis with fruits","Belgium,France,Martinique,Mexico,Morocco,Réunion,Spain,Switzerland",358.571428571429,6.0,on,100g,a,"Muesli Superfruits Raisins, cassis, cranberry, myrtille",12.0,10.0,100g,0.04,0.857142857142857,13.0,"{'alcohol_100g': 0, 'beta-carotene_100g': 3.722e-06, 'calcium_100g': 0.0681267, 'cholesterol_100g': 0, 'copper_100g': 0.00033451, 'fructose_100g': 6.00122, 'galactose_100g': 0, 'glucose_100g': 5.73818, 'iodine_100g': 2.8664e-06, 'iron_100g': 0.00298989, 'lactose_100g': 0.0245, 'magnesium_100g': 0.110259, 'maltose_100g': 0.57292, 'manganese_100g': 0.00286854, 'pantothenic-acid_100g': 0.0008003, 'phosphorus_100g': 0.296941, 'phylloquinone_100g': 3.9662e-06, 'polyols_100g': 0.041948, 'potassium_100g': 0.4355418, 'selenium_100g': 5.58995e-06, 'starch_100g': 36.92256, 'sucrose_100g': 0.84541, 'vitamin-a_100g': 0, 'vitamin-b12_100g': 1.92e-09, 'vitamin-b1_100g': 0.000283326, 'vitamin-b2_100g': 0.000120615, 'vitamin-b6_100g': 0.000105836, 'vitamin-b9_100g': 4.12199e-05, 'vitamin-c_100g': 0.00226385, 'vitamin-d_100g': 3.185e-08, 'vitamin-e_100g': 0.00211095, 'vitamin-pp_100g': 0.00135153, 'water_100g': 13.66868, 'zinc_100g': 0.00225455}",,,
Aïn Atlas,"Boissons,Eaux,Eaux de sources,Eaux minérales","Morocco, en:united-states",0.0,0.0,on,100g,a,Aïn Atlas 50cl,0.0,0.0,100ml,0.024,0.0,0.0,,,,
Salim,"Dairies,Milks",Morocco,58.0,3.0,on,100g,unknown,Salim,3.0,,100ml,,2.0,,,,,
Nescafé,"Boissons et préparations de boissons,Aliments et boissons à base de végétaux,Boissons,Aliments d'origine végétale,Préparations pour boissons,Cafés,Boissons instantanées,Café Arabica,Cafés solubles,Café au lait en poudre soluble","Algeria, France, Morocco, en:united-states",267.0,0.5,on,100g,unknown,Nescafé Classic,8.0,17.0,100g,0.025,0.2,3.7,,,,
Délicia,"Aliments et boissons à base de végétaux,Aliments d'origine végétale,Aliments à base de fruits et de légumes,Petit-déjeuners,Produits à tartiner,Fruits et produits dérivés,Pâtes à tartiner végétales,Produits à tartiner sucrés,Confitures et marmelades,Confitures,Confitures de fruits rouges,Confitures de fraises","France, Morocco, en:united-states",250.0,0.3,on,100g,unknown,Confiture de fraise,0.5,,100g,,,63.0,"{'alcohol_100g': 0, 'beta-carotene_100g': 1.875e-06, 'calcium_100g': 0.0144225, 'cholesterol_100g': 0, 'copper_100g': 1.6375e-05, 'fiber_100g': 2.85, 'fructose_100g': 2.475, 'galactose_100g': 0, 'glucose_100g': 1.725, 'iodine_100g': 7.575e-06, 'iron_100g': 0.00016175, 'lactose_100g': 0.075, 'magnesium_100g': 0.0094125, 'maltose_100g': 0.075, 'manganese_100g': 0.000196575, 'pantothenic-acid_100g': 9.75e-05, 'phosphorus_100g': 0.01725, 'phylloquinone_100g': 3e-07, 'polyols_100g': 0.1875, 'potassium_100g': 0.108375, 'salt_100g': 0.006075, 'saturated-fat_100g': 0.00375, 'selenium_100g': 8.75e-06, 'sodium_100g': 0.0024175, 'starch_100g': 0.135, 'sucrose_100g': 25.025, 'vitamin-a_100g': 0, 'vitamin-b12_100g': 0, 'vitamin-b1_100g': 5.625e-06, 'vitamin-b2_100g': 8.5e-06, 'vitamin-b6_100g': 3e-05, 'vitamin-b9_100g': 7.4175e-05, 'vitamin-c_100g': 0.0405, 'vitamin-d_100g': 0, 'vitamin-e_100g': 0.000225, 'vitamin-pp_100g': 0.0001575, 'water_100g': 67.7675, 'zinc_100g': 8.75e-05}",,,
Alpro,"en:haverdrink,en:plantaardige-drinks,en:plantaardige-zuivel-alternatieven,en:vegetarisch,en:vegan-en-plantaardig,Boissons à l'avoine",Belgium,44.0,1.5,on,100g,c,Hafer Milch,0.8,0.7,,0.0975,0.2,0.0,,,,
Bjorg,"Plant-based foods and beverages,Beverages,Plant-based foods,Dairy substitutes,Milk substitutes,Nuts and their products,Plant-based beverages,Plant-based milk alternatives,Nut-based drinks,Almond-based drinks,Unsweetened plain almond-based drinks","Belgium,Côte d'Ivoire,France,French Polynesia,Guadeloupe,Martinique,Morocco,New Caledonia,Réunion,Switzerland,United Kingdom",25.0,1.7,on,100g,b,BjORG AMANDE ALMOND SANS SUCRE- NO SUGAR,0.7,0.5,100ml,0.05,0.2,0.5,,,,
,Fromage blanc nature allégé en matières grasses,"France, en:morocco",170.0,18.0,on,100g,d,,5.0,0.1,100g,0.12,10.0,3.0,,,,
Aïn lfrane,"Boissons,Eaux,Eaux de sources,Eaux minérales,Eaux minérales naturelles","Morocco, en:united-states",0.0,0.0,on,100g,a,Eau,0.0,,100ml,3e-06,0.0,0.0,,,,
Coca-Cola,"Beverages and beverages preparations,Beverages,Carbonated drinks,Sodas,Colas,pt:bebidas cafeína","Albania, Austria, Belgium, Bulgaria, Canada, Czech Republic, France, Georgia, Germany, Iceland, India, Italy, Latvia, Lithuania, Mexico, Morocco, Poland, Romania, Senegal, Spain, Switzerland, Turkey, Ukraine, United Kingdom, United States, en:ghana",42.0,0.0,on,100g,e,Original Taste,0.0,,,0.0,0.0,10.6,,,,
Bjorg,"Beverages and beverages preparations,Plant-based foods and beverages,Beverages,Plant-based foods,Cereals and potatoes,Dairy substitutes,Cereals and their products,Milk substitutes,Plant-based beverages,Plant-based milk alternatives,Cereal-based drinks,Unsweetened beverages,Oat-based drinks,fr:Boissons-vegetales-a-base-d-avoine","France,Mauritius,Morocco,Réunion,Switzerland",45.0,1.5,on,100g,c,Avoine - Boisson biologique,0.5,0.5,100ml,0.09,0.3,4.0,"{'alcohol_100g': 0.0, 'beta-carotene_100g': 6.93125e-08, 'calcium_100g': 0.016634089, 'chloride_100g': 0.0077, 'cholesterol_100g': 0.0, 'copper_100g': 8.7784725e-05, 'fructose_100g': 0.0, 'galactose_100g': 0.0, 'glucose_100g': 0.0, 'iodine_100g': 2.744775, 'iron_100g': 0.000552969875, 'lactose_100g': 0.0, 'magnesium_100g': 0.032052297625, 'maltose_100g': 0.0, 'manganese_100g': 0.000545349956, 'pantothenic-acid_100g': 0.0, 'phosphorus_100g': 0.05775595875, 'phylloquinone_100g': 1.109e-08, 'polyols_100g': 0.0, 'potassium_100g': 0.05065905525, 'selenium_100g': 7.083875e-07, 'starch_100g': 5.786, 'sucrose_100g': 0.0, 'vitamin-a_100g': 0.0, 'vitamin-b12_100g': 0.0, 'vitamin-b1_100g': 0.0, 'vitamin-b2_100g': 0.0, 'vitamin-b6_100g': 1.32e-05, 'vitamin-b9_100g': 0.0, 'vitamin-c_100g': 0.0, 'vitamin-d_100g': 3.60425e-09, 'vitamin-e_100g': 0.0017085425, 'vitamin-pp_100g': 0.0, 'water_100g': 84.463584625, 'zinc_100g': 0.000449012975}",,,
Star,"en:Condiments, en:Sauces, en:Tomato sauces, en:Ketchup, en:Groceries","Morocco, en:united-states",108.0,0.08,on,100g,c,Ketchup star 310 g,1.12,0.0,100g,0.00555,0.0,22.36,,,,
BAHIA,"Boissons et préparations de boissons,Boissons,Eaux,Eaux de table,Eaux de sources","France, Morocco, en:united-states",,,on,100g,a,,,,100ml,0.0055,,,,,,
Brioche Pasquier,"Snacks,Snacks sucrés,en:Sweet pastries and pies,Viennoiseries,Pains au lait","Belgique,France,Suisse,Royaume-Uni,États-Unis",353.0,11.0,on,100g,c,Pains au lait,8.6,3.5,100g,0.00275,4.0,11.0,,,,
Alesto,"Plant-based foods and beverages,Plant-based foods,Nuts and their products,Nuts,Cashew nuts","Austria,Belgium,Croatia,France,Germany,Hungary,Italy,Poland,Spain,Sweden,Switzerland,United Kingdom",600.0,47.6,on,100g,b,Cashew Nuts natural,20.5,5.2,,0.02,9.0,6.5,"{'alcohol_100g': 0, 'calcium_100g': 0.038, 'chloride_100g': 0.0239, 'fructose_100g': 0.1, 'galactose_100g': 0.1, 'glucose_100g': 0.1, 'lactose_100g': 0.1, 'maltose_100g': 0.1, 'polyols_100g': 0, 'potassium_100g': 0.68, 'sucrose_100g': 6.63, 'vitamin-b6_100g': 0.00017, 'water_100g': 1.3}",,,
Gerblé,"Condiments,Food additives,Yeast",France,323.0,4.6,on,100g,not-applicable,Levure de bière,46.0,25.0,100g,0.32,0.8,1.2,,,,
Elle&Vire,"Produits laitiers,Produits fermentés,Produits laitiers fermentés,Fromages,Produits à tartiner,Produits à tartiner salés,Produits pasteurisés,Fromages pasteurisés,Fromages à tartiner","France,La Réunion",193.0,15.0,on,100g,d,Carré Frais - Nature,12.0,,100g,1.2,11.0,2.5,,,,
gastro mixte,"Dairies,Fermented foods,Fermented milk products,Cheeses,dairy-desserts",en:Morocco,225.0,21.0,on,100g,d,b,5.4,0.2,100g,0.75,14.0,4.3,,,,
alpro,"Aliments et boissons à base de végétaux,Substituts de produits laitiers,Substituts du lait,en:amandel,en:cashewdrink,en:plantaardige-drinks,en:plantaardige-zuivel-alternatieven,en:vegan-en-plantaardig,en:vegetarisch,Laits d'amande","Belgium, Bulgaria, Croatia, France, Germany, Greece, Hungary, Italy, Luxembourg, Morocco, Netherlands, Poland, Portugal, Romania, Slovakia, Spain, Sweden, Ukraine, United Kingdom, en:reunion",23.0,1.2,on,100g,c,"Alpro Mandeldrink, Original 1L",0.5,0.3,100g,0.1475,0.0,2.4,"{'alcohol_100g': 0, 'beta-carotene_100g': 9.495e-08, 'cholesterol_100g': 0, 'copper_100g': 4.07035875e-05, 'fructose_100g': 0, 'galactose_100g': 0, 'glucose_100g': 0.000712125, 'iodine_100g': 7.8554375e-07, 'iron_100g': 0.000107335, 'magnesium_100g': 0.007629753625, 'maltose_100g': 0.00332325, 'manganese_100g': 4.461357775e-05, 'pantothenic-acid_100g': 7.358625e-06, 'phosphorus_100g': 0.0114236375, 'phylloquinone_100g': 0, 'polyols_100g': 0, 'potassium_100g': 0.016564722875, 'selenium_100g': 7.681875e-07, 'starch_100g': 0.0237375, 'sucrose_100g': 1.25356925, 'vitamin-a_100g': 0, 'vitamin-b1_100g': 4.510125e-06, 'vitamin-b2_100g': 1.7072125e-05, 'vitamin-b6_100g': 2.8485e-06, 'vitamin-b9_100g': 1.1631375e-06, 'vitamin-c_100g': 0, 'vitamin-pp_100g': 8.308125e-05, 'water_100g': 94.70052675, 'zinc_100g': 8.12}",,,
Parmentier,"Produits de la mer,Poissons et dérivés,Conserves,Poissons,Poissons gras,Poissons en conserve,Sardines,Sardines en conserve,Sardines à l'huile,Sardines à l'huile d'olive","France, Germany, United Kingdom, en:martinique",227.0,15.0,on,100g,c,Sardines Huile d'Olive Vierge Extra,23.0,,,1.2,3.5,0.0,"{'alcohol_100g': 0, 'beta-carotene_100g': 2.688e-05, 'calcium_100g': 0.0444952, 'cholesterol_100g': 0.0587016, 'copper_100g': 0.00032488, 'fiber_100g': 0, 'fructose_100g': 0, 'galactose_100g': 0, 'glucose_100g': 0, 'iodine_100g': 0.0002592992, 'iron_100g': 0.0012828, 'lactose_100g': 0, 'magnesium_100g': 0.0271904, 'maltose_100g': 0, 'manganese_100g': 0.00026152, 'pantothenic-acid_100g': 0.00060264, 'phosphorus_100g': 0.2138272, 'phylloquinone_100g': 7.4368e-06, 'polyols_100g': 0, 'potassium_100g': 0.4366784, 'selenium_100g': 4.06272e-05, 'starch_100g': 0, 'sucrose_100g': 0, 'vitamin-a_100g': 2.0832e-05, 'vitamin-b12_100g': 6.3984e-06, 'vitamin-b1_100g': 2.8272e-05, 'vitamin-b2_100g': 0.00017112, 'vitamin-b6_100g': 0.00034968, 'vitamin-b9_100g': 2.36592e-06, 'vitamin-c_100g': 0.00186, 'vitamin-d_100g': 1.043264e-05, 'vitamin-e_100g': 0.00306272, 'vitamin-pp_100g': 0.00562464, 'water_100g': 47.632256, 'zinc_100g': 0.001130464}",,,
Solis,"plant-based-foods-and-beverages,plant-based-foods,fruits-and-vegetables-based-foods,vegetable-based-foods-and-beverages,condiments,vegetables-based-foods,tomatoes-and-their-products,sauces,tomato-sauces,salsas-de-tomate-frito,Salsas de tomate frito",Morocco,68.0,0.4,on,100g,c,sauce tomate cuisinée,1.6,2.0,100g,1.0,0.0,4.4,"{'alcohol_100g': 0, 'beta-carotene_100g': 0.000425311977272727, 'calcium_100g': 0.0224262036363637, 'copper_100g': 5.34428977272729e-05, 'fructose_100g': 2.28725, 'galactose_100g': 0.0037227272727273, 'glucose_100g': 2.14212909090909, 'iodine_100g': 6.62285454545455e-06, 'iron_100g': 0.000705238838636366, 'lactose_100g': 0.0576931818181818, 'magnesium_100g': 0.0223800363636364, 'maltose_100g': 0.0576931818181818, 'manganese_100g': 0.000161408390909092, 'pantothenic-acid_100g': 0.000173932272727273, 'phosphorus_100g': 0.0433482045454546, 'phylloquinone_100g': 6.92460227272727e-06, 'polyols_100g': 0.00834090909090909, 'potassium_100g': 0.373119772727273, 'selenium_100g': 3.63543636363636e-06, 'starch_100g': 1.008075, 'sucrose_100g': 1.16508181818182, 'vitamin-a_100g': 0, 'vitamin-b12_100g': 0, 'vitamin-b1_100g': 4.05630454545455e-05, 'vitamin-b2_100g': 3.66892727272727e-05, 'vitamin-b6_100g': 7.07186363636364e-05, 'vitamin-b9_100g': 2.59620681818182e-05, 'vitamin-c_100g': 0.00957701136363637, 'vitamin-d_100g': 7.71136363636363e-09, 'vitamin-e_100g': 0.00496892704545454, 'vitamin-pp_100g': 0.000860274772727273, 'water_100g': 79.8356225, 'zinc_100g': 9.5503181818182e-05}",,,
La Fournée Dorée,"Snacks,Sweet snacks,Sweet pastries and pies,Viennoiseries,Brioches","France,Germany,Switzerland",341.0,12.0,on,100g,d,La gâche tranchée,8.1,,100g,1.12,7.4,13.0,"{'alcohol_100g': 0.18256, 'beta-carotene_100g': 2.0771e-05, 'calcium_100g': 0.02698273, 'cholesterol_100g': 0.05636192, 'copper_100g': 0.0001601886, 'fiber_100g': 3.8297, 'fructose_100g': 0.06562, 'galactose_100g': 0.0065, 'glucose_100g': 0.08346, 'iodine_100g': 1.793316e-05, 'iron_100g': 0.001362448, 'lactose_100g': 0.21562, 'magnesium_100g': 0.04132149, 'maltose_100g': 0.57794, 'manganese_100g': 0.0011581891, 'pantothenic-acid_100g': 0.000451268, 'phosphorus_100g': 0.1474988, 'phylloquinone_100g': 9.5058e-07, 'polyols_100g': 0, 'potassium_100g': 0.18374539, 'selenium_100g': 6.8309e-06, 'starch_100g': 30.87918, 'sucrose_100g': 17.27091, 'vitamin-a_100g': 8.85076e-05, 'vitamin-b12_100g': 1.42208e-07, 'vitamin-b1_100g': 0.00027096, 'vitamin-b2_100g': 6.193e-05, 'vitamin-b6_100g': 8.0456e-05, 'vitamin-b9_100g': 2.48594e-05, 'vitamin-c_100g': 0.0001418, 'vitamin-d_100g': 3.36556e-07, 'vitamin-e_100g': 0.0007528976, 'vitamin-pp_100g': 0.00024984, 'water_100g': 22.0928112, 'zinc_100g': 0.0011838842}",,,
"Nestlé,Chocapic","Aliments et boissons à base de végétaux,Aliments d'origine végétale,Petit-déjeuners,Céréales et pommes de terre,Céréales et dérivés,Céréales pour petit-déjeuner,Céréales au chocolat,Céréales pour petit déjeuner enrichies en vitamines et minéraux,Céréales extrudées,Céréales pour petit déjeuner riches en fibres,Pétales de blé chocolatés","Belgium, France, Luxembourg, Réunion, en:switzerland",390.0,5.6,on,100g,b,NESTLE CHOCAPIC BIO Céréales - Boite de 375g,9.1,8.2,100g,0.2,1.6,19.9,,,,
COSUMAR,"en:Sweeteners, en:Sugars","Morocco, United States, en:france",400.0,0.0,on,100g,e,Cosumar Sucre En Lingot Pour Le Thé 1 kg,0.0,0.0,100g,0.0,0.0,100.0,,,,
,"Aliments et boissons à base de végétaux, Produits laitiers, Aliments d'origine végétale, Matières grasses, Produits à tartiner, Pâtes à tartiner végétales, Matières grasses à tartiner, Matières grasses végétales, Matières grasses animales, Matière grasse laitière, en:dairy-spread, Margarines, Beurres",Morocco,532.0,60.0,on,100g,c,Familia 200g,0.2,5.0,100g,0.0,21.0,0.0,,,,
Harrys,"Plant-based foods and beverages,Plant-based foods,Cereals and potatoes,Cereals and their products,Breads,Sliced breads,Sliced breads without crust,Wholemeal breads,Wholemeal sliced breads","Belgium, France, Luxembourg, Martinique, Réunion, Switzerland, en:french-polynesia",250.0,4.3,on,100g,b,100% mie complet 500g,7.5,6.5,100g,1.1,0.4,5.5,"{'alcohol_100g': 0.000644444444444446, 'beta-carotene_100g': 3.00201388888889e-06, 'calcium_100g': 0.0187263611111111, 'cholesterol_100g': 2.81944444444445e-07, 'fructose_100g': 0.0603866666666667, 'galactose_100g': 0, 'glucose_100g': 0.0606283333333333, 'iodine_100g': 1.62532777777778e-05, 'lactose_100g': 0.0602416666666667, 'maltose_100g': 0.626142777777778, 'pantothenic-acid_100g': 0.000292140555555556, 'phylloquinone_100g': 3.96376666666667e-06, 'polyols_100g': 0, 'potassium_100g': 0.170546661111111, 'sucrose_100g': 2.72127111111111, 'vitamin-b12_100g': 2.73888888888889e-10, 'vitamin-b1_100g': 0.000165344444444444, 'vitamin-b2_100g': 4.25944444444445e-06, 'vitamin-b6_100g': 6.70826666666667e-05, 'vitamin-b9_100g': 1.59814722222222e-05, 'vitamin-d_100g': 7.81047222222222e-08, 'vitamin-pp_100g': 4.49027777777778e-05, 'water_100g': 37.7669151666667}",,,
Herta,"Viandes et dérivés,Porc et dérivés,Charcuteries,Jambons,Charcuteries de porc,Jambons blancs",France,102.0,2.0,on,100g,c,Jambon à l'étouffée sans nitrite,21.0,0.0,100g,1.7,0.0,0.0,"{'alcohol_100g': 0.00085, 'beta-carotene_100g': 0, 'calcium_100g': 0.010108925, 'cholesterol_100g': 0.077337, 'copper_100g': 6.8091375e-05, 'fructose_100g': 0.0002125, 'galactose_100g': 0, 'glucose_100g': 0.0002125, 'iodine_100g': 1.3547345, 'iron_100g': 0.00086541, 'lactose_100g': 0.0002125, 'magnesium_100g': 0.0283234125, 'maltose_100g': 0.0002125, 'manganese_100g': 1.4037e-05, 'pantothenic-acid_100g': 0.000664305, 'phosphorus_100g': 0.22221075, 'phylloquinone_100g': 1.28895e-07, 'polyols_100g': 0, 'potassium_100g': 0.375091725, 'selenium_100g': 1.566825e-05, 'starch_100g': 0, 'sucrose_100g': 0.0002125, 'vitamin-a_100g': 4.531155e-06, 'vitamin-b12_100g': 5.84985e-07, 'vitamin-b1_100g': 0.000803115, 'vitamin-b2_100g': 0.00015864, 'vitamin-b6_100g': 0.00035694425, 'vitamin-b9_100g': 7.089225e-06, 'vitamin-c_100g': 0.00026983, 'vitamin-d_100g': 5.05665e-07, 'vitamin-e_100g': 0.00011898, 'vitamin-pp_100g': 0.006633135, 'water_100g': 59.19088975, 'zinc_100g': 0.00236020775}",,,
jibal,"Chees, en:cheeses","Morocco, en:france",138.0,11.5,on,100g,d,,2.5,,100g,0.8,7.7,3.5,,,,
Delicia,"Aliments et boissons à base de végétaux,Aliments d'origine végétale,Petit-déjeuners,Produits à tartiner,Pâtes à tartiner végétales,Produits à tartiner sucrés,Confitures et marmelades,Confitures,Confitures d'abricot","Morocco, United States, en:france",272.0,0.0,on,100g,d,Confiture d'abricot,0.41,,100g,0.0,0.0,50.0,,,,
"Nestlé, Ricore","Beverages and beverages preparations, Plant-based foods and beverages, Beverages, Plant-based foods, Plant-based beverages, Beverage preparations, Coffees, Instant beverages, Instant coffee substitutes, Instant coffees, Instant mix of chicory and coffee powder, fr:Aliments, en:unsweetened-beverages","Belgium,France,Morocco,Spain,Switzerland",,,,100ml,b,"Chicorée & Café, RICORÉ® L'Original, Boîte de 100g",,,100g,,,,,,on,
"nutella,Ferrero","Botanas,Desayunos,Untables,Untables dulces,fr:Pâtes à tartiner,Cremas a base de avellanas,Cremas de chocolate,Cremas de cacao y avellanas","Austria, Belgium, Bulgaria, Croatia, France, Germany, Greece, Hungary, Ireland, Israel, Lebanon, Montenegro, Morocco, Pakistan, Réunion, Romania, Saudi Arabia, Senegal, Serbia, Slovenia, Spain, Switzerland, Tunisia, Turkey, United Arab Emirates, United Kingdom, en:martinique",533.33,30.67,on,100g,e,Nutella,6.0,0.0,100g,1.07,10.67,56.0,,,,
nutella,"Snack,Snack dolci,Biscotti e torte,en:Biscuits and crackers,Biscotti,en:Biscuits/Cookies (Shelf Stable),fr:Biscoitos recheados","Algeria,Francia,Germania,Grecia,Italia,Marocco,Portogallo,Romania,Spagna,Svizzera,Stati Uniti d'America",515.0,24.8,on,100g,e,Biscuits croquants au coeur onctueux de Nutella®,7.9,,100g,0.559,11.5,35.8,,,,
Alesto,"Pflanzliche Lebensmittel und Getränke,Pflanzliche Lebensmittel,Nüsse und Nussprodukte,Nüsse,Nusskerne,Walnüsse,Walnusskerne","Österreich,Belgien,Bulgarien,Kroatien,Dänemark,Frankreich,Deutschland,Italien,Niederlande,Polen,Portugal,Rumänien,Serbien,Spanien",214.0,69.0,on,100g,a,Walnusskerne naturbelassen,15.6666666666667,6.66666666666667,,0.03,9.66666666666667,3.0,"{'alcohol_100g': 0, 'beta-carotene_100g': 2.07e-05, 'calcium_100g': 0.075, 'cholesterol_100g': 0, 'copper_100g': 0.0011, 'fructose_100g': 0.1, 'galactose_100g': 0, 'glucose_100g': 0.2, 'iodine_100g': 1e-05, 'iron_100g': 0.0022, 'lactose_100g': 0.1, 'magnesium_100g': 0.14, 'maltose_100g': 0.1, 'manganese_100g': 0.0029, 'pantothenic-acid_100g': 0.00067, 'phosphorus_100g': 0.36, 'phylloquinone_100g': 2.4e-06, 'polyols_100g': 0, 'potassium_100g': 0.43, 'selenium_100g': 1e-05, 'sucrose_100g': 2.8, 'vitamin-a_100g': 0, 'vitamin-b12_100g': 4e-08, 'vitamin-b1_100g': 0.0003, 'vitamin-b2_100g': 5e-05, 'vitamin-b6_100g': 0.00019, 'vitamin-b9_100g': 0.00012, 'vitamin-c_100g': 0.00077, 'vitamin-d_100g': 1.3e-07, 'vitamin-e_100g': 0.00167, 'vitamin-pp_100g': 0.0004, 'water_100g': 4, 'zinc_100g': 0.0027}",,,
"Alesto, Alesto Selection","Pflanzliche Lebensmittel und Getränke,Pflanzliche Lebensmittel,Nüsse und Nussprodukte,Nüsse,Nussmischung","Belgium,Bulgaria,Croatia,Czech Republic,France,Germany,Hungary,Italy,Poland,Romania,Serbia,Spain,Sweden,Switzerland,United Kingdom",647.0,58.0,on,100g,c,Nussmix,20.3,8.67,,0.03,6.33,4.33,"{'alcohol_100g': 0, 'beta-carotene_100g': 1.015e-05, 'calcium_100g': 0.11725, 'chloride_100g': 0.005975, 'cholesterol_100g': 0, 'copper_100g': 0.0016325, 'fructose_100g': 0.075, 'galactose_100g': 0.05, 'glucose_100g': 0.1575, 'iodine_100g': 5.625e-06, 'iron_100g': 0.003545, 'lactose_100g': 0.075, 'magnesium_100g': 0.212, 'maltose_100g': 0.11, 'manganese_100g': 0.00246, 'pantothenic-acid_100g': 0.000655, 'phosphorus_100g': 0.42775, 'phylloquinone_100g': 7e-07, 'polyols_100g': 0, 'potassium_100g': 0.65725, 'selenium_100g': 7.5e-06, 'starch_100g': 3.29, 'sucrose_100g': 4.6225, 'vitamin-a_100g': 0, 'vitamin-b12_100g': 1e-08, 'vitamin-b1_100g': 0.00021, 'vitamin-b2_100g': 0.000212, 'vitamin-b6_100g': 0.0001725, 'vitamin-b9_100g': 5.855e-05, 'vitamin-c_100g': 0.00038, 'vitamin-d_100g': 6.5e-08, 'vitamin-e_100g': 0.0105875, 'vitamin-pp_100g': 0.0011525, 'water_100g': 4.2775, 'zinc_100g': 0.0033925}",,,
Oulmès,"Boissons,Boissons gazeuses,Eaux,Eaux de sources,Eaux minérales,Eaux gazeuses,Eaux minérales gazeuses","Morocco, en:united-states",0.0,0.0,on,100g,a,Oulmes Eau Gazeuse,0.0,0.0,100g,0.078375,0.0,0.0,,,,
Coca-Cola,"Boissons et préparations de boissons,Boissons,Boissons gazeuses,Sodas,Sodas au cola,Cola sucré,Boissons avec sucre ajouté","Albania, Algeria, Austria, Belgium, Croatia, Czech Republic, Democratic Republic of the Congo, France, Georgia, Germany, Greece, Italy, Kazakhstan, Madagascar, Morocco, Poland, Réunion, Slovenia, South Africa, Sweden, Switzerland, Tunisia, Ukraine, United Kingdom, United States, en:cote-d-ivoire",45.0,0.0,on,100g,e,Coca Cola Original taste,0.0,0.0,100ml,0.0,0.0,11.2,,,,
milky foof,"Dairies, Fermented foods, Fermented milk products, Desserts, Dairy desserts, Fermented dairy desserts, Fromages blancs - petit suisses and skyr, fr:Fromages blancs, en:cheeses","Morocco, en:united-states",228.0,21.0,on,100g,b,fromage herbes milky food,4.8,0.0,100g,0.0,0.0,0.0,,,,
Weetabix,"Aliments et boissons à base de végétaux,Aliments d'origine végétale,Petit-déjeuners,Céréales et pommes de terre,Céréales et dérivés,Céréales pour petit-déjeuner,Céréales pour petit déjeuner riches en fibres,Weetabix","Belgium, France, Germany, Hong Kong, Japan, Luxembourg, Morocco, Netherlands, Spain, Switzerland, Taiwan, United Kingdom, United States, en:reunion",367.567567567568,2.13,on,100g,a,Weetabix,12.0,10.1,,0.26,0.533,4.27,"{'alcohol_100g': 0, 'beta-carotene_100g': 0, 'calcium_100g': 5.829, 'cholesterol_100g': 0, 'fructose_100g': 0, 'galactose_100g': 0, 'glucose_100g': 0, 'iodine_100g': 2.42133333333333e-06, 'lactose_100g': 0, 'maltose_100g': 0, 'pantothenic-acid_100g': 0, 'phylloquinone_100g': 0, 'polyols_100g': 0, 'potassium_100g': 0.00017197, 'sucrose_100g': 1.10888888888889, 'vitamin-b12_100g': 0, 'vitamin-b9_100g': 0, 'vitamin-d_100g': 0, 'water_100g': 0.00192398888888889}",,,
"La Boulangère Bio, La boulangere","Aliments et boissons à base de végétaux,Aliments d'origine végétale,Petit-déjeuners,Céréales et pommes de terre,Pains,Viennoiseries,Pains au lait",France,345.0,11.0,on,100g,d,8 Pains au lait frais Bio 280g,9.3,2.4,100g,0.9,1.2,8.7,,,,
Gerblé,"Snacks,Sweet snacks,Biscuits and cakes,Biscuits and crackers,Biscuits,Dry biscuits","France,Réunion,Switzerland",1896.0,16.0,on,100g,c,Biscuits pavot citron,8.9,5.0,,0.36,1.4,16.0,"{'alcohol_100g': 0, 'beta-carotene_100g': 8.206275e-06, 'cholesterol_100g': 0, 'copper_100g': 0.0002903219, 'fructose_100g': 1.19535, 'galactose_100g': 0, 'glucose_100g': 0.0831, 'iodine_100g': 6.98635e-06, 'iron_100g': 0.0022751695, 'lactose_100g': 0.063775, 'maltose_100g': 0.624835, 'manganese_100g': 0.002577892525, 'pantothenic-acid_100g': 0.000369905, 'phosphorus_100g': 0.228066175, 'phylloquinone_100g': 1.033977e-05, 'polyols_100g': 0.6058125, 'potassium_100g': 0.25508172, 'selenium_100g': 7.858475e-06, 'starch_100g': 38.428, 'sucrose_100g': 11.751415, 'vitamin-a_100g': 0, 'vitamin-b12_100g': 0, 'vitamin-b1_100g': 0.00026707825, 'vitamin-b2_100g': 2.003675e-05, 'vitamin-b9_100g': 2.70959e-05, 'vitamin-c_100g': 0.0003325, 'vitamin-pp_100g': 0.0001710525, 'water_100g': 8.403055, 'zinc_100g': 0.002351672}",,,
Bimo,"en:snacks,en:sweet-snacks,en:biscuits-and-cakes,en:cakes,en:soft-cake-filled-with-chocolate",en:Morocco,411.111111111111,19.7222222222222,on,100g,e,Merendina,4.16666666666667,1.66666666666667,,0.527777777777778,11.9444444444444,38.8888888888889,"{'alcohol_100g': 0.00372924804687567, 'beta-carotene_100g': 4.71540178571429e-08, 'calcium_100g': 0.0392175463867188, 'cholesterol_100g': 0.000377232142857143, 'copper_100g': 7.39738246372769e-06, 'fructose_100g': 0.00042075892857143, 'galactose_100g': 5.80357142857143e-05, 'glucose_100g': 0.00042075892857143, 'iodine_100g': 1.5192940848215e-06, 'iron_100g': 7.80308140345983e-05, 'lactose_100g': 1.5412109375, 'magnesium_100g': 0.00478938075474331, 'maltose_100g': 0.00383035714285715, 'manganese_100g': 1.53981863839286e-05, 'pantothenic-acid_100g': 0.000103303571428571, 'phosphorus_100g': 0.0289351109095982, 'phylloquinone_100g': 9.32924107142857e-07, 'polyols_100g': 0, 'potassium_100g': 0.059863711983817, 'selenium_100g': 5.12851736886161e-06, 'starch_100g': 0.372879464285718, 'sucrose_100g': 76.6342321428571, 'vitamin-a_100g': 2.82924107142857e-07, 'vitamin-b12_100g': 1.16651785714286e-07, 'vitamin-b1_100g': 1.34207589285714e-05, 'vitamin-b2_100g': 5.81487165178572e-05, 'vitamin-b6_100g': 1.25977172851563e-05, 'vitamin-b9_100g': 1.12516741071429e-06, 'vitamin-c_100g': 0.000177915736607143, 'vitamin-d_100g': 9.93861607142859e-10, 'vitamin-e_100g': 0.00197976506696429, 'vitamin-pp_100g': 2.66420200892857e-05, 'water_100g': 0.256209559849332, 'zinc_100g': 0.000152493268694197}",,,
Lindt & Sprüngli,"Koek, snoep, chocolade, Chocolade, Repen en tabletten, Pure chocolade repen",Belgium,610.0,48.0,on,100g,e,Excellence Noir Subtil Doux 70% Cacao,6.9,,,0.01,29.0,29.0,,,,
Fleury Michon,"Aliments d'origine végétale,Substituts de viande à partir de protéines de pois",France,138.0,6.0,on,100g,c,Les Tranches Végé Pois chiches,8.1,3.8,,1.8,0.5,0.5,"{'alcohol_100g': 0, 'beta-carotene_100g': 2.767, 'calcium_100g': 0.013173395, 'cholesterol_100g': 0, 'copper_100g': 5.697985e-05, 'fructose_100g': 0.0099940625, 'galactose_100g': 0.0069865625, 'glucose_100g': 0.0364625, 'iodine_100g': 1.37620375, 'iron_100g': 0.00028437525, 'lactose_100g': 0.0098, 'magnesium_100g': 0.007361995, 'maltose_100g': 0.0098, 'manganese_100g': 0.00017496775, 'pantothenic-acid_100g': 7.9935625e-05, 'phosphorus_100g': 0.0208614375, 'phylloquinone_100g': 7.7753e-06, 'polyols_100g': 0.049, 'potassium_100g': 0.044519255, 'selenium_100g': 6.0578125e-06, 'starch_100g': 6.94134375, 'sucrose_100g': 0.093116875, 'vitamin-a_100g': 0, 'vitamin-b12_100g': 8.82e-09, 'vitamin-b1_100g': 6.37325e-06, 'vitamin-b2_100g': 4.649621875e-05, 'vitamin-b6_100g': 5.76470625e-05, 'vitamin-b9_100g': 7.76539375e-06, 'vitamin-c_100g': 1.98109375e-05, 'vitamin-d_100g': 1.096875, 'vitamin-e_100g': 0.0027730684375, 'vitamin-pp_100g': 3.8562125e-05, 'water_100g': 73.224216, 'zinc_100g': 0.0002098173125}",,,
"Nestlé,Nestlé Waters,San Pellegrino","Bevande e preparati per bevande,Bevande,Bevande effervescente,Acque,Acque di sorgente,Acque minerali,Acque frizzanti,Acque minerali naturali,Acqua minerale frizzante,Acque minerali naturali carbonate,en:Boissons-sans-sucre-ajoute","Belgio,Francia,Italia,Lussemburgo,Paesi Bassi,Svizzera",0.0,0.0,on,100g,a,S. Pellegrino Water,0.0,,100ml,0.0,0.0,0.0,"{'alcohol_100g': 0.0, 'beta-carotene_100g': 0.0, 'cholesterol_100g': 0.0, 'copper_100g': 1.7e-05, 'fiber_100g': 0.0, 'fructose_100g': 0.0, 'galactose_100g': 0.0, 'glucose_100g': 0.0, 'iodine_100g': 0.0, 'iron_100g': 3e-05, 'lactose_100g': 0.0, 'maltose_100g': 0.0, 'manganese_100g': 8.2e-07, 'pantothenic-acid_100g': 0.0, 'phosphorus_100g': 0.0, 'phylloquinone_100g': 0.0, 'polyols_100g': 0.0, 'selenium_100g': 5e-07, 'starch_100g': 0.0, 'sucrose_100g': 0.0, 'vitamin-a_100g': 0.0, 'vitamin-b12_100g': 0.0, 'vitamin-b1_100g': 0.0, 'vitamin-b2_100g': 0.0, 'vitamin-b6_100g': 0.0, 'vitamin-b9_100g': 0.0, 'vitamin-c_100g': 0.0, 'vitamin-d_100g': 0.0, 'vitamin-e_100g': 0.0, 'vitamin-pp_100g': 0.0, 'water_100g': 100.0, 'zinc_100g': 1.1e-05}",,,
Le Berger,"Dairies, Creams, en:cream-cheeses",en:Morocco,225.0,20.0,on,100g,unknown,Cream Cheese,6.0,,100g,,,,,,,
Jaouda,"Boissons,Produits laitiers,Produits fermentés,Produits laitiers fermentés,Boissons lactées,Laits,Boissons fermentées,Boissons lactées fermentées,Lait fermenté à boire nature maigre",Maroc,45.0,1.3,on,100g,b,LBEN CARTON PASTEURISER,3.2,0.0,100g,0.0,0.9,0.0,,,,
El Baraka,"Aliments et boissons à base de végétaux,Aliments d'origine végétale,Petit-déjeuners,Produits à tartiner,Pâtes à tartiner végétales,Produits à tartiner sucrés,Confitures et marmelades,Confitures,Confitures de fruits rouges,Confitures de fraises",Maroc,256.0,0.5,on,100g,d,Confiture De Fraises 430 G,0.5,0.5,100g,0.02,0.1,62.0,,,,
Star,"Condiments,Vinaigres,Vinaigres blancs",Maroc,1.0,0.0,on,100g,not-applicable,Star vinaigre de table BLANC,0.0,,100ml,0.0,0.0,0.15,,,,
Maple Joe,"Sweeteners,Syrups,Simple syrups,Maple syrups,Amber maple syrups","Belgium,Croatia,Finland,France,Italy,Morocco,Switzerland,Poland",268.0,0.0,on,100g,d,Sirop d'érable,0.0,,100g,0.02,0.0,66.0,,,,
LU,"Aliments et boissons à base de végétaux,Aliments d'origine végétale,Snacks,Céréales et pommes de terre,Tartines craquantes extrudées","Belgium, France, Luxembourg, Netherlands, Réunion, Switzerland, en:morocco",375.0,2.8,on,100g,c,Cracotte Céréales Complètes,11.0,5.4,,1.6,1.0,7.9,,,,
Gerblé,"Snacks,Sweet snacks,Biscuits and cakes,Biscuits and crackers,Biscuits","Belgium,France,Morocco,Réunion,Switzerland",77.0,3.2,on,100g,a,Biscuits Soja Figue,2.0,1.2,,0.003,0.3,1.2,,,,
Aquafina,"Boissons,Eaux,Eaux de table",Maroc,1.0,0.1,on,100g,b,Aquafina 50cl,0.1,0.0,100ml,0.1,0.1,0.1,,,,
Wasa,"Aliments et boissons à base de végétaux,Aliments d'origine végétale,Snacks,Céréales et pommes de terre,Snacks salés,Amuse-gueules,Céréales et dérivés,Chips et frites,Chips,Pains,Pains croustillants,Pains croustillants complets,Tartines craquantes grillées","France,Guadeloupe,Italy,Switzerland",338.0,1.5,on,100g,a,wasa,9.0,20.0,100g,1.0,0.3,2.0,"{'beta-carotene_100g': 0, 'calcium_100g': 0.0368815, 'cholesterol_100g': 0, 'copper_100g': 0.00055795, 'fructose_100g': 0.22885, 'galactose_100g': 0, 'glucose_100g': 0.2189, 'iodine_100g': 9.3e-06, 'lactose_100g': 0, 'maltose_100g': 0.06965, 'manganese_100g': 0.0060303, 'pantothenic-acid_100g': 0, 'phosphorus_100g': 0.496545, 'phylloquinone_100g': 0, 'polyols_100g': 0, 'potassium_100g': 0.7134995, 'selenium_100g': 2.5e-09, 'starch_100g': 0, 'sucrose_100g': 1.78105, 'vitamin-a_100g': 0, 'vitamin-b12_100g': 0, 'vitamin-b1_100g': 0, 'vitamin-b2_100g': 0, 'vitamin-b6_100g': 0.0004378, 'vitamin-b9_100g': 0, 'vitamin-c_100g': 0, 'vitamin-d_100g': 0, 'vitamin-e_100g': 0.00271635, 'vitamin-pp_100g': 0, 'water_100g': 10.746135}",,,
Maître Jean Pierre,"Aliments et boissons à base de végétaux,Aliments d'origine végétale,Céréales et pommes de terre,Pains,Pains de mie,Pains complets,Pains de mie complet",France,258.666666666667,4.5,on,100g,b,pain de mie grandes tranches spécial sandwich complet,8.3,6.3,,1.0,0.5,5.0,"{'alcohol_100g': 0.073671875, 'beta-carotene_100g': 3.49375e-06, 'calcium_100g': 0.02195305, 'cholesterol_100g': 3.9375e-06, 'copper_100g': 0.00020331025, 'fructose_100g': 0.0704375, 'galactose_100g': 0, 'glucose_100g': 0.0726875, 'iodine_100g': 1.63505e-05, 'iron_100g': 0.0015818175, 'lactose_100g': 0.0704375, 'magnesium_100g': 0.05256935, 'maltose_100g': 0.7456, 'manganese_100g': 0.0015358434, 'pantothenic-acid_100g': 0.000390525, 'phosphorus_100g': 0.1649025, 'phylloquinone_100g': 3.49025e-06, 'polyols_100g': 0, 'potassium_100g': 0.2137673, 'selenium_100g': 7.49375e-06, 'starch_100g': 41.1439375, 'sucrose_100g': 2.634775, 'vitamin-a_100g': 1.18125e-07, 'vitamin-b12_100g': 3.825e-09, 'vitamin-b1_100g': 0.0003107125, 'vitamin-b2_100g': 1.5143125e-05, 'vitamin-b6_100g': 8.614375e-05, 'vitamin-b9_100g': 2.56545625e-05, 'vitamin-c_100g': 0.00017609375, 'vitamin-d_100g': 9.156875e-08, 'vitamin-e_100g': 0.00179517125, 'vitamin-pp_100g': 0.00024278125, 'water_100g': 30.65496, 'zinc_100g': 0.0014159175}",,,
Henry's,"Snacks,Snacks sucrés,Biscuits et gâteaux,Biscuits,Biscuits sablés,Sablés à la noix de coco","Morocco, en:france",442.857142857143,12.3809523809524,on,100g,e,Sable coco Henry s 42g,7.61904761904762,2.38095238095238,100g,0.898809523809524,7.14285714285714,23.8095238095238,,,,
"Danone,La Salvetat","Boissons et préparations de boissons,Boissons,Boissons gazeuses,Eaux,Eaux de sources,Eaux minérales,Eaux gazeuses,Eaux minérales naturelles,Eaux minérales gazeuses,Eau minérale naturelle gazéifiée",France,0.0,0.0,on,100g,a,La salvetat,0.0,0.0,100ml,0.00125,0.0,0.0,,,,
Gerblé,"Snacks,Sweet snacks,Biscuits and cakes,Biscuits and crackers,Biscuits,Chocolate biscuits","Belgium,France,Guadeloupe,Martinique,Morocco,Réunion,Senegal,Switzerland",460.869565217391,17.0,on,100g,d,Biscuit lait chocolat,8.5,5.0,,0.74,2.8,21.0,"{'alcohol_100g': 0, 'beta-carotene_100g': 9.8042, 'calcium_100g': 0.02484406, 'chloride_100g': 0, 'cholesterol_100g': 0.0001855, 'copper_100g': 0.0002837494, 'fructose_100g': 0.07273, 'galactose_100g': 0.00065, 'glucose_100g': 0.068635, 'iodine_100g': 7.0255e-06, 'iron_100g': 0.00203689, 'lactose_100g': 0.11338, 'maltose_100g': 0.58745, 'manganese_100g': 0.00222244985, 'pantothenic-acid_100g': 0.000356498, 'phosphorus_100g': 0.1952955, 'phylloquinone_100g': 1.018655e-05, 'polyols_100g': 0, 'potassium_100g': 0.25297067, 'selenium_100g': 8.2673e-06, 'starch_100g': 35.622, 'sucrose_100g': 17.70724, 'vitamin-a_100g': 8.95e-07, 'vitamin-b12_100g': 3.12, 'vitamin-b1_100g': 0.00023275, 'vitamin-b2_100g': 2.2884e-05, 'vitamin-b6_100g': 0.000124775, 'vitamin-b9_100g': 2.49151e-05, 'vitamin-c_100g': 0.00017635, 'vitamin-d_100g': 8.762e-08, 'vitamin-pp_100g': 0.000324495, 'water_100g': 8.71589, 'zinc_100g': 0.001984462}",,,
Jardin Bio,"Aliments et boissons à base de végétaux,Aliments d'origine végétale,Snacks,Céréales et pommes de terre,Céréales et dérivés,Tartines craquantes extrudées","France, en:reunion",378.0,1.6,on,100g,b,Tartines craquantes quinoa - pois chiche sans gluten,9.6,4.7,100g,0.5,0.5,0.6,,,,
Danone,"produits-laitiers, produits-fermentés, desserts, produits-laitiers-fermentés, desserts-lactés, desserts-lactés-fermentés, yaourts, en:produits-fermentés, fr:produits-laitiers, en:produits-laitiers-fermentés, fr:yaourts",Morocco,95.0,2.7,on,100g,c,DANONE ASSIL BANANE,3.4,0.0,100g,0.1,1.8,14.3,,,,
Maribel,"Alimentos y bebidas de origen vegetal,Alimentos de origen vegetal,Leguminosas y derivados,Untables,Frutos de cáscara y derivados,Untables vegetales,Purés de oleaginosas,Mantecas de leguminosas,Mantecas de frutos de cáscara,Mantecas de cacahuete","Croatia, France, Germany, Morocco, Spain, en:bulgaria",686.666666666667,55.1,on,100g,a,Beurre de cacahuètes,30.4,9.2,,0.03,12.0,3.9,"{'alcohol_100g': 0, 'beta-carotene_100g': 8.46e-06, 'calcium_100g': 0.075, 'cholesterol_100g': 0.00177, 'copper_100g': 0.0011, 'fructose_100g': 0, 'galactose_100g': 0, 'glucose_100g': 0.05, 'iodine_100g': 2.5e-06, 'iron_100g': 0.0034, 'lactose_100g': 0, 'magnesium_100g': 0.16, 'maltose_100g': 0.05, 'manganese_100g': 0.00195, 'pantothenic-acid_100g': 0.00069, 'phosphorus_100g': 0.437, 'phylloquinone_100g': 1.22e-06, 'polyols_100g': 0, 'potassium_100g': 0.635, 'selenium_100g': 1e-05, 'sucrose_100g': 3.7, 'vitamin-a_100g': 0, 'vitamin-b12_100g': 0, 'vitamin-b1_100g': 0.00034, 'vitamin-b2_100g': 0.00015, 'vitamin-b6_100g': 0.00022, 'vitamin-b9_100g': 6.59e-05, 'vitamin-c_100g': 0.0006, 'vitamin-d_100g': 0, 'vitamin-e_100g': 0.00168, 'vitamin-pp_100g': 0.00223, 'water_100g': 2, 'zinc_100g': 0.00295}",,,
Jordans,"Aliments et boissons à base de végétaux,Aliments d'origine végétale,Petit-déjeuners,Céréales et pommes de terre,Céréales et dérivés,Céréales pour petit-déjeuner,Céréales pour petit déjeuner riches en fibres,Céréales aux fruits à coques,Pépites de céréales croustillantes,Pépites de céréales aux fruits à coques","Belgique,France,Polynésie française,Guadeloupe,Italie,Suisse",465.0,20.0,on,100g,c,Country Crisp 4 noix,11.0,6.1,100g,0.03,2.6,18.0,,,,
Nature Valley,"Plant-based foods and beverages,Plant-based foods,Snacks,Sweet snacks,Biscuits and cakes,Biscuits and crackers,Nuts and their products,Specific products,Biscuits,Products for specific diets,Bars,Products without gluten,Dietary supplements,Bodybuilding supplements,Nut bars,Gluten-free biscuits,Peanut bars,Protein bars","Belgium,France",489.0,28.3,on,100g,not-applicable,Protein Cacahuetes🥜 & Chocolat🍫,25.6,11.0,,0.94,7.4,17.2,,,,
"Hawai,Coca cola","Boissons,Boissons gazeuses,Sodas","Morocco, United States, en:france",41.0,0.0,on,100g,e,Hawai Tropical,0.0,4.0,100ml,0.026,0.0,9.5,,,,
Maruja,"Snacks, Sweet snacks, Cocoa and its products, Confectioneries, Chocolate candies, Chocolates, Compound chocolates, Food, en:chocolates-with-almonds","Algeria, Cameroon, France, Morocco, Spain, en:united-states",533.333333333333,32.0,on,100g,d,Chocolate con leche y almendras,5.33333333333333,0.0,100g,0.28,26.6666666666667,0.0,,,,
Bjorg,"Biscuits et gâteaux,Biscuits","Belgium,France,French Polynesia,Luxembourg,Morocco,Switzerland",416.0,10.0,on,100g,c,P'tit Nature Complet,7.6,7.6,100g,0.45,0.8,20.0,"{'alcohol_100g': 0, 'beta-carotene_100g': 3.84e-06, 'calcium_100g': 0.0218232128571429, 'cholesterol_100g': 0, 'copper_100g': 0.000217608014285714, 'fructose_100g': 0.0768, 'galactose_100g': 0, 'glucose_100g': 0.0768, 'iodine_100g': 9.93968571428572e-06, 'lactose_100g': 0.0768, 'maltose_100g': 0.79872, 'manganese_100g': 0.00170391677142857, 'pantothenic-acid_100g': 0.00036864, 'phylloquinone_100g': 3.85182857142857e-06, 'polyols_100g': 0, 'potassium_100g': 0.217181275714286, 'selenium_100g': 8.66215357142858e-06, 'starch_100g': 47.7049714285714, 'sucrose_100g': 13.6607085714286, 'vitamin-a_100g': 0, 'vitamin-b12_100g': 0, 'vitamin-b1_100g': 0.00019968, 'vitamin-b2_100g': 6.55771428571429e-06, 'vitamin-b6_100g': 8.46042857142857e-05, 'vitamin-b9_100g': 1.97624571428571e-05, 'vitamin-c_100g': 0.000192, 'vitamin-d_100g': 9.984e-08, 'vitamin-e_100g': 0.00198380571428572, 'vitamin-pp_100g': 3.91457142857143e-05, 'water_100g': 9.78435178571428, 'zinc_100g': 0.001470302}",,,
St Môret,"Dairies, Fermented foods, Fermented milk products, Cheeses, en:cheese-spreads","France, en:switzerland",205.0,17.8,on,100g,d,St Môret,8.3,,100g,1.2,13.2,3.0,,,,
Gerblé,"Snacks,Sweet snacks,Biscuits and cakes,Biscuits and crackers,Biscuits,Chocolate biscuits","Belgium,France,French Polynesia,Switzerland",3833.33333333333,18.0,on,100g,b,Cookie cacao pépites Sans Sucre,8.0,8.9,,0.21,3.3,0.0,,,,
Harrys,"Plant-based foods and beverages,Plant-based foods,Snacks,Cereals and potatoes,Sweet snacks,Cereals and their products,Sweet pastries and pies,Breads,Viennoiseries,Brioches,fr:Brioches tressées,Packaged breads,Pure butter brioche,fr:Brioches natures",France,356.0,13.0,on,100g,c,Harrys brioche tressee nature au sucre perle sans additifs 500g,8.6,4.5,100g,0.8,1.0,13.0,"{'alcohol_100g': 0, 'beta-carotene_100g': 2.59e-06, 'calcium_100g': 0.02550344, 'cholesterol_100g': 0.048556, 'copper_100g': 0.0001565003, 'fructose_100g': 0.06095, 'galactose_100g': 0, 'glucose_100g': 0.08474, 'iodine_100g': 7.7765e-06, 'iron_100g': 0.001385137, 'lactose_100g': 0.0518, 'magnesium_100g': 0.0395855, 'maltose_100g': 0.54787, 'manganese_100g': 0.00114381912, 'pantothenic-acid_100g': 0.00044018, 'phosphorus_100g': 0.138848, 'phylloquinone_100g': 5.29, 'polyols_100g': 0, 'potassium_100g': 0.16311807, 'selenium_100g': 6.05288e-06, 'starch_100g': 30.7174, 'sucrose_100g': 11.77623, 'vitamin-a_100g': 2.2204e-05, 'vitamin-b12_100g': 1.769e-07, 'vitamin-b1_100g': 0.00014139, 'vitamin-b2_100g': 5.9675e-05, 'vitamin-b6_100g': 7.528e-05, 'vitamin-b9_100g': 1.74606e-05, 'vitamin-c_100g': 0.0001295, 'vitamin-d_100g': 2.967e-07, 'vitamin-e_100g': 0.00069448, 'vitamin-pp_100g': 3.3586e-05, 'water_100g': 39.85135, 'zinc_100g': 0.001112475}",,,
Lindt,"Lanches comida,Lanches doces,Cacau e derivados,Chocolates,Chocolates amargos,en:Dark chocolate bar with more than 70% cocoa,en:Extra fine dark chocolates","Andorra, Australia, Austria, Belgium, Bulgaria, Denmark, France, Germany, Hungary, Italy, Lithuania, Morocco, Netherlands, New Zealand, Poland, Portugal, Romania, Russia, Spain, Switzerland, United Kingdom, en:ireland",584.0,46.0,on,100g,e,Excellence 85% Cacao Rich Dark,12.5,0.0,,0.01,27.0,15.0,"{'alcohol_100g': 0, 'beta-carotene_100g': 5e-07, 'calcium_100g': 0.03215, 'cholesterol_100g': 0, 'fructose_100g': 0.0605, 'galactose_100g': 0, 'glucose_100g': 0.0665, 'iodine_100g': 2.015e-06, 'lactose_100g': 0.02, 'maltose_100g': 0.02, 'pantothenic-acid_100g': 0.0001705, 'phylloquinone_100g': 7.8e-07, 'polyols_100g': 0.14, 'potassium_100g': 0.79135, 'sucrose_100g': 4.87, 'vitamin-b12_100g': 0, 'vitamin-b1_100g': 1.52e-05, 'vitamin-b2_100g': 2.4e-05, 'vitamin-b6_100g': 3.05e-06, 'vitamin-b9_100g': 2.145e-05, 'vitamin-d_100g': 5.46e-07, 'vitamin-pp_100g': 0.0002355, 'water_100g': 0.7655}",,,
Lidl,"Snacks,Sweet snacks,Cocoa and its products,Chocolates,Dark chocolates,Extra fine dark chocolates,Cacao-et-derives","Belgium,Bulgaria,Czech Republic,Finland,Germany,Netherlands,Poland,Spain",571.0,42.0,on,100g,e,Čokoláda 74%,9.9,12.5,,0.02,26.0,26.0,,,,
"Nestlé, NESTLE DESSERT, Tablettes","Snacks, Desserts, Sweet snacks, Cocoa and its products, Chocolates, Dark chocolates, Dark chocolate bar, Dark chocolate bar for cooking with more than 40% cocoa, Confiseries, Confiseries chocolatées, Chocolats noirs pâtissiers en tablette","Belgium,France,Germany,Réunion,Switzerland",548.0,34.0,on,100g,e,Nestlé dessert Noir,6.0,7.3,100g,0.01,20.2,46.4,,,,
Harrys,"Plant-based foods and beverages,Plant-based foods,Cereals and potatoes,Cereals and their products,Breads,Sliced breads","Belgium, France, en:luxembourg",293.0,8.0,on,100g,a,Pain de mie american sandwich rustique sans sucres ajoutés 500g,11.0,8.7,100g,1.0,0.8,3.0,"{'alcohol_100g': 0.001, 'beta-carotene_100g': 4.05888888888889e-06, 'calcium_100g': 0.0362813542361111, 'cholesterol_100g': 6.31944444444445e-06, 'copper_100g': 0.000330335734722222, 'fructose_100g': 0.0784205555555556, 'galactose_100g': 0, 'glucose_100g': 0.111986666666667, 'iodine_100g': 1.48185555555556e-05, 'iron_100g': 0.00229700848611111, 'lactose_100g': 0.0525055555555556, 'magnesium_100g': 0.0873918077083333, 'maltose_100g': 0.555437222222222, 'manganese_100g': 0.00167057014513889, 'pantothenic-acid_100g': 0.000422670555555556, 'phosphorus_100g': 0.217291611111111, 'phylloquinone_100g': 3.35162222222222e-06, 'polyols_100g': 0.003875, 'potassium_100g': 0.279587052013889, 'selenium_100g': 7.39409402777778e-06, 'sucrose_100g': 0.554885555555556, 'vitamin-a_100g': 1.89583333333334e-07, 'vitamin-b12_100g': 6.1388888888889e-09, 'vitamin-b1_100g': 0.000500822944444445, 'vitamin-b2_100g': 3.89380555555556e-05, 'vitamin-b6_100g': 0.000199056888888889, 'vitamin-b9_100g': 4.32815222222222e-05, 'vitamin-c_100g': 0.000264123888888889, 'vitamin-d_100g': 6.59172222222222e-08, 'vitamin-e_100g': 0.00384944944444444, 'vitamin-pp_100g': 0.000763612777777778, 'water_100g': 30.2375672222222, 'zinc_100g': 0.00192043249305556}",,,
Jaouda,"Produits laitiers, Matières grasses, Produits à tartiner, Matières grasses à tartiner, Matières grasses animales, Matière grasse laitière, en:dairy-spread, Beurres, Beurres pasteurisés",en:ma,746.0,82.0,on,100g,e,Beurre Frais Pasteurisé,0.1,,100g,0.0,56.0,1.0,,,,
Lindt & Sprüngli,"Snacks,Sweet snacks,Cocoa and its products,Chocolates,Dark chocolates,Dark chocolate bar with more than 70% cocoa","Australia, Belgium, Czech Republic, France, Germany, Ireland, Italy, Morocco, Netherlands, New Zealand, Spain, Switzerland, en:united-kingdom",576.0,46.0,on,100g,e,78% cacao,10.0,0.0,,0.02,29.0,17.0,"{'alcohol_100g': 0, 'beta-carotene_100g': 1.124125e-05, 'calcium_100g': 0.00859365, 'cholesterol_100g': 0.01472, 'copper_100g': 0.000224775, 'fructose_100g': 0.00575, 'galactose_100g': 0, 'glucose_100g': 0.00575, 'iodine_100g': 8.88e-07, 'iron_100g': 0.002795525, 'lactose_100g': 0.00575, 'magnesium_100g': 0.02889025, 'maltose_100g': 0.00575, 'manganese_100g': 0.0002362855, 'pantothenic-acid_100g': 4.7725e-05, 'phosphorus_100g': 0.0398475, 'phylloquinone_100g': 7.1875e-07, 'polyols_100g': 0.014375, 'potassium_100g': 0.225397615, 'selenium_100g': 1.45425e-06, 'sucrose_100g': 8.53475, 'vitamin-a_100g': 4.738e-05, 'vitamin-b12_100g': 5.75e-10, 'vitamin-b1_100g': 4.4275e-06, 'vitamin-b2_100g': 8.8025e-06, 'vitamin-b6_100g': 3.45e-07, 'vitamin-b9_100g': 6.1525e-06, 'vitamin-c_100g': 1.4375e-05, 'vitamin-d_100g': 2.60475e-07, 'vitamin-e_100g': 0.001636075, 'vitamin-pp_100g': 6.62975e-05, 'water_100g': 0.30195, 'zinc_100g': 0.000370275}",,,
Poulain,"Boissons et préparations de boissons,Boissons,Cacao et dérivés,Préparations pour boissons,Cacaos et chocolats en poudre,Boissons instantanées,Chocolats en poudre","Algérie,France,Martinique,Maroc,Royaume-Uni",,,,100g,e,1848 Chocolat en poudre,,,100g,,,,,,on,
Poulain,"Breakfasts,Spreads,Sweet spreads,fr:Pâtes à tartiner,Hazelnut spreads,Chocolate spreads","Algeria, France, Morocco, Switzerland, United Kingdom, en:belgium",522.0,28.0,on,100g,e,Poulain,5.4,3.5,100g,0.1,5.1,59.0,"{'alcohol_100g': 0, 'beta-carotene_100g': 3.805e-06, 'calcium_100g': 0.06365455, 'cholesterol_100g': 0.00030875, 'copper_100g': 0.00059711, 'fructose_100g': 0.0257975, 'galactose_100g': 0.0187975, 'glucose_100g': 0.0632975, 'iodine_100g': 5.37475e-06, 'iron_100g': 0.0040053775, 'lactose_100g': 1.286875, 'magnesium_100g': 0.0684005, 'maltose_100g': 0.0257975, 'manganese_100g': 0.000910991, 'pantothenic-acid_100g': 0.000448025, 'phosphorus_100g': 0.13503, 'phylloquinone_100g': 4.50375e-07, 'polyols_100g': 0.0175, 'potassium_100g': 0.4799575, 'selenium_100g': 7.60875e-06, 'starch_100g': 0.62875, 'sucrose_100g': 45.3365475, 'vitamin-a_100g': 2.315625e-07, 'vitamin-b12_100g': 9.5475e-08, 'vitamin-b1_100g': 8.11575e-05, 'vitamin-b2_100g': 6.898e-05, 'vitamin-b6_100g': 4.97e-05, 'vitamin-b9_100g': 2.0558125e-05, 'vitamin-c_100g': 0.00020925, 'vitamin-d_100g': 2.484025e-07, 'vitamin-e_100g': 0.017429935, 'vitamin-pp_100g': 0.0002352375, 'water_100g': 1.7394625, 'zinc_100g': 0.001}",,,
Bjorg,"Plant-based foods and beverages,Plant-based foods,Breakfasts,Cereals and potatoes,Cereals and their products,Breakfast cereals,Chocolate cereals,Mueslis,Mueslis with chocolate","Belgium, France, Morocco, Spain, Switzerland, en:reunion",386.0,8.8,on,100g,a,Muesli avoine chocolat bio,12.0,10.0,,0.1,3.3,8.2,,,,
Kellogg's,"Aliments et boissons à base de végétaux,Aliments d'origine végétale,Petit-déjeuners,Céréales et pommes de terre,Céréales et dérivés,Céréales pour petit-déjeuner,Flocons,Flocons de céréales,Céréales extrudées,Flocons extrudés,Corn-flakes","Belgique,France,Allemagne,Italie,Luxembourg,Martinique,Mexique,La Réunion,Espagne,Suisse,Royaume-Uni",376.666666666667,0.9,on,100g,d,CORN FLAKES,7.0,3.0,100g,1.1,0.2,8.0,,,,
Jaouda,"Produits laitiers, Produits fermentés, Desserts, Produits laitiers fermentés, Desserts lactés, Desserts lactés fermentés, Yaourts, Yaourts à la grecque, Yaourts au lait de brebis","Morocco, en:united-states",140.0,7.0,on,100g,c,Yaourt Grec Muesli,3.3,,100g,0.0,4.0,9.0,,,,
Volvic,"Beverages and beverages preparations,Beverages,Waters,Spring waters,Mineral waters,Unsweetened beverages,Natural mineral waters,fr:getränke,fr:natürliches-mineralwasser","Belgium,France,Germany,Luxembourg,Switzerland",0.0,0.0,on,100g,a,Eau Minérale Naturelle,0.0,0.0,100ml,0.003,0.0,0.0,"{'alcohol_100g': 0.0, 'beta-carotene_100g': 0.0, 'cholesterol_100g': 0.0, 'copper_100g': 1.7e-05, 'fructose_100g': 0.0, 'galactose_100g': 0.0, 'glucose_100g': 0.0, 'iodine_100g': 0.0, 'iron_100g': 3e-05, 'lactose_100g': 0.0, 'maltose_100g': 0.0, 'manganese_100g': 8.2e-07, 'pantothenic-acid_100g': 0.0, 'phosphorus_100g': 0.0, 'phylloquinone_100g': 0.0, 'polyols_100g': 0.0, 'selenium_100g': 5e-07, 'starch_100g': 0.0, 'sucrose_100g': 0.0, 'vitamin-a_100g': 0.0, 'vitamin-b12_100g': 0.0, 'vitamin-b1_100g': 0.0, 'vitamin-b2_100g': 0.0, 'vitamin-b6_100g': 0.0, 'vitamin-b9_100g': 0.0, 'vitamin-c_100g': 0.0, 'vitamin-d_100g': 0.0, 'vitamin-e_100g': 0.0, 'vitamin-pp_100g': 0.0, 'water_100g': 100.0, 'zinc_100g': 1.1e-05}",,,
Harry's,"Aliments et boissons à base de végétaux,Aliments d'origine végétale,Snacks,Céréales et pommes de terre,Snacks sucrés,Céréales et dérivés,en:Sweet pastries and pies,Pains,Viennoiseries,Brioches,Brioches tranchées,Brioches-natures,Brioche préemballée",France,,,,100g,a,Brioche moins de sucre,,,100g,,,,,,on,
Gerblé,"Snacks,Sweet snacks,Biscuits and cakes,Biscuits and crackers,Biscuits,Chocolate biscuits,fr:Biscuit aux céréales et pépites de chocolat","Belgium,France,French Polynesia,Réunion,Switzerland",451.0,16.0,on,100g,d,Goûter pépites de chocolat,7.3,5.1,100g,0.27,3.7,20.0,,,,
alpro,"Boissons et préparations de boissons,Aliments et boissons à base de végétaux,Boissons,Aliments d'origine végétale,Céréales et pommes de terre,Substituts de produits laitiers,Céréales et dérivés,Substituts du lait,Boissons à base de végétaux,Boissons végétales,Boissons végétales de céréales,Boissons sans sucre ajouté,Boissons à l'avoine,Boisson avoine","Belgium, Czech Republic, France, Germany, Hungary, Italy, Luxembourg, Morocco, Poland, Portugal, Romania, United Kingdom, en:lithuania",46.0,1.5,on,100g,c,Alpro smooth subtle creamy oat,0.8,0.7,,0.1,0.2,3.1,,,,
green tea,"Aliments et boissons à base de végétaux,Boissons,Boissons chaudes,Boissons à base de végétaux,Thés,Thés verts,Thés verts chinois,the vert","Morocco, en:france",0.5,0.5,on,100g,c,Green Tea,0.5,0.2,100g,0.1,0.5,0.2,"{'beta-carotene_100g': 0, 'calcium_100g': 0.151, 'cholesterol_100g': 0, 'copper_100g': 0.00012, 'fructose_100g': 0, 'galactose_100g': 0, 'glucose_100g': 0, 'iodine_100g': 5e-07, 'iron_100g': 0.00441, 'lactose_100g': 0, 'magnesium_100g': 0.359, 'maltose_100g': 0, 'manganese_100g': 0.00171, 'pantothenic-acid_100g': 0.00025, 'phosphorus_100g': 0.327, 'phylloquinone_100g': 1.9e-06, 'polyols_100g': 0, 'potassium_100g': 3.77, 'selenium_100g': 1.07e-05, 'starch_100g': 0, 'sucrose_100g': 0, 'vitamin-a_100g': 0, 'vitamin-b12_100g': 0, 'vitamin-b1_100g': 8e-06, 'vitamin-b2_100g': 9.2e-05, 'vitamin-b6_100g': 3e-05, 'vitamin-b9_100g': 2.2e-05, 'vitamin-c_100g': 0, 'vitamin-d_100g': 0, 'vitamin-e_100g': 0, 'vitamin-pp_100g': 0.0251, 'water_100g': 4.95, 'zinc_100g': 0.00046}",,,
زيت الزيتون واد سوس,"Plant-based foods and beverages, Plant-based foods, Fats, Vegetable fats, Vegetable oils, en:virgin-olive-oils","Morocco, en:france",822.0,90.0,on,100g,b,Hule D'olive,0.0,66.0,100ml,0.0,13.0,0.0,,,,
Vico,"Snacks,Snacks salés,Amuse-gueules,Biscuits sucrés & biscuits apéritifs,Chips et frites,Chips,Biscuits apéritifs,Chips de lentilles,Chips-produits-aperitifs",France,453.333333333333,19.0,on,100g,c,Chips de lentilles saveur fines herbes,13.0,7.33333333333333,100g,1.1,1.7,2.3,,,,
"McVitie's,United Biscuits","Snacks,Sweet snacks,Biscuits and cakes,Biscuits and crackers,Biscuits,Shortbread cookies,Plain wheat biscuits","France,Réunion,Switzerland,United Kingdom",483.0,21.3,on,100g,e,Sablés Anglais L'Original,7.0,3.7,100g,1.3,10.1,15.1,"{'alcohol_100g': 0, 'beta-carotene_100g': 3.55e-06, 'calcium_100g': 0.01942796875, 'cholesterol_100g': 0, 'copper_100g': 0.0002002421875, 'fructose_100g': 0.071, 'galactose_100g': 0, 'glucose_100g': 0.071, 'iodine_100g': 2.34396875e-05, 'iron_100g': 0.001569734375, 'lactose_100g': 0.071, 'magnesium_100g': 0.051922625, 'maltose_100g': 0.7384, 'manganese_100g': 0.0015633996875, 'pantothenic-acid_100g': 0.0003408, 'phosphorus_100g': 0.156265, 'phylloquinone_100g': 2.084e-06, 'polyols_100g': 0, 'potassium_100g': 0.19948575, 'selenium_100g': 8.9946875e-06, 'starch_100g': 42.103, 'sucrose_100g': 4.451975, 'vitamin-a_100g': 0, 'vitamin-b12_100g': 0, 'vitamin-b1_100g': 0.0001846, 'vitamin-b2_100g': 4.321875e-06, 'vitamin-b6_100g': 7.81e-05, 'vitamin-b9_100g': 1.8247e-05, 'vitamin-c_100g': 0.0001775, 'vitamin-d_100g': 9.23e-08, 'vitamin-e_100g': 0.0041384, 'vitamin-pp_100g': 3.55e-05, 'water_100g': 8.811125625, 'zinc_100g': 0.0013505275}",,,
st hubert,"Aliments et boissons à base de végétaux, Aliments d'origine végétale, Matières grasses, Produits à tartiner, Pâtes à tartiner végétales, Produits à tartiner salés, Matières grasses à tartiner, Matières grasses végétales, Margarines, Margarines allégées, en:Margarine (Perishable)",France,495.0,55.0,on,100g,d,st hubert bio & végétal,0.0,,100g,0.45,20.0,0.0,,,,
oued souss,"Aliments et boissons à base de végétaux, Aliments d'origine végétale, Matières grasses, Matières grasses végétales, Produits de l'olivier, Huiles, Huiles d'olive, Huiles d'olive vierges extra, Huiles d'olive vierges, ar:huile-d-olive","France,Morocco",900.0,92.0,on,100g,b,Huile d'olive,0.0,0.0,100ml,0.0,12.0,0.0,"{'beta-carotene_100g': 0.00021, 'calcium_100g': 0.0001, 'copper_100g': 5e-06, 'fructose_100g': 0.0, 'galactose_100g': 0.0, 'glucose_100g': 0.0, 'iodine_100g': 1e-05, 'iron_100g': 2.5e-05, 'lactose_100g': 0.0, 'magnesium_100g': 2.5e-05, 'maltose_100g': 0.0, 'manganese_100g': 5e-06, 'pantothenic-acid_100g': 0.0, 'phosphorus_100g': 0.00015, 'phylloquinone_100g': 5.81e-05, 'polyols_100g': 0.0, 'potassium_100g': 0.00015, 'selenium_100g': 1e-05, 'starch_100g': 0.0, 'sucrose_100g': 0.0, 'vitamin-a_100g': 0.0, 'vitamin-b12_100g': 0.0, 'vitamin-b1_100g': 0.0, 'vitamin-b2_100g': 0.0, 'vitamin-b6_100g': 0.0, 'vitamin-b9_100g': 0.0, 'vitamin-c_100g': 0.0, 'vitamin-d_100g': 1.3e-07, 'vitamin-pp_100g': 0.0, 'water_100g': 0.1, 'zinc_100g': 2.5e-05}",,,
Heinz,"Condiments,Sauces,Tomato sauces,Ketchup","Belgium,France,Germany,Romania,Spain,Switzerland,United Kingdom,United States",112.0,0.1,on,100g,d,Tomato Ketchup BIO,1.4,0.0,100g,1.7,0.1,24.8,"{'alcohol_100g': 0.025, 'beta-carotene_100g': 0.0002249296875, 'calcium_100g': 0.00751125, 'cholesterol_100g': 0, 'copper_100g': 2.915703125e-05, 'fructose_100g': 0.7375, 'galactose_100g': 0, 'glucose_100g': 0.574375, 'iodine_100g': 0.000116971875, 'iron_100g': 0.00015347171875, 'lactose_100g': 0.01171875, 'magnesium_100g': 0.00765, 'maltose_100g': 0.01171875, 'manganese_100g': 6.55125e-05, 'pantothenic-acid_100g': 0.00011296875, 'phosphorus_100g': 0.018784375, 'phylloquinone_100g': 3.96171875e-06, 'polyols_100g': 0.0143125, 'potassium_100g': 0.15053125, 'selenium_100g': 3.9859375e-06, 'starch_100g': 0.00671875, 'sucrose_100g': 24.990625, 'vitamin-a_100g': 0, 'vitamin-b12_100g': 0, 'vitamin-b1_100g': 2.3015625e-05, 'vitamin-b2_100g': 1.471875e-05, 'vitamin-b6_100g': 5.9875e-05, 'vitamin-b9_100g': 1.22203125e-05, 'vitamin-c_100g': 0.00787734375, 'vitamin-d_100g': 2.03125e-09, 'vitamin-e_100g': 0.000331328125, 'vitamin-pp_100g': 0.000326171875, 'water_100g': 61.1660625, 'zinc_100g': 7.11875e-05}",,,
Reina,"yaourt,Kéfir",en:morocco,75.0,4.2,on,100g,c,kéfir 500g,3.9,,100g,0.15,2.8,5.5,,,,
Quaker,"Alimentos y bebidas de origen vegetal,Alimentos de origen vegetal,Desayunos,Cereales y patatas,Cereales y derivados,Cereales para el desayuno,Cereales de chocolate,en:Breakfast cereals rich in fibre,en:Crunchy cereal clusters,en:Cereal clusters with chocolate","Bélgica,Francia,Polinesia Francesa,Italia,Nueva Caledonia,Reunión,España,Suiza",455.0,19.0,on,100g,c,Cruesli Chocolat noir,8.1,10.0,100g,0.48,4.9,16.0,,,,
LU,"Snacks,Snacks sucrés,Biscuits et gâteaux,Biscuits sucrés & biscuits apéritifs,Biscuits,Biscuits au chocolat,Biscuits sablés,Biscuits nappés au chocolat,Sablés nappés de chocolat,Sablés au chocolat","Belgique,France,Martinique,Maroc,La Réunion,Suisse,États-Unis",488.0,23.0,on,100g,e,Granola L'Original,5.9,3.5,,1.2,12.0,28.0,"{'alcohol_100g': 0, 'beta-carotene_100g': 1.1256e-05, 'calcium_100g': 0.07259391875, 'cholesterol_100g': 0.005967, 'copper_100g': 0.0002135775, 'fructose_100g': 0.0615, 'galactose_100g': 0.0135, 'glucose_100g': 0.0615, 'iodine_100g': 2.2468875e-05, 'iron_100g': 0.002034781875, 'lactose_100g': 2.964, 'magnesium_100g': 0.051063234375, 'maltose_100g': 0.5127, 'manganese_100g': 0.001151433375, 'pantothenic-acid_100g': 0.0005706, 'phosphorus_100g': 0.1677325, 'phylloquinone_100g': 3.2569e-06, 'polyols_100g': 0, 'potassium_100g': 0.27282678125, 'selenium_100g': 9.13328125e-06, 'starch_100g': 29.1255, 'sucrose_100g': 16.55505, 'vitamin-a_100g': 1.0827e-05, 'vitamin-b12_100g': 1.458e-07, 'vitamin-b1_100g': 0.00014397, 'vitamin-b2_100g': 7.352625e-05, 'vitamin-b6_100g': 7.062e-05, 'vitamin-b9_100g': 1.7385e-05, 'vitamin-c_100g': 0.0005466, 'vitamin-d_100g': 4.674e-07, 'vitamin-e_100g': 0.0034422, 'vitamin-pp_100g': 7.26e-05, 'water_100g': 6.1493971875, 'zinc_100g': 0.0012103325}",,,
Nature ValleyGeneral Mills,"Snacks,Sweet snacks,Bars,Cereal bars",France,467.0,18.1,on,100g,d,Crunchy avoine et miel,8.7,6.4,100g,0.835,2.2,26.8,,,,
Excelo,"Snacks,Sweet snacks,Biscuits and cakes,Biscuits and crackers,Biscuits,Drop cookies","Morocco, en:france",483.0,24.0,on,100g,e,KING COOKIES,5.2,,100g,0.27,12.0,32.0,,,,
Jaouda,"Dairies, Fermented foods, Fermented milk products, Desserts, Dairy desserts, Fermented dairy desserts, Yogurts, fr:Yaourt à boire de grenadine, en:dairy-drinks","France, Morocco, en:united-states",75.3,1.38,on,100g,e,رايبي جودة,2.48,0.0,100g,0.0,0.8,13.5,,,,
"Nestlé, Ricore","Chicorée et café en poudre soluble, Aliments d'origine végétale, Cafés, en:Instant coffee substitutes, Cafés solubles","France, Germany, Switzerland, en:morocco",,,,100ml,b,"Chicorée & Café, RICORÉ® L'Original, Boîte de 260g",,,100g,,,,,,on,
"Ferrero,Nutellagg","Breakfasts,Spreads,Sweet spreads,Spreadable fats,fr:Pâtes à tartiner,Hazelnut spreads,Chocolate spreads,Cocoa and hazelnuts spreads,Confectionary based spreads,Creme-para-barrar-de-avelã,Creme-para-barrar-de-avelã-e-cacau,Pequenos-alomoços","Belgium,Denmark,France,Germany,Morocco,Netherlands,Romania,Sweden,Switzerland,Turkey,Serbia",539.0,30.9,on,100g,e,nutella,6.3,3.5,100g,0.107,10.6,56.3,,,,
Elle&Vire,"Dairies, Fats, Spreads, Spreadable fats, Animal fats, Milkfat, Dairy-spread, Butters, Unsalted butters, Sweet cream butters, Butter-82-fat-unsalted-easy-to-spread, fr:Beurres tendres","Canada, France, Switzerland, United States, en:belgium",375.0,82.0,on,100g,e,Le Beurre Tendre,0.7,0.0,100g,0.05,57.0,0.8,,,,
Lindt,"Snacks,Sweet snacks,Cocoa and its products,Chocolates,Dark chocolates,Dark chocolate bar with more than 70% cocoa,Extra fine dark chocolates","Australia,Belgium,Bulgaria,Canada,Czech Republic,Denmark,Estonia,France,Germany,Hungary,India,Ireland,Italy,Lebanon,Morocco,Netherlands,Portugal,Serbia,Spain,Sweden,Switzerland,United Kingdom",566.0,41.0,on,100g,e,INTENSE DARK 70% COCOA,9.5,0.0,,0.02,24.0,30.0,,,,
Star,"Condiments,Sauces,Mayonnaises,Groceries","Morocco, en:france",563.0,62.0,on,100g,e,,1.2,,100ml,5.0,7.0,0.0,,,,
Sunny Via,"Aliments et boissons à base de végétaux,Aliments d'origine végétale,Édulcorants,Sirops,Sirops simples,Sirops d'agave","France,Polynésie française,Guadeloupe,Maroc,La Réunion,Suisse",320.0,0.714285714285714,on,100g,e,Sirop d'Agave,0.714285714285714,0.714285714285714,,0.0,0.0,112.857142857143,"{'beta-carotene_100g': 0, 'galactose_100g': 0, 'glucose_100g': 9.55, 'iodine_100g': 3e-07, 'lactose_100g': 0, 'maltose_100g': 0.088, 'pantothenic-acid_100g': 5.3e-05, 'phylloquinone_100g': 0, 'polyols_100g': 7.9, 'sucrose_100g': 0.55, 'vitamin-b12_100g': 0, 'vitamin-b1_100g': 0, 'vitamin-b2_100g': 2e-06, 'vitamin-b6_100g': 2e-06, 'vitamin-b9_100g': 0, 'vitamin-pp_100g': 9.6e-05, 'water_100g': 21.8}",,,
Gerblé,"Snacks,Snacks sucrés,Biscuits et gâteaux,Biscuits sucrés & biscuits apéritifs,Biscuits,Biscuit complet au germe de blé","France,Guadeloupe,Maroc,La Réunion,Suisse",440.47619047619,14.2857142857143,on,100g,c,Biscuit complet au germe de blé,9.52380952380952,7.14285714285714,100g,0.238095238095238,1.19047619047619,21.4285714285714,"{'alcohol_100g': 0, 'beta-carotene_100g': 4.6918e-06, 'calcium_100g': 0.0227561475, 'chloride_100g': 0.00077875, 'cholesterol_100g': 0, 'copper_100g': 0.00024400405, 'fructose_100g': 0.074, 'galactose_100g': 0, 'glucose_100g': 0.074, 'iodine_100g': 7.53706e-06, 'iron_100g': 0.00207496525, 'lactose_100g': 0.074, 'maltose_100g': 0.73312, 'manganese_100g': 0.0025272998125, 'pantothenic-acid_100g': 0.00040479, 'phosphorus_100g': 0.213084775, 'phylloquinone_100g': 8.119365e-06, 'polyols_100g': 0, 'potassium_100g': 0.2542525025, 'selenium_100g': 8.58908e-06, 'starch_100g': 42.110375, 'sucrose_100g': 13.89798, 'vitamin-a_100g': 0, 'vitamin-b12_100g': 0, 'vitamin-b1_100g': 0.00025282, 'vitamin-b2_100g': 1.38658e-05, 'vitamin-b6_100g': 0.0001237755, 'vitamin-b9_100g': 2.57042e-05, 'vitamin-c_100g': 0.000185, 'vitamin-pp_100g': 0.000129913, 'water_100g': 9.0115485, 'zinc_100g': 0.00214530455}",,,
LU,"Plantaardige levensmiddelen en dranken,Plantaardige levensmiddelen,Snacks,Granen en aardappels,Knapperige broodproducten","Belgium, France, Luxembourg, Netherlands, Switzerland, en:morocco",389.0,2.7,on,100g,d,Craquotte au froment,11.0,3.0,,1.6725,1.0,7.9,,,,
Cassegrain,"Aliments et boissons à base de végétaux,Aliments d'origine végétale,Aliments à base de fruits et de légumes,Aliments et boissons à base de légumes,Conserves,Plats préparés,Légumes et dérivés,Aliments à base de plantes en conserve,Légumes en conserve,Légumes préparés,Plats préparés en conserve,Plats préparés d'origine végétale,Ratatouilles,en:Vegetables - Prepared/Processed (Shelf Stable)","France,Allemagne",72.0,4.1,on,100g,c,Ratatouille Cuisinée à la Provençal,1.3,3.4,100g,0.81,0.6,5.5,,,,
"Nestlé, Maggi","Condiments,Sauces,Arômes","en:belgium, en:france, en:french-polynesia, en:germany, en:guadeloupe, en:new-caledonia, en:reunion, en:switzerland",69.0,0.5,on,100g,not-applicable,MAGGI Arôme - Bouteille de 250g,9.8,0.5,100g,18.3,0.1,3.5,,,,
la boulangère,"Pains de mie complet, en:Packaged breads",France,226.0,1.9,on,100g,a,Pain de mie grandes tranches Toastiligne complet,10.0,6.2,100g,0.98,0.9,2.8,,,,
lio,"en:Plant-based foods and beverages, en:Plant-based foods, en:Fats, en:Vegetable fats, en:Vegetable oils, en:12-50dh-1litr","Morocco, المغرب, en:united-states",900.0,100.0,on,100g,unknown,,0.0,0.0,100ml,,14.0,0.0,,,,
"perly, jaouda","Produits laitiers, Produits fermentés, Produits laitiers fermentés, Fromages","Morocco, Germany",262.0,22.0,on,100g,d,Perly fromage,10.0,0.0,100g,1.6,15.2,0.0,"{'alcohol_100g': 0, 'beta-carotene_100g': 6.02884615384615e-05, 'calcium_100g': 0.412997938461538, 'cholesterol_100g': 0.0742576923076923, 'copper_100g': 8.21615384615385e-05, 'fructose_100g': 0.0441153846153846, 'galactose_100g': 0.0446538461538461, 'glucose_100g': 0.0441153846153846, 'iodine_100g': 2.78953846153846e-05, 'iron_100g': 0.000175512307692308, 'lactose_100g': 3.33153846153846, 'magnesium_100g': 0.0226748153846154, 'maltose_100g': 0.0446538461538461, 'manganese_100g': 1.93184615384615e-05, 'pantothenic-acid_100g': 0.000489230769230769, 'phosphorus_100g': 0.303025538461539, 'phylloquinone_100g': 1.745e-06, 'polyols_100g': 0, 'potassium_100g': 0.165572892307692, 'selenium_100g': 5.61938461538462e-06, 'starch_100g': 0.00403846153846154, 'sucrose_100g': 0.0462692307692308, 'vitamin-a_100g': 0.000200139423076923, 'vitamin-b12_100g': 9.83846153846154e-07, 'vitamin-b1_100g': 4.43461538461539e-05, 'vitamin-b2_100g': 0.000311346153846154, 'vitamin-b6_100g': 8.38653846153846e-05, 'vitamin-b9_100g': 2.09173076923077e-05, 'vitamin-c_100g': 0.000382615384615385, 'vitamin-d_100g': 2.86423076923077e-07, 'vitamin-e_100g': 0.000541173076923077, 'vitamin-pp_100g': 0.000599153846153846, 'water_100g': 49.8434852307692, 'zinc_100g': 0.00181608861538462}",,,
"LU,Mondelez","Snacks,Snacks sucrés,Biscuits et gâteaux,Biscuits sucrés & biscuits apéritifs,Biscuits,Biscuits fourrés,Biscuits sec fourré à la pâte de fruits,en:Biscuits et gâteaux,en:Biscuits fourrés,en:Biscuits sec fourré à la pâte de fruits,en:Snacks sucrés","France, Guadeloupe, en:reunion",400.0,8.12,on,100g,e,Figolu,4.69,3.11875,100g,0.0009375,3.75,50.0,"{'alcohol_100g': 0, 'beta-carotene_100g': 2.0836e-05, 'calcium_100g': 0.0247766407833333, 'cholesterol_100g': 0, 'copper_100g': 0.000117781683333333, 'fructose_100g': 7.66266666666667, 'galactose_100g': 0, 'glucose_100g': 1.594, 'iodine_100g': 6.97608166666667e-06, 'iron_100g': 0.000839807518333333, 'lactose_100g': 0.06, 'magnesium_100g': 0.030884442225, 'maltose_100g': 0.3796, 'manganese_100g': 0.000765631138333334, 'pantothenic-acid_100g': 0.0002022, 'phosphorus_100g': 0.0802663453333333, 'phylloquinone_100g': 2.3732e-06, 'polyols_100g': 3.32666666666667, 'potassium_100g': 0.15783715035, 'selenium_100g': 7.90041741666667e-06, 'starch_100g': 20.2088, 'sucrose_100g': 21.04965, 'vitamin-a_100g': 0, 'vitamin-b12_100g': 0, 'vitamin-b1_100g': 9.035e-05, 'vitamin-b2_100g': 6.96625e-06, 'vitamin-b6_100g': 5.274e-05, 'vitamin-b9_100g': 1.5108e-05, 'vitamin-c_100g': 0.00015, 'vitamin-d_100g': 4.42e-08, 'vitamin-e_100g': 0.002028, 'vitamin-pp_100g': 0.0001132, 'water_100g': 25.1161542071667, 'zinc_100g': 0.000692408465333334}",,,
alpro,"Plantaardige-yoghurt,Plantaardige-yoghurt-met-smaak,Plantaardige-zuivel-alternatieven,Vegetarisch,Vegan-en-plantaardig,Yogurts,Non-dairy yogurts,Vanilla yogurt",Belgium,64.7705544933078,2.2,on,100g,b,Vanille au soja,3.7,0.9,,0.2,0.4,7.5,,,,
Bjorg,"Snacks,Snacks sucrés,Biscuits et gâteaux,Biscuits sucrés & biscuits apéritifs,Biscuits,Biscuits au chocolat,Biscuits fourrés,Biscuits au chocolat au lait","France, Japan, Switzerland, en:morocco",486.0,20.0,on,100g,e,Fourrés Chocolat au Lait,7.5,3.8,100g,0.52,7.2,30.0,"{'alcohol_100g': 0, 'beta-carotene_100g': 1.09767857142857e-05, 'calcium_100g': 0.0773142857142857, 'cholesterol_100g': 0.00559464285714286, 'fructose_100g': 0.0665107142857143, 'galactose_100g': 0.0125107142857143, 'glucose_100g': 0.0665107142857143, 'iodine_100g': 1.67442142857143e-05, 'lactose_100g': 3.03846428571429, 'maltose_100g': 0.574110714285714, 'pantothenic-acid_100g': 0.00059295, 'phylloquinone_100g': 1.69546428571429e-06, 'polyols_100g': 0, 'potassium_100g': 0.290078514285714, 'sucrose_100g': 26.8454107142857, 'vitamin-b12_100g': 1.56535714285714e-07, 'vitamin-b1_100g': 0.000160453571428571, 'vitamin-b2_100g': 7.87757142857143e-05, 'vitamin-b6_100g': 7.815e-05, 'vitamin-b9_100g': 1.87431785714286e-05, 'vitamin-d_100g': 4.49010714285714e-07, 'vitamin-pp_100g': 7.6875e-05, 'water_100g': 6.918825}",,,
sos,en:tomato-sauces,en:Morocco,73.0,3.3,on,100g,c,611251753912,1.3,1.4,100g,0.83,0.4,2.3,,,,
Jaouda,"Dairies, Fermented foods, Fermented milk products, Desserts, Dairy desserts, Fermented dairy desserts, Yogurts, en:stirred-yogurts","Morocco, en:united-states",106.0,3.0,on,100g,c,غلال القمح,3.5,1.1,100g,0.0,2.2,7.5,,,,
Pulco,Préparations pour boissons,"Belgique,France,Allemagne,Suisse",,,,100ml,b,pulco,,,,,,,,,on,
el baraka,"Aliments et boissons à base de végétaux,Aliments d'origine végétale,Petit-déjeuners,Produits à tartiner,Pâtes à tartiner végétales,Produits à tartiner sucrés,Confitures et marmelades,Confitures,Confitures d'abricot","France,Maroc",244.0,0.0,on,100g,d,El Baraka Confiture D'abricots 430 G,0.44,0.0,100g,0.25,0.0,50.0,,,,
menguy's,"Plant-based foods and beverages,Plant-based foods,Legumes and their products,Spreads,Nuts and their products,Plant-based spreads,Nuts,Oilseed purees,Legume butters,Nut butters,Peanut butters","Belgium,France,Switzerland",629.0,52.0,on,100g,c,Menguy's Beurre de cacahuètes creamy,25.0,6.7,100g,0.86,9.5,8.7,"{'alcohol_100g': 0, 'beta-carotene_100g': 1.68966666666667e-05, 'calcium_100g': 0.0510777666666667, 'cholesterol_100g': 0.0203466666666667, 'copper_100g': 0.000401655, 'fructose_100g': 0.0906666666666667, 'galactose_100g': 0.00466666666666667, 'glucose_100g': 0.0906666666666667, 'iodine_100g': 5.2147, 'iron_100g': 0.00138699, 'lactose_100g': 0.163466666666667, 'magnesium_100g': 0.163703333333333, 'maltose_100g': 0.0906666666666667, 'manganese_100g': 0.001207115, 'pantothenic-acid_100g': 0.00152386666666667, 'phosphorus_100g': 0.346426666666667, 'phylloquinone_100g': 9.97333333333333e-07, 'polyols_100g': 0, 'potassium_100g': 0.605322666666667, 'selenium_100g': 2.6395e-05, 'starch_100g': 4.3, 'sucrose_100g': 7.40733333333334, 'vitamin-a_100g': 6.3e-05, 'vitamin-b12_100g': 1.58666666666667e-08, 'vitamin-b1_100g': 0.00037036, 'vitamin-b2_100g': 2.435e-05, 'vitamin-b6_100g': 0.000344326666666667, 'vitamin-b9_100g': 7.7078e-05, 'vitamin-c_100g': 0.000215, 'vitamin-d_100g': 1.04533333333333e-07, 'vitamin-e_100g': 0.00231253333333333, 'vitamin-pp_100g': 0.00912262666666667, 'water_100g': 3.33393, 'zinc_100g': 0.00259026666666667}",,,
Harrys,"Plant-based foods and beverages,Plant-based foods,Cereals and potatoes,Cereals and their products,Breads,Sliced breads,White breads,Multigrain sliced breads",France,286.0,6.5,on,100g,b,Beau & bon Céréales & graines,12.0,6.0,100g,1.0,0.7,3.5,,,,
Danone,"Produits laitiers, Produits fermentés, Desserts, Produits laitiers fermentés, Desserts lactés, Desserts lactés fermentés, Desserts lactés fermentés aux fruits, Yaourts, Yaourts aux fruits, Yaourts à la fraise, Yaourt aromatisé sucré","France, en:morocco",132.2,6.3,on,100g,c,Danino,6.5,,100g,0.07,4.3,8.6,,,,
Leroux,"Chicorée soluble,Chicorée instantanée avec de l'eau","France,Maroc,Espagne",,,,100g,d,Chicorée soluble nature,,,100g,,,,,,on,
Tyrrell's,"Plant-based foods and beverages,Plant-based foods,Snacks,Cereals and potatoes,Salty snacks,Appetizers,Chips and fries,Crisps,Potato crisps,Potato crisps in sunflower oil,fr:Chips de pommes de terre classiques","France, Germany, Spain, United Kingdom, en:switzerland",476.0,27.0,on,100g,c,Lightly sea salted crisps,6.2,5.5,,0.83,2.4,0.64,"{'alcohol_100g': 0, 'beta-carotene_100g': 1.8093875e-06, 'calcium_100g': 0.026090838, 'cholesterol_100g': 0, 'fructose_100g': 0.223755, 'galactose_100g': 0, 'glucose_100g': 0.2759645, 'iodine_100g': 0.000127668875, 'lactose_100g': 0, 'maltose_100g': 0, 'pantothenic-acid_100g': 0.0004251345, 'phylloquinone_100g': 1.617115e-06, 'polyols_100g': 0, 'potassium_100g': 0.28385133625, 'sucrose_100g': 0.1417115, 'vitamin-b12_100g': 0, 'vitamin-b1_100g': 5.892215e-05, 'vitamin-b2_100g': 1.4917e-05, 'vitamin-b6_100g': 0.000253589, 'vitamin-b9_100g': 2.3195935e-05, 'vitamin-d_100g': 1.651975e-08, 'vitamin-pp_100g': 0.0012903205, 'water_100g': 58.878492375}",,,
Sodebo,"Meals,Pasta dishes,Prepared salads,Meals with meat,Pasta salads,Poultry meals,Salads with meat,Meals with chicken,Pasta salad with meat,Pasta salad with chicken",France,185.9375,8.75,on,100g,c,Salade & Compagnie Manhattan Poulet Roti,8.4375,2.8125,,0.53,2.5,4.09375,,,,
paysan breton,"Produits laitiers, Produits fermentés, Produits laitiers fermentés, Produits à tartiner, Fromages, Produits à tartiner salés, Fromages à tartiner, Fromages à la crème, Fromage fouetté","Belgien, Frankreich, Germany",252.0,24.0,on,100g,d,Paysan Breton - Le Fromage Fouetté Madame Loïk - Nature au Sel de Guérande,5.9,0.0,100g,1.1,17.3,3.0,"{'alcohol_100g': 0, 'beta-carotene_100g': 7.7142e-05, 'calcium_100g': 0.620995, 'cholesterol_100g': 0.0888122, 'fructose_100g': 0.070219, 'galactose_100g': 0.071208, 'glucose_100g': 0.070219, 'iodine_100g': 3.36259, 'lactose_100g': 0.31648, 'maltose_100g': 0.071208, 'pantothenic-acid_100g': 0.00050439, 'phylloquinone_100g': 1.71097e-06, 'polyols_100g': 0, 'potassium_100g': 0.121791, 'sucrose_100g': 0.074175, 'vitamin-b12_100g': 1.34504e-06, 'vitamin-b1_100g': 3.4615e-05, 'vitamin-b2_100g': 0.00040549, 'vitamin-b6_100g': 0.00010879, 'vitamin-b9_100g': 3.40216e-05, 'vitamin-d_100g': 2.8681e-07, 'vitamin-pp_100g': 0.000989, 'water_100g': 45.73305}",,,
La Boulangère,"Aliments et boissons à base de végétaux,Aliments d'origine végétale,Céréales et pommes de terre,Pains,Pains de mie,Pains complets,Pains de mie complet","France, en:switzerland",252.0,5.1,on,100g,a,Pain de mie Bio grandes tranches complet sans sucres ajoutés 500g,10.0,6.9,100g,0.99,0.5,1.9,,,,
Henry’s,"Snacks,Snacks sucrés,Biscuits et gâteaux,Biscuits sucrés & biscuits apéritifs,Biscuits",Maroc,440.0,10.8235294117647,on,100g,e,Henry’s,7.64705882352941,2.35294117647059,100g,0.882352941176471,5.29411764705882,24.2352941176471,,,,
Idéal,"Sweeteners,Sugars,Vanillin sugars","Morocco, United States, en:france",392.0,0.0,on,100g,e,سكر الفانيلين,0.0,0.6,100g,0.0,0.0,89.4,,,,
,,en:Morocco,,,,,,,,,,,,,,,,
Quaker,"Aliments et boissons à base de végétaux,Aliments d'origine végétale,Petit-déjeuners,Céréales et pommes de terre,Céréales et dérivés,Céréales pour petit-déjeuner,Flocons,Flocons de céréales,Flocons laminés,Flocons d'avoine","Belgique,France,La Réunion,Espagne,Suisse,Royaume-Uni",375.0,8.0,on,100g,a,Flocons d'avoine complète,11.0,9.0,100g,0.01,1.5,1.1,"{'alcohol_100g': 0, 'beta-carotene_100g': 0, 'calcium_100g': 0.0843, 'cholesterol_100g': 0, 'copper_100g': 0.0003, 'fructose_100g': 0, 'galactose_100g': 0, 'glucose_100g': 0, 'iodine_100g': 5e-07, 'lactose_100g': 0, 'maltose_100g': 0, 'manganese_100g': 0.00472, 'pantothenic-acid_100g': 0.00131, 'phylloquinone_100g': 2e-06, 'polyols_100g': 0, 'potassium_100g': 0.377, 'selenium_100g': 3.05e-06, 'starch_100g': 56.9, 'sucrose_100g': 0.97, 'vitamin-a_100g': 0, 'vitamin-b12_100g': 0, 'vitamin-b1_100g': 0.00043, 'vitamin-b2_100g': 0.00014, 'vitamin-b6_100g': 0.00012, 'vitamin-b9_100g': 3.96e-05, 'vitamin-c_100g': 0, 'vitamin-d_100g': 0, 'vitamin-e_100g': 0.00059, 'vitamin-pp_100g': 0.00096, 'water_100g': 10.1, 'zinc_100g': 0.00333}",,,
"Tendre, jouda","Produits laitiers, Produits fermentés, Desserts, Produits laitiers fermentés, Desserts lactés, Desserts lactés fermentés, Yaourts","Morocco, en:united-states",119.0,5.0,on,100g,c,Tendre nature,4.2,0.0,100g,0.0,4.2,9.0,,,,
"Savencia, St Moret","Produits laitiers, Produits fermentés, Produits laitiers fermentés, Produits à tartiner, Fromages, Produits à tartiner salés, Fromages de vache, Fromages de France, Fromages pasteurisés, Fromages à tartiner","France, en:switzerland",205.0,17.8,on,100g,d,Le Goût Primeur format familial,8.3,,100g,1.2,13.2,3.0,,,,
Jardin Bio Éthique,"Tartines craquantes extrudées,Produits sans gluten","Belgium, France, Switzerland, en:reunion",365.217391304348,2.3,on,100g,a,Tartines craquantes Sarrasin,11.0,4.5,100g,0.57,0.7,1.0,"{'alcohol_100g': 0, 'beta-carotene_100g': 0, 'calcium_100g': 0.021400275, 'cholesterol_100g': 0, 'fructose_100g': 0.019715, 'galactose_100g': 0, 'glucose_100g': 0.025715, 'iodine_100g': 6.6845, 'lactose_100g': 0.019715, 'maltose_100g': 0.099715, 'pantothenic-acid_100g': 0.0013512355, 'phylloquinone_100g': 5.950927e-06, 'polyols_100g': 0, 'potassium_100g': 0.36472405, 'sucrose_100g': 0.195835, 'vitamin-b12_100g': 0, 'vitamin-b1_100g': 0.0003690595, 'vitamin-b2_100g': 0.00012098575, 'vitamin-b6_100g': 0.0003936295, 'vitamin-b9_100g': 5.8388465e-05, 'vitamin-d_100g': 2.56295e-08, 'vitamin-pp_100g': 0.0038098575, 'water_100g': 11.9381975}",,,
lilia,"dairies,fats,spreads,spreadable-fats,animal-fats,dairy-spreads,milkfat,butters","France, Germany, Morocco, en:united-states",,,on,100g,unknown,Mantequilla,,,100g,,,,,,,
Dost,"Produits laitiers, Laits, Laits homogénéisés, Laits UHT, Laits entiers, Laits de vache",Morocco,58.0,3.0,on,100g,b,Lait U.H.T entier,3.0,0.0,100ml,0.0,0.0,0.0,,,,
Harry's,"Aliments et boissons à base de végétaux,Aliments d'origine végétale,Céréales et pommes de terre,Surgelés,Céréales et dérivés,Pains,Pains de mie,Pains surgelés,Pains de mie sans croûte","Belgique,France,Luxembourg,Martinique,La Réunion,Suisse",264.0,4.0,on,100g,c,Pain de mie 100% mie nature,7.0,4.0,100g,1.1,0.3,7.0,"{'alcohol_100g': 0.0011, 'beta-carotene_100g': 3.19125e-06, 'calcium_100g': 0.020034945, 'cholesterol_100g': 1.925e-06, 'copper_100g': 0.00018577125, 'fructose_100g': 0.064375, 'galactose_100g': 0, 'glucose_100g': 0.065475, 'iodine_100g': 1.666425e-05, 'iron_100g': 0.001435625, 'lactose_100g': 0.064375, 'magnesium_100g': 0.04762826, 'maltose_100g': 0.673295, 'manganese_100g': 0.00140494118, 'pantothenic-acid_100g': 0.00033331, 'phosphorus_100g': 0.1460085, 'phylloquinone_100g': 2.7519e-06, 'polyols_100g': 0, 'potassium_100g': 0.188362095, 'selenium_100g': 6.89405e-06, 'starch_100g': 37.7055, 'sucrose_100g': 3.849705, 'vitamin-a_100g': 5.775e-08, 'vitamin-b12_100g': 1.87e-09, 'vitamin-b1_100g': 0.00022903, 'vitamin-b2_100g': 9.3425e-06, 'vitamin-b6_100g': 7.47505e-05, 'vitamin-b9_100g': 2.016585e-05, 'vitamin-c_100g': 0.000163, 'vitamin-d_100g': 8.333e-08, 'vitamin-e_100g': 0.001472084, 'vitamin-pp_100g': 0.000133525, 'water_100g': 34.5747485, 'zinc_100g': 0.001258703}",,,
Olla,"Condiments,Sauces,Tomato sauces",Morocco,73.0,3.3,on,100g,c,Olla,1.3,1.3,100g,2.25,0.3,2.3,,,,
J. D. GROSS,"Snacks,Snacks sucrés,Cacao et dérivés,Chocolats,Chocolats noirs,Chocolat noir en tablette extra dégustation à 70% de cacao minimum",DE,544.0,5.0,on,100g,c,NEGRO 70% CACAO,1.1,1.5,,0.01,3.1,3.4,"{'alcohol_100g': 0.5593, 'beta-carotene_100g': 0, 'cholesterol_100g': 0, 'copper_100g': 4.845, 'fructose_100g': 0, 'galactose_100g': 0, 'glucose_100g': 0, 'iodine_100g': 5.1e-09, 'lactose_100g': 0, 'magnesium_100g': 0.00011305, 'maltose_100g': 0, 'manganese_100g': 8.2671, 'pantothenic-acid_100g': 0, 'phosphorus_100g': 0.000374, 'phylloquinone_100g': 0, 'polyols_100g': 0, 'selenium_100g': 8.5e-08, 'sucrose_100g': 1.6966, 'vitamin-a_100g': 0, 'vitamin-b12_100g': 0, 'vitamin-b1_100g': 0, 'vitamin-b2_100g': 3.23e-07, 'vitamin-b6_100g': 3.23, 'vitamin-b9_100g': 0, 'vitamin-c_100g': 0, 'vitamin-d_100g': 0, 'vitamin-e_100g': 0.0017082, 'vitamin-pp_100g': 0, 'water_100g': 1.09939, 'zinc_100g': 1.36}",,,
Nestlé,"Boissons et préparations de boissons,Boissons,Petit-déjeuners,Cacao et dérivés,Préparations pour boissons,Cacaos et chocolats en poudre,Boissons instantanées,Chocolats en poudre,Chocolat en poudre","Belgium, France, Gabon, Guadeloupe, Netherlands, Senegal, en:morocco",,,,100ml,d,Nesquik,,,100g,,,,,,on,
Harrys,"Aliments et boissons à base de végétaux,Aliments d'origine végétale,Céréales et pommes de terre,Céréales et dérivés,Pains,Pains de mie,Pains surgelés",France,283.0,6.0,on,100g,c,American sandwich nature,7.4,5.5,100g,1.1,0.5,5.2,"{'alcohol_100g': 0.000830729166666671, 'beta-carotene_100g': 3.42256958007813e-06, 'calcium_100g': 0.0205167446484375, 'cholesterol_100g': 8.17749023437525e-07, 'copper_100g': 0.000192747496940104, 'fructose_100g': 0.101598291015625, 'galactose_100g': 0, 'glucose_100g': 0.125234326171875, 'iodine_100g': 1.72902783203125e-05, 'iron_100g': 0.00148548197070313, 'lactose_100g': 0.0707066243489583, 'magnesium_100g': 0.0494172964973958, 'maltose_100g': 0.699809225260417, 'manganese_100g': 0.00146754374373698, 'pantothenic-acid_100g': 0.000336539853515625, 'phosphorus_100g': 0.149669573567708, 'phylloquinone_100g': 5.7884353515625e-06, 'polyols_100g': 0.00965364583333333, 'potassium_100g': 0.196180355703125, 'selenium_100g': 7.53047623697917e-06, 'starch_100g': 39.3930731998698, 'sucrose_100g': 0.376164293619792, 'vitamin-a_100g': 2.45324707031257e-08, 'vitamin-b12_100g': 7.94384765625024e-10, 'vitamin-b1_100g': 0.000202339703125001, 'vitamin-b2_100g': 5.84969075520841e-06, 'vitamin-b6_100g': 7.61084127604167e-05, 'vitamin-b9_100g': 1.96828092773438e-05, 'vitamin-c_100g': 0.000250533448893229, 'vitamin-d_100g': 8.66287288411459e-08, 'vitamin-e_100g': 0.00266561181477864, 'vitamin-pp_100g': 8.4534860026043e-05, 'water_100g': 30.5273025039063, 'zinc_100g': 0.00129088107552083}",,,
Gerblé,"Snacks,Sweet snacks,Biscuits and cakes,Biscuits and crackers,Biscuits,Fruit biscuits","France,Luxembourg,Réunion,Switzerland",456.0,17.0,on,100g,b,Goûter 4S Saveur pommes,7.6,6.5,100g,0.05,1.4,8.9,,,,
Marmite,"Spreads,Yeast extract spreads","France,Germany,Ireland,Italy,Netherlands,Spain,United Kingdom,United States",262.5,0.5,on,100g,e,Marmite Yeast Extract,34.0,,100g,10.8,0.1,1.2,,,,
BN,"Snacks,Sweet snacks,Biscuits and cakes,Biscuits,Chocolate biscuits,Filled biscuits","Belgium, France, Morocco, Switzerland, en:reunion",463.0,17.0,on,100g,e,Goût chocolat,6.5,3.9,100g,0.47,8.6,30.0,,,,
alpro,"Aliments et boissons à base de végétaux,Produits fermentés,Substituts de produits laitiers,Desserts,Produits veganes,Desserts végétaliens,Produits végétaux fermentés,Desserts végétaliens fermentés,Desserts de jus de soja fermenté","Andorre,Autriche,Belgique,Finlande,France,Allemagne,Italie,Portugal,Espagne,Suisse,Royaume-Uni",40.8,2.8,on,100g,a,Natur mit Kokosnuss,3.9,0.9,100g,0.22,1.0,2.2,,,,
Harrys,"Snacks,Snacks sucrés,en:Sweet pastries and pies,Viennoiseries,Brioches,Brioches tranchées,Brioches-natures",France,345.0,11.0,on,100g,d,Brioche Tranchée Recette Classique,8.0,5.0,100g,1.1,4.3,15.0,,,,
Excelo,"Snacks,Snacks sucrés,Biscuits et gâteaux,Biscuits,en:Biscuit-snack-with-chocolate-filling","Morocco, en:united-states",497.0,21.0,on,100g,e,Momo black,7.0,,100g,0.32,9.9,27.0,,,,
,Yaourts,en:Morocco,167.8,7.4,on,100g,d,delicimou chocolat,5.3,,100g,0.0,4.8,20.0,,,,
Crownfield,"Alimente și băuturi pe bază de plante,Alimente pe bază de plante,en:Breakfasts,Cereale și cartofi,en:Cereals and their products,en:Breakfast cereals,en:Flakes,en:Cereal flakes,en:Extruded flakes,en:Rolled flakes,en:Rolled oats,Cereale","Belgien,Frankreich,Deutschland,Italien,Niederlande,Spanien",372.5,7.0,on,100g,a,Copos de Avena Suaves,13.5,10.0,,0.03,1.3,0.7,"{'alcohol_100g': 0, 'beta-carotene_100g': 0, 'calcium_100g': 0.0843, 'cholesterol_100g': 0, 'fructose_100g': 0, 'galactose_100g': 0, 'glucose_100g': 0, 'iodine_100g': 5e-07, 'lactose_100g': 0, 'maltose_100g': 0, 'pantothenic-acid_100g': 0.00131, 'phylloquinone_100g': 2e-06, 'polyols_100g': 0, 'potassium_100g': 0.377, 'sucrose_100g': 0.97, 'vitamin-b12_100g': 0, 'vitamin-b2_100g': 0.00014, 'vitamin-b6_100g': 0.00012, 'vitamin-b9_100g': 3.96e-05, 'vitamin-d_100g': 0, 'vitamin-pp_100g': 0.00096, 'water_100g': 10.1}",,,
L'atelier Blini,"Plant-based foods and beverages,Plant-based foods,Condiments,Spreads,Plant-based spreads,Salted spreads,Sauces,Dips,Hummus,Classic hummus","France,Spain,Switzerland",317.0,26.8,on,100g,c,Houmous extra - Pois chiches français & graines de sésame,6.9,6.15,100g,1.16,2.6,0.1,"{'alcohol_100g': 0, 'beta-carotene_100g': 6.13e-06, 'calcium_100g': 0.13881558, 'cholesterol_100g': 0, 'copper_100g': 0.0002979778, 'fructose_100g': 0.0077978, 'galactose_100g': 0, 'glucose_100g': 0.008054, 'iodine_100g': 2.705e-06, 'iron_100g': 0.002343747, 'lactose_100g': 0.0072, 'magnesium_100g': 0.05298272, 'maltose_100g': 0.0077978, 'manganese_100g': 0.00047319243, 'pantothenic-acid_100g': 0.0001501, 'phosphorus_100g': 0.11341, 'phylloquinone_100g': 1.58207e-05, 'polyols_100g': 0.12, 'potassium_100g': 0.12212286, 'selenium_100g': 1.55115e-05, 'starch_100g': 5.5208, 'sucrose_100g': 0.24536, 'vitamin-a_100g': 0, 'vitamin-b12_100g': 0, 'vitamin-b1_100g': 0.00011078, 'vitamin-b2_100g': 3.77e-05, 'vitamin-b6_100g': 0.00023558, 'vitamin-b9_100g': 2.9354e-05, 'vitamin-c_100g': 4.8e-05, 'vitamin-d_100g': 0, 'vitamin-e_100g': 0.005682, 'vitamin-pp_100g': 0.00061864, 'water_100g': 54.93256, 'zinc_100g': 0.001154043}",,,
Van Houten,"Cacao et dérivés,Cacaos et chocolats en poudre,Cacaos en poudre",France,379.0,21.0,on,100g,unknown,Cacao en Poudre Non Sucré,20.0,28.0,100g,0.08,13.0,0.9,"{'alcohol_100g': 0, 'beta-carotene_100g': 2.45e-06, 'calcium_100g': 0.1372, 'cholesterol_100g': 0, 'copper_100g': 0.003822, 'fructose_100g': 0.098, 'galactose_100g': 0, 'glucose_100g': 0.098, 'iodine_100g': 9.8e-06, 'iron_100g': 0.04753, 'lactose_100g': 0.098, 'magnesium_100g': 0.49, 'maltose_100g': 0.098, 'manganese_100g': 0.004018, 'pantothenic-acid_100g': 0.0008036, 'phosphorus_100g': 0.6762, 'phylloquinone_100g': 3.822e-06, 'polyols_100g': 0.245, 'potassium_100g': 3.822, 'selenium_100g': 9.8e-06, 'starch_100g': 8.33, 'sucrose_100g': 0.882, 'vitamin-a_100g': 0, 'vitamin-b12_100g': 0, 'vitamin-b1_100g': 7.448e-05, 'vitamin-b2_100g': 0.0001176, 'vitamin-b6_100g': 4.9e-06, 'vitamin-b9_100g': 0.00010486, 'vitamin-c_100g': 0.000245, 'vitamin-d_100g': 2.6754e-06, 'vitamin-e_100g': 0.0005978, 'vitamin-pp_100g': 0.001127, 'water_100g': 3.43, 'zinc_100g': 0.006272}",,,
Gerblé,"Snacks, Snacks sucrés, Biscuits et gâteaux, Biscuits","Frankrijk,Réunion",48.0,1.5,on,100g,a,Cranberry saveur amande,0.8,0.6,100g,0.02,0.2,1.8,"{'alcohol_100g': 0, 'beta-carotene_100g': 5.789e-06, 'calcium_100g': 0.02025185, 'cholesterol_100g': 0, 'copper_100g': 0.000209048, 'fructose_100g': 0.108005, 'galactose_100g': 0, 'glucose_100g': 0.24859, 'iodine_100g': 8.46435e-06, 'iron_100g': 0.00172928, 'lactose_100g': 0.068, 'magnesium_100g': 0.057465, 'maltose_100g': 0.7072, 'manganese_100g': 0.001695934, 'pantothenic-acid_100g': 0.000373215, 'phosphorus_100g': 0.1642445, 'phylloquinone_100g': 1.18005e-06, 'polyols_100g': 0.01325, 'potassium_100g': 0.2137504, 'selenium_100g': 8.8918e-06, 'starch_100g': 40.60615, 'sucrose_100g': 8.391265, 'vitamin-a_100g': 0, 'vitamin-b12_100g': 0, 'vitamin-b1_100g': 0.000187021, 'vitamin-b2_100g': 1.2219e-05, 'vitamin-b6_100g': 9.5911e-05, 'vitamin-b9_100g': 1.9014e-05, 'vitamin-c_100g': 0.0008961, 'vitamin-d_100g': 1.092e-07, 'vitamin-e_100g': 0.009789725, 'vitamin-pp_100g': 0.0003415, 'water_100g': 13.170575, 'zinc_100g': 0.001404015}",,,
Gerblé,"Snacks,Sweet snacks,Biscuits and cakes,Biscuits and crackers,Biscuits,Dry biscuits","Belgium,France,Réunion,Switzerland",432.0,14.0,on,100g,c,Goûter aux raisins,9.4,6.1,100g,0.0,1.3,21.0,"{'alcohol_100g': 0, 'beta-carotene_100g': 6.784e-06, 'calcium_100g': 0.0308466, 'cholesterol_100g': 0, 'copper_100g': 0.000317474, 'fructose_100g': 3.66435, 'galactose_100g': 0, 'glucose_100g': 3.46435, 'iodine_100g': 7, 'iron_100g': 0.001745705, 'lactose_100g': 0.07435, 'magnesium_100g': 0.0636773, 'maltose_100g': 0.65271, 'manganese_100g': 0.001449001, 'pantothenic-acid_100g': 0.00037767, 'phosphorus_100g': 0.1649665, 'phylloquinone_100g': 1.67361e-05, 'polyols_100g': 0.069055, 'potassium_100g': 0.3743742, 'selenium_100g': 8.6845e-06, 'starch_100g': 35.99195, 'sucrose_100g': 12.47209, 'vitamin-a_100g': 0, 'vitamin-b12_100g': 1.2e-09, 'vitamin-b1_100g': 0.000195105, 'vitamin-b2_100g': 4.238e-05, 'vitamin-b6_100g': 9.718e-05, 'vitamin-b9_100g': 5.18293e-05, 'vitamin-c_100g': 0.0001735, 'vitamin-d_100g': 9.022e-08, 'vitamin-e_100g': 0.00452951, 'vitamin-pp_100g': 0.00023912, 'water_100g': 9.239935, 'zinc_100g': 0.00137889}",,,
سلطان,"Beverages and beverages preparations,Plant-based foods and beverages,Beverages,Plant-based foods,Fruits and vegetables based foods,Fruits based foods,Fruits,Waters,Spring waters,Mineral waters,Unsweetened beverages,Natural mineral waters,Non-carbonated natural mineral waters","Morocco, en:france",0.0,0.0,on,100g,a,Aïn Soltane,0.0,,100ml,0.0,0.0,0.0,,,,
La Boulangère Bio,Pains,"France,Suisse",314.0,11.0,on,100g,b,Tartines Bio quinoa & graines 450g,9.1,5.3,100g,1.0,0.9,5.0,,,,
Milka,"snacks, snacks-sucrés, cacao-et-dérivés, chocolats, chocolats-au-lait, tablette-de-chocolat-au-lait, en:cacao-et-dérivés, es:chocolates-con-leche, fr:chocolats, fr:chocolats-au-lait, en:snacks-sucrés","Algeria, Austria, Bulgaria, France, Germany, Hungary, Italy, Morocco, Poland, Portugal, Tunisia, United Kingdom, en:spain",539.0,31.0,on,100g,e,Chocolat au lait,6.5,2.3,100g,0.28,19.0,55.0,"{'alcohol_100g': 0, 'beta-carotene_100g': 2.79131944444444e-06, 'calcium_100g': 0.0719666666666667, 'cholesterol_100g': 0.00427777777777777, 'copper_100g': 1.28611111111111e-05, 'fructose_100g': 0.000458333333333333, 'galactose_100g': 0.000458333333333333, 'glucose_100g': 0.00115277777777778, 'iodine_100g': 6.59722222222222e-07, 'iron_100g': 7.04722222222222e-05, 'lactose_100g': 2.95034722222222, 'magnesium_100g': 0.00769444444444444, 'maltose_100g': 0.000458333333333333, 'manganese_100g': 1.77361111111111e-05, 'pantothenic-acid_100g': 0.000200277777777778, 'phosphorus_100g': 0.0548888888888889, 'phylloquinone_100g': 1.26388888888889e-07, 'polyols_100g': 0, 'potassium_100g': 0.103263916666667, 'selenium_100g': 3.64444444444445e-06, 'starch_100g': 0.000625, 'sucrose_100g': 55.4605277777778, 'vitamin-a_100g': 1.19861111111111e-05, 'vitamin-b12_100g': 2.23472222222222e-07, 'vitamin-b1_100g': 2.51180555555556e-05, 'vitamin-b2_100g': 9.42638888888889e-05, 'vitamin-b6_100g': 2.40763888888889e-05, 'vitamin-b9_100g': 2.19861111111111e-06, 'vitamin-c_100g': 0.000339756944444445, 'vitamin-d_100g': 2.64513888888888e-08, 'vitamin-e_100g': 0.000696986111111111, 'vitamin-pp_100g': 5.30625e-05, 'water_100g': 0.248958333333333, 'zinc_100g': 0.000267569444444444}",,,
Harrys,"Aliments et boissons à base de végétaux,Aliments d'origine végétale,Céréales et pommes de terre,Céréales et dérivés,Pains,Pains de mie,Pains surgelés,Pains de mie aux céréales",France,278.0,6.5,on,100g,a,American sandwich Céréales,9.0,7.6,100g,1.0,0.6,4.0,"{'alcohol_100g': 0.00055, 'beta-carotene_100g': 3.4171875e-06, 'calcium_100g': 0.02730296, 'chloride_100g': 0.00231, 'cholesterol_100g': 2.23125, 'fructose_100g': 0.08182, 'galactose_100g': 0, 'glucose_100g': 0.10095, 'iodine_100g': 1.4920625e-05, 'lactose_100g': 0.057725, 'maltose_100g': 0.5593275, 'pantothenic-acid_100g': 0.0003147025, 'phylloquinone_100g': 3.87339e-06, 'polyols_100g': 0.012125, 'potassium_100g': 0.23651918, 'sucrose_100g': 0.510055, 'vitamin-b12_100g': 2.1675, 'vitamin-b1_100g': 0.0002651535, 'vitamin-b2_100g': 1.34025e-05, 'vitamin-b6_100g': 0.00012866575, 'vitamin-b9_100g': 2.5208075e-05, 'vitamin-d_100g': 6.855875e-08, 'vitamin-pp_100g': 0.0002778925, 'water_100g': 31.026435}",,,
Vemondo,"Beverages and beverages preparations,Plant-based foods and beverages,Beverages,Plant-based foods,Dairy substitutes,Milk substitutes,Nuts and their products,Plant-based beverages,Plant-based milk alternatives,Nut-based drinks,Almond-based drinks,Frühstücke,Getränke,Nüsse-und-nussprodukte,Pflanzliche-getränke,Pflanzliche-lebensmittel-und-getränke","Bulgaria, Croatia, Czech Republic, France, Germany, Hungary, Italy, Malta, Poland, Romania, Slovakia, Slovenia, Switzerland, en:greece",14.0,1.2,on,100g,b,Almond Drink Sugar-Free,0.5,0.2,,0.15,0.1,0.0,"{'alcohol_100g': 0, 'beta-carotene_100g': 9.2e-08, 'calcium_100g': 0.0124135275, 'cholesterol_100g': 0, 'copper_100g': 4.015225e-05, 'fructose_100g': 0, 'galactose_100g': 0, 'glucose_100g': 0.00069, 'iodine_100g': 7.925e-07, 'iron_100g': 0.00010451, 'lactose_100g': 0, 'magnesium_100g': 0.0074341325, 'maltose_100g': 0.00322, 'manganese_100g': 4.3198635e-05, 'pantothenic-acid_100g': 7.13e-06, 'phosphorus_100g': 0.011069, 'phylloquinone_100g': 0, 'polyols_100g': 0, 'potassium_100g': 0.0159363275, 'selenium_100g': 7.1125e-07, 'starch_100g': 0.023, 'sucrose_100g': 0.10258, 'vitamin-a_100g': 0, 'vitamin-b12_100g': 0, 'vitamin-b1_100g': 4.37e-06, 'vitamin-b2_100g': 1.633e-05, 'vitamin-b6_100g': 2.76e-06, 'vitamin-b9_100g': 1.127e-06, 'vitamin-c_100g': 0, 'vitamin-d_100g': 0, 'vitamin-e_100g': 0.0005474, 'vitamin-pp_100g': 8.05e-05, 'water_100g': 96.2815425, 'zinc_100g': 7.895525e-05}",,,
St Michel,"Snacks,Sweet snacks,Biscuits and cakes,Cakes,Pound Cake,Madeleines,Plain madeleines,fr:koekjes-en-cakes,fr:zoete-snacks","France, Martinique, Switzerland, La Réunion, en:reunion",419.0,21.0,on,100g,d,Petites Madeleines,5.5,1.5,100g,0.71,2.0,23.0,,,,
Chergui,"Produits laitiers,Laits (fluide et poudre),Laits,Produits pasteurisés,Laits frais,Laits pasteurisés,Laits de vache",Maroc,57.2078065492704,2.90887151945442,on,100g,b,Lait Frais 15 jours,3.00583390343624,,100ml,0.0861887857616126,1.61603973303024,4.75115681510889,,,,
Ciel,"Boissons et préparations de boissons,Boissons,Eaux,Eaux de sources,Eaux de table","France, Morocco, en:united-states",0.0,0.0,on,100g,a,Eau de table,0.0,0.0,100ml,0.00625,0.0,0.0,,,,
la Boulangère,"Aliments et boissons à base de végétaux,Aliments d'origine végétale,Snacks,Céréales et pommes de terre,Snacks sucrés,en:Sweet pastries and pies,Pains,Viennoiseries,Pains de mie,Pains de mie aux céréales",France,304.0,10.0,on,100g,b,Tartines céréales 450g,10.0,5.8,100g,1.1,1.0,2.9,"{'alcohol_100g': 0.0011, 'beta-carotene_100g': 4.50258333333333e-06, 'calcium_100g': 0.0353431166666667, 'chloride_100g': 0.0018, 'cholesterol_100g': 3.15e-06, 'copper_100g': 0.000273551383333333, 'fructose_100g': 0.0587696666666667, 'galactose_100g': 0, 'glucose_100g': 0.0641416666666667, 'iodine_100g': 2.21689166666667e-05, 'iron_100g': 0.00168260866666667, 'lactose_100g': 0.0549916666666667, 'magnesium_100g': 0.06702073, 'maltose_100g': 0.551511666666667, 'manganese_100g': 0.00138651117666667, 'pantothenic-acid_100g': 0.000340468333333333, 'phosphorus_100g': 0.169878166666667, 'phylloquinone_100g': 1.1798185e-05, 'polyols_100g': 0, 'potassium_100g': 0.212633696666667, 'selenium_100g': 6.49349333333333e-06, 'starch_100g': 30.6804666666667, 'sucrose_100g': 0.440365, 'vitamin-a_100g': 9.45e-08, 'vitamin-b12_100g': 3.06e-09, 'vitamin-b1_100g': 0.000336508333333333, 'vitamin-b2_100g': 2.21108333333333e-05, 'vitamin-b6_100g': 0.0001406145, 'vitamin-b9_100g': 3.25226833333333e-05, 'vitamin-c_100g': 0.000201941666666667, 'vitamin-d_100g': 6.64516666666667e-08, 'vitamin-e_100g': 0.00687249033333333, 'vitamin-pp_100g': 0.000433066666666667, 'water_100g': 24.337583, 'zinc_100g': 0.00148375983333333}",,,
Lindt Excellence,"Snacks,Sweet snacks,Cocoa and its products,Chocolates,Dark chocolates,Dark chocolate bar with more than 70% cocoa","Australia,Austria,Belgium,Bulgaria,France,Germany,Italy,Lebanon,Morocco,Romania,Spain,Switzerland,Thailand,United Kingdom",537.0,49.0,on,100g,e,99% Cocoa / Cacao,14.0,0.0,100g,0.7,30.0,1.0,"{'alcohol_100g': 0, 'beta-carotene_100g': 2.4796875e-06, 'calcium_100g': 0.138865959375, 'cholesterol_100g': 0, 'copper_100g': 0.00386831765625, 'fructose_100g': 0.0991875, 'galactose_100g': 0, 'glucose_100g': 0.0991875, 'iodine_100g': 9.91903125e-06, 'iron_100g': 0.0481060096875, 'lactose_100g': 0.0991875, 'magnesium_100g': 0.495939046875, 'maltose_100g': 0.0991875, 'manganese_100g': 0.00406669340625, 'pantothenic-acid_100g': 0.0008133375, 'phosphorus_100g': 0.68439375, 'phylloquinone_100g': 3.8683125e-06, 'polyols_100g': 0.24796875, 'potassium_100g': 3.86832515625, 'selenium_100g': 9.9234375e-06, 'starch_100g': 8.4309375, 'sucrose_100g': 0.98625, 'vitamin-a_100g': 0, 'vitamin-b12_100g': 0, 'vitamin-b1_100g': 7.53825e-05, 'vitamin-b2_100g': 0.0001190428125, 'vitamin-b6_100g': 4.959375e-06, 'vitamin-b9_100g': 0.000106130625, 'vitamin-c_100g': 0.00024796875, 'vitamin-d_100g': 2.70781875e-06, 'vitamin-e_100g': 0.00061798125, 'vitamin-pp_100g': 0.00114065625, 'water_100g': 3.471721875, 'zinc_100g': 0.00634801875}",,,
Lukus,"Seafood,Fishes and their products,Fishes,Fatty fishes,Fish fillets,Mackerels,Mackerel fillets","Morocco,United States",180.0,6.4,on,100g,a,,30.1,,100g,0.5,1.5,0.16,,,,
Gerblé,"Snacks,Snacks sucrés,Biscuits et gâteaux,Biscuits sucrés & biscuits apéritifs,Biscuits","France,La Réunion",448.0,17.0,on,100g,c,"Biscuits 3 graines Kasha, Sésame, Pavot",9.5,8.7,100g,0.42,1.6,17.0,,,,
Danone,"Produits laitiers,Produits fermentés,Produits laitiers fermentés,Desserts,Desserts lactés,Desserts lactés fermentés,Yaourts,Desserts lactés fermentés nature,Yaourts natures","France,Maroc",66.2,3.0,on,100g,b,Yaourt Nature,3.0,,100g,0.34125,2.0,6.7,,,,
Nescafe,Cafés solubles,"France,Maroc,Tunisie",,,on,100g,unknown,Nescafé,,,100g,,,,,,,
Coke ZERO,"Bebidas y preparaciones de bebidas,Bebidas,Bebidas carbonatadas,Bebidas endulzadas artificialmente,Sodas,Bebidas light,Bebidas no azucaradas,Bebidas de cola,Sodas light,Bebida de cola light","Algeria, Belgium, France, Germany, Greece, Hungary, Italy, Kazakhstan, Morocco, Poland, Portugal, Senegal, Spain, Switzerland, Tunisia, Ukraine, en:bulgaria",0.0,0.0,on,100g,c,Cocacola zero sugar,0.0,0.0,,0.02,0.0,0.0,,,,
Herta,"Viandes et dérivés, Charcuteries, en:Specific products, Jambons, en:Products for specific diets, Jambons blancs, Jambon cuit supérieur, Produits à teneur réduite en sel, Jambon cuit supérieur découenné, Porc et dérivés, en:Pork (prepared)",France,112.8,2.4,on,100g,c,HERTA LE BON PARIS Jambon sel réduit sans nitrite x4-140g,22.0,0.0,100g,1.375,1.0,0.0,"{'alcohol_100g': 0.0006875, 'beta-carotene_100g': 0, 'calcium_100g': 0.01010721875, 'cholesterol_100g': 0.07746375, 'copper_100g': 6.807390625e-05, 'fructose_100g': 0.000171875, 'galactose_100g': 0, 'glucose_100g': 0.000171875, 'iodine_100g': 1.204329375e-05, 'iron_100g': 0.0008662875, 'lactose_100g': 0.000171875, 'magnesium_100g': 0.028357171875, 'maltose_100g': 0.000171875, 'manganese_100g': 1.383875e-05, 'pantothenic-acid_100g': 0.00066539375, 'phosphorus_100g': 0.2225528125, 'phylloquinone_100g': 1.2910625e-07, 'polyols_100g': 0, 'potassium_100g': 0.37564771875, 'selenium_100g': 1.56934375e-05, 'starch_100g': 0, 'sucrose_100g': 0.000171875, 'vitamin-a_100g': 4.53858125e-06, 'vitamin-b12_100g': 5.8594375e-07, 'vitamin-b1_100g': 0.00080443125, 'vitamin-b2_100g': 0.0001589, 'vitamin-b6_100g': 0.0003575284375, 'vitamin-b9_100g': 7.10084375e-06, 'vitamin-c_100g': 0.0002698625, 'vitamin-d_100g': 5.0649375e-07, 'vitamin-e_100g': 0.000119175, 'vitamin-pp_100g': 0.00664400625, 'water_100g': 59.2117490625, 'zinc_100g': 0.0023639915625}",,,
Lucien Georgelin,"Breakfasts, Spreads, Sweet spreads, fr:Pâtes à tartiner, en:cocoa-and-hazelnuts-spreads","France,La Réunion",552.0,33.0,on,100g,e,Pâte à tartiner noisette du Lot et Garonne cacao,8.6,0.0,100g,0.13,3.0,55.0,"{'alcohol_100g': 0, 'beta-carotene_100g': 2.834e-06, 'calcium_100g': 0.1744258, 'cholesterol_100g': 0.001495, 'copper_100g': 0.0005563835, 'fructose_100g': 0.02323, 'galactose_100g': 0.01623, 'glucose_100g': 0.05523, 'iodine_100g': 3.2145e-06, 'iron_100g': 0.00394462, 'lactose_100g': 6.1295, 'magnesium_100g': 0.0741562, 'maltose_100g': 0.02323, 'manganese_100g': 0.00082324075, 'pantothenic-acid_100g': 0.0007223, 'phosphorus_100g': 0.21379, 'phylloquinone_100g': 1.853e-05, 'polyols_100g': 0.0175, 'potassium_100g': 0.60768205, 'selenium_100g': 6.895e-06, 'starch_100g': 0.6238, 'sucrose_100g': 37.22623, 'vitamin-a_100g': 1.12125e-06, 'vitamin-b12_100g': 4.623e-07, 'vitamin-b1_100g': 0.00011077, 'vitamin-b2_100g': 0.000201915, 'vitamin-b6_100g': 8.225e-05, 'vitamin-b9_100g': 2.20045e-05, 'vitamin-c_100g': 0.000759, 'vitamin-d_100g': 2.1397e-07, 'vitamin-e_100g': 0.009717305, 'vitamin-pp_100g': 0.00029875, 'water_100g': 1.6993, 'zinc_100g': 0.00134398}",,,
Lidl Organic,"Snacks,Snacks sucrés,Cacao et dérivés,Chocolats,Chocolats noirs,Chocolat noir en tablette extra dégustation à 70% de cacao minimum","Belgium, Bulgaria, France, Germany, Greece, Italy, Portugal, Romania, Serbia, Spain, Switzerland, en:netherlands",600.0,41.6,on,100g,e,Bio Chocolat Noir,8.5,11.1,,0.0,25.0,28.0,,,,
Lustucru,"Aliments et boissons à base de végétaux,Aliments d'origine végétale,Céréales et pommes de terre,Céréales et dérivés,Gnocchi,Gnocchi de semoule de blé dur,Gnocchi de pommes de terre,Gnocchis cuits, Pâtes fraîches",France,190.0,2.7,on,100g,c,Gnocchi à poêler,5.0,2.6,100g,1.1,0.3,1.5,,,,
La Boulangère,"Aliments et boissons à base de végétaux,Aliments d'origine végétale,Céréales et pommes de terre,Pains,Pains de mie,Pains de mie aux céréales",France,250.0,2.9,on,100g,b,Pain de mie grandes tranches Toastiligne céréales & graines 500g,11.0,5.9,100g,1.0,0.4,3.8,,,,
Jaouda,"Dairies,Milks (liquid and powder),Baby foods,Milks,Baby milks,Growth milks","Morocco, en:united-states",64.0,2.6,on,100g,not-applicable,Croissance réduit en sucre,2.5,0.0,100ml,0.0775,0.0,0.8,,,,
KRISPROLLS,"Aliments et boissons à base de végétaux,Aliments d'origine végétale,Céréales et pommes de terre,Céréales et dérivés,Pains,Pains grillés,Petits pains grillés",France,400.0,6.92307692307692,on,100g,c,Krisprolls complets sans sucres ajoutés,13.0769230769231,8.46153846153846,100g,1.07692307692308,0.769230769230769,3.84615384615385,,,,
Jaouda,"Produits laitiers,Produits fermentés,Produits laitiers fermentés,Desserts,Desserts lactés,Desserts lactés fermentés,Desserts lactés fermentés aux fruits,Yaourts,Yaourts aux fruits,Laitier",Maroc,121.0,5.0,on,100g,c,Yaourt tendre,4.2,,100g,0.0,0.0,14.9,,,,
Pom' Potes,"Aliments et boissons à base de végétaux, Aliments d'origine végétale, Aliments à base de fruits et de légumes, Desserts, Fruits et produits dérivés, Compotes, Compotes de pomme, Compotes pommes nature, Compotes à boire, Desserts de fruits, Compotes sans sucres","France, Switzerland, en:morocco",57.7777777777778,0.6,on,100g,a,POM'POTES Compotes Gourdes Pomme Nature 1x90g,0.5,1.2,100g,0.01,0.2,11.0,"{'alcohol_100g': 0, 'beta-carotene_100g': 1.69505e-05, 'calcium_100g': 0.00499325, 'cholesterol_100g': 0, 'copper_100g': 3.093475e-05, 'fructose_100g': 6.0125475, 'galactose_100g': 0, 'glucose_100g': 3.2408275, 'iodine_100g': 1.0045e-07, 'iron_100g': 6.98875e-05, 'lactose_100g': 1.8, 'magnesium_100g': 0.003994, 'maltose_100g': 1.5, 'manganese_100g': 3.7901e-05, 'pantothenic-acid_100g': 7.085525e-05, 'phosphorus_100g': 0.01097375, 'phylloquinone_100g': 5.982e-07, 'polyols_100g': 0.58823, 'potassium_100g': 0.0898065, 'selenium_100g': 1.518375e-07, 'starch_100g': 0, 'sucrose_100g': 0.8180875, 'vitamin-a_100g': 0, 'vitamin-b12_100g': 0, 'vitamin-b1_100g': 1.897375e-05, 'vitamin-b2_100g': 2.792275e-05, 'vitamin-b6_100g': 3.692125e-05, 'vitamin-b9_100g': 7.5, 'vitamin-c_100g': 0.0040066, 'vitamin-d_100g': 0, 'vitamin-e_100g': 4.99625e-05, 'vitamin-pp_100g': 9.0877e-05, 'water_100g': 86.509275, 'zinc_100g': 4.9895e-05}",,,
Harry's,"Plant-based foods and beverages,Plant-based foods,Cereals and potatoes,Breads,Sliced breads,Wholemeal breads,Wholemeal sliced breads, Surgelés, Pains surgelés",France,280.0,6.8,on,100g,b,Pain de mie american sandwich complet sans sucres ajoutés maxi 900g,7.7,8.1,100g,1.1,0.5,3.6,"{'alcohol_100g': 0.000228125, 'beta-carotene_100g': 3.32370361328125e-06, 'calcium_100g': 0.020285781484375, 'cholesterol_100g': 1.24755859375e-07, 'copper_100g': 0.000191017515234375, 'fructose_100g': 0.0743565039062499, 'galactose_100g': 0, 'glucose_100g': 0.0799313085937499, 'iodine_100g': 1.0940791015625e-05, 'iron_100g': 0.00146573508203125, 'lactose_100g': 0.06700517578125, 'magnesium_100g': 0.048652716484375, 'maltose_100g': 0.6882278515625, 'manganese_100g': 0.00145428502820312, 'pantothenic-acid_100g': 0.00032, 'phosphorus_100g': 0.14591317578125, 'phylloquinone_100g': 1.569017578125e-06, 'polyols_100g': 0.00228125, 'potassium_100g': 0.18722685078125, 'selenium_100g': 6.939069140625e-06, 'starch_100g': 39.1409613476563, 'sucrose_100g': 0.37093025390625, 'vitamin-a_100g': 3.74267578125e-09, 'vitamin-b12_100g': 1.2119140625e-10, 'vitamin-b1_100g': 0.000176346140625, 'vitamin-b2_100g': 3.7020703125e-06, 'vitamin-b6_100g': 7.3283234375e-05, 'vitamin-b9_100g': 1.74440423828125e-05, 'vitamin-c_100g': 0.000185004423828125, 'vitamin-d_100g': 8.5846337890625e-08, 'vitamin-e_100g': 0.00102764430664062, 'vitamin-pp_100g': 4.151048828125e-05, 'water_100g': 39.5091391328125, 'zinc_100g': 0.001262844296875}",,,
Star,"Condiments, Sauces, Algerian-sauces, Groceries, en:algerian-style-sauces",Maroc,385.56,33.0,on,100g,e,,1.31,,100ml,2.2,2.57,16.0,,,,
Andros,"Petit-déjeuners,Produits à tartiner,Produits à tartiner sucrés,Pâtes à tartiner,Beurres de cacahuetes croustillants","France, en:reunion",612.0,49.0,on,100g,c,Be Nuts! Pâte à tartiner Cacahuète,22.0,5.4,,0.53,8.7,12.0,"{'beta-carotene_100g': 2.1640625e-06, 'calcium_100g': 0.0488096825, 'cholesterol_100g': 0, 'copper_100g': 0.000392017825, 'fructose_100g': 0.085, 'galactose_100g': 0, 'glucose_100g': 0.085, 'iodine_100g': 1.36115e-05, 'iron_100g': 0.001368241125, 'lactose_100g': 0.085, 'magnesium_100g': 0.161666363125, 'maltose_100g': 0.085, 'manganese_100g': 0.001192219375, 'pantothenic-acid_100g': 0.001496, 'phosphorus_100g': 0.34008184375, 'phylloquinone_100g': 3.4625e-07, 'polyols_100g': 0, 'potassium_100g': 0.59648807875, 'selenium_100g': 2.6095075e-05, 'starch_100g': 4.25, 'sucrose_100g': 13.7475, 'vitamin-a_100g': 0, 'vitamin-b12_100g': 0, 'vitamin-b1_100g': 0.0003655, 'vitamin-b2_100g': 2.20625e-05, 'vitamin-b6_100g': 0.00034005035, 'vitamin-b9_100g': 7.5905e-05, 'vitamin-c_100g': 0.0002125, 'vitamin-d_100g': 2.03125e-09, 'vitamin-e_100g': 0.0030425625, 'vitamin-pp_100g': 0.00901, 'water_100g': 2.056105925, 'zinc_100g': 0.002552532825}",,,
idna,en:spring-waters,"Morocco, en:united-states",,,on,100g,a,العين,,,100ml,0.03575,,,,,,
Star,"Condiments,Matières grasses,Sauces,Mayonnaises,en:groceries",Maroc,592.0,65.21,on,100g,d,Mayonnaise,1.12,,100g,1.75,9.8,0.05,,,,
RIGONI DI ASIAGO BIO,"Breakfasts,Spreads,Sweet spreads,fr:Pâtes à tartiner,Hazelnut spreads,Chocolate spreads,Cocoa and hazelnuts spreads","France, en:switzerland",545.0,33.0,on,100g,e,Nocciolata - Pâte à tartiner au cacao et noisettes,5.4,4.8,100g,0.0,5.5,53.0,"{'alcohol_100g': 1.603875, 'beta-carotene_100g': 3.75675e-06, 'calcium_100g': 0.04025435, 'cholesterol_100g': 0, 'copper_100g': 0.00076452875, 'fructose_100g': 0.0305, 'galactose_100g': 0.0195, 'glucose_100g': 0.0695, 'iodine_100g': 4.692e-06, 'iron_100g': 0.00596018, 'lactose_100g': 0.0305, 'magnesium_100g': 0.0870910625, 'maltose_100g': 0.0305, 'manganese_100g': 0.0011211195, 'pantothenic-acid_100g': 0.00041, 'phosphorus_100g': 0.143295375, 'phylloquinone_100g': 5.68e-07, 'polyols_100g': 0.0275, 'potassium_100g': 0.606765375, 'selenium_100g': 6.525e-06, 'starch_100g': 0.9701, 'sucrose_100g': 39.918, 'vitamin-a_100g': 0, 'vitamin-b12_100g': 0, 'vitamin-b1_100g': 7.661e-05, 'vitamin-b2_100g': 3.777e-05, 'vitamin-b6_100g': 4.242625e-05, 'vitamin-b9_100g': 2.4484e-05, 'vitamin-c_100g': 7.625e-05, 'vitamin-d_100g': 3.45475e-07, 'vitamin-e_100g': 0.01208285, 'vitamin-pp_100g': 0.00026495, 'water_100g': 5.0214625, 'zinc_100g': 0.0011670375}",,,
"General Mills,Nature Valley","Snacks,Sweet snacks,Bars,Cereal bars,Chocolate cereal bars",France,473.0,19.8,on,100g,d,Crunchy Avoine & Chocolat Noir x 5 x 2 barres de 21 g,8.7,7.0,100g,0.65,3.4,26.8,,,,
Pringles,"Cibi e bevande a base vegetale,Cibi a base vegetale,Cibi a base di frutta e verdura,Snack,Cibi e bevande a base de verduras,Snacks salati,Cibi a base di verdure,Antipasti,Patatine e fritti,en:Vegetables,Patatine sottili,en:Crisps made from reconstituted potato","France, Italy, Portugal, Réunion, en:guadeloupe",534.0,31.0,on,100g,d,Pringles Original,5.9,3.5,100g,1.1,6.6,1.4,,,,
"Lu, Mondelez International","Snacks,Snacks sucrés,Biscuits et gâteaux,Biscuits sucrés & biscuits apéritifs,Biscuits,Gâteaux secs","France,Nouvelle-Calédonie,La Réunion,Suisse",453.0,14.0,on,100g,e,Thé - Biscuits,7.5,3.4,,0.7,6.7,26.0,"{'alcohol_100g': 0, 'beta-carotene_100g': 3.36875e-06, 'calcium_100g': 0.0422110359375, 'cholesterol_100g': 0.00024375, 'copper_100g': 0.00019045328125, 'fructose_100g': 3.6295375, 'galactose_100g': 3.75e-05, 'glucose_100g': 0.0670375, 'iodine_100g': 9.6574375e-06, 'iron_100g': 0.00149738734375, 'lactose_100g': 1.062625, 'magnesium_100g': 0.05131069140625, 'maltose_100g': 0.6968375, 'manganese_100g': 0.001476643375, 'pantothenic-acid_100g': 0.000387225, 'phosphorus_100g': 0.165525625, 'phylloquinone_100g': 8.69875e-07, 'polyols_100g': 1.93125, 'potassium_100g': 0.2213735546875, 'selenium_100g': 8.4255859375e-06, 'starch_100g': 39.731, 'sucrose_100g': 18.3392375, 'vitamin-a_100g': 1.828125e-07, 'vitamin-b12_100g': 7.5375e-08, 'vitamin-b1_100g': 0.0001822625, 'vitamin-b2_100g': 3.4895e-05, 'vitamin-b6_100g': 8.1575e-05, 'vitamin-b9_100g': 1.7884625e-05, 'vitamin-c_100g': 0.000281875, 'vitamin-d_100g': 8.74375e-08, 'vitamin-e_100g': 0.00172230625, 'vitamin-pp_100g': 5.05625e-05, 'water_100g': 8.382694140625, 'zinc_100g': 0.001360890625}",,,
Fleury Michon,"Meats and their products,Meats,Prepared meats,Specific products,Hams,Products for specific diets,White hams,Products with reduced salt,Prepared meats with less salt,White hams with less salt,fr:Jambon sans couenne",France,115.0,2.8,on,100g,c,Le Supérieur -25% de Sel - Conservation sans Nitrite,22.0,,100g,1.4,1.0,0.5,,,,
les Eaux Minérales d’Oulmes,"Beverages and beverages preparations, Beverages, Waters, Spring waters, Mineral waters, Natural mineral waters, en:carbonated-mineral-waters",en:ma,,,on,100g,a,Eau minérale naturelle gazeuse,,,100g,,,,"{'alcohol_100g': 0, 'beta-carotene_100g': 0, 'calcium_100g': 0.00713, 'carbohydrates_100g': 0, 'cholesterol_100g': 0, 'copper_100g': 1.7e-05, 'energy-kcal_100g': 0, 'energy-kj_100g': 0, 'energy_100g': 0, 'fat_100g': 0, 'fiber_100g': 0, 'fructose_100g': 0, 'galactose_100g': 0, 'glucose_100g': 0, 'iodine_100g': 0, 'iron_100g': 3e-05, 'lactose_100g': 0, 'magnesium_100g': 0.00099, 'maltose_100g': 0, 'manganese_100g': 8.2e-07, 'pantothenic-acid_100g': 0, 'phosphorus_100g': 0, 'phylloquinone_100g': 0, 'polyols_100g': 0, 'potassium_100g': 0.00073, 'proteins_100g': 0, 'salt_100g': 0.0076, 'saturated-fat_100g': 0, 'selenium_100g': 5e-07, 'sodium_100g': 0.0024, 'starch_100g': 0, 'sucrose_100g': 0, 'sugars_100g': 0, 'vitamin-a_100g': 0, 'vitamin-b12_100g': 0, 'vitamin-b1_100g': 0, 'vitamin-b2_100g': 0, 'vitamin-b6_100g': 0, 'vitamin-b9_100g': 0, 'vitamin-c_100g': 0, 'vitamin-d_100g': 0, 'vitamin-e_100g': 0, 'vitamin-pp_100g': 0, 'water_100g': 100, 'zinc_100g': 1.1e-05}",,,
Alter Eco,"Snacks,Sweet snacks,Cocoa and its products,Chocolates,Dark chocolates,Dark chocolate bar","Belgium,France,Switzerland",631.0,53.0,on,100g,d,Noir equitable 85% Pérou,8.1,13.0,,0.01,32.0,14.0,"{'alcohol_100g': 0, 'beta-carotene_100g': 0, 'calcium_100g': 0.0002583, 'cholesterol_100g': 0, 'copper_100g': 3.85e-07, 'fructose_100g': 0, 'galactose_100g': 0, 'glucose_100g': 0, 'iodine_100g': 2.1e-08, 'iron_100g': 5.39e-06, 'lactose_100g': 0, 'magnesium_100g': 0.0001155, 'maltose_100g': 0, 'manganese_100g': 4.41e-07, 'pantothenic-acid_100g': 0, 'phosphorus_100g': 0, 'phylloquinone_100g': 0, 'polyols_100g': 0, 'potassium_100g': 0.000945, 'selenium_100g': 3.5e-07, 'starch_100g': 0, 'sucrose_100g': 6.986, 'vitamin-a_100g': 0, 'vitamin-b12_100g': 0, 'vitamin-b1_100g': 0, 'vitamin-b2_100g': 1.33e-06, 'vitamin-b6_100g': 0, 'vitamin-b9_100g': 0, 'vitamin-c_100g': 0, 'vitamin-d_100g': 0, 'vitamin-e_100g': 0.001674, 'vitamin-pp_100g': 0, 'water_100g': 0.0119, 'zinc_100g': 1.4e-06}",,,
chipsy d'or,"Aliments et boissons à base de végétaux,Aliments d'origine végétale,Graines,Graines de tournesol et dérivés,Graines de tournesol,Graines de tournesol grillées,Graines de tournesol grillées et salées","Morocco, en:france",520.0,29.0,on,100g,b,Pipas,24.6,2.7,100g,0.059,3.36,1.65,"{'alcohol_100g': 0, 'beta-carotene_100g': 2.31168875e-05, 'calcium_100g': 0.06989292675, 'cholesterol_100g': 0, 'copper_100g': 0.001178370925, 'fructose_100g': 0.038754425, 'galactose_100g': 0, 'glucose_100g': 0.05, 'iodine_100g': 0.00023777435, 'iron_100g': 0.003985171775, 'lactose_100g': 0.01251475, 'magnesium_100g': 0.282422602125, 'maltose_100g': 0.156393075, 'manganese_100g': 0.00175226695, 'pantothenic-acid_100g': 0.00068232595, 'phosphorus_100g': 0.386142915, 'phylloquinone_100g': 5.0059e-08, 'polyols_100g': 0, 'potassium_100g': 0.47048578275, 'selenium_100g': 7.6190678e-06, 'starch_100g': 10.27012575, 'sucrose_100g': 1.9443451, 'vitamin-a_100g': 0, 'vitamin-b12_100g': 0, 'vitamin-b1_100g': 0.00151695425, 'vitamin-b2_100g': 0.0001205785375, 'vitamin-b6_100g': 0.000943400425, 'vitamin-b9_100g': 0.00019364136075, 'vitamin-c_100g': 0.001080873875, 'vitamin-d_100g': 1.6269175e-08, 'vitamin-e_100g': 0.031811388025, 'vitamin-pp_100g': 0.003604841375, 'water_100g': 4.0892108825, 'zinc_100g': 0.00309767223}",,,
Dove,,"en:Morocco, France",,,on,100g,unknown,DOVE Déodorant Femme Anti-Transpirant Stick Original 50ml,,,100ml,,,,,,,
Kinder,Candy chocolate bars,"Australia,Belgium,Bulgaria,Czech Republic,Estonia,France,Greece,Hungary,Ireland,Italy,Latvia,Libya,Lithuania,Morocco,New Zealand,Poland,Portugal,Romania,Saudi Arabia,Spain,Switzerland,Tunisia,United Kingdom,United States",544.186046511628,37.3,on,100g,e,Kinder Bueno,8.6,0.0,,0.272,17.3,41.2,"{'alcohol_100g': 0, 'beta-carotene_100g': 1.18529541666667e-05, 'calcium_100g': 0.237937340833333, 'cholesterol_100g': 0.00874596041666667, 'fructose_100g': 0.0415866666666667, 'galactose_100g': 0.026745, 'glucose_100g': 0.0631866666666667, 'iodine_100g': 1.71134916666667e-05, 'lactose_100g': 9.73954166666667, 'maltose_100g': 0.178944166666667, 'pantothenic-acid_100g': 0.00104284833333333, 'phylloquinone_100g': 2.92688708333333e-06, 'polyols_100g': 0.000572916666666678, 'potassium_100g': 0.485956125, 'sucrose_100g': 30.0298708333333, 'vitamin-b12_100g': 6.37172083333333e-07, 'vitamin-b1_100g': 0.000142685916666667, 'vitamin-b2_100g': 0.000303267458333333, 'vitamin-b6_100g': 0.000109258208333333, 'vitamin-b9_100g': 2.26, 'vitamin-d_100g': 4.4126625e-07, 'vitamin-pp_100g': 0.000253349166666667, 'water_100g': 3.117685}",,,
Mondelez,"Snacks,Snacks sucrés,Cacao et dérivés,Chocolats,Chocolats noirs,Chocolats aux noisettes,Chocolats noirs aux noisettes,Chocolats noirs extra fin","Algérie,France,Guadeloupe,Maroc,Tunisie",570.0,39.0,on,100g,e,180G C OR NOIR NOISETTE,7.3,7.8,,0.01,16.0,40.0,"{'alcohol_100g': 0, 'beta-carotene_100g': 7.197875e-06, 'calcium_100g': 0.03574095, 'cholesterol_100g': 0.004536875, 'copper_100g': 0.00041041375, 'fructose_100g': 0.02400875, 'galactose_100g': 0.02400875, 'glucose_100g': 0.07200875, 'iodine_100g': 2.632125e-06, 'iron_100g': 0.00075068625, 'lactose_100g': 0.2563125, 'magnesium_100g': 0.039517, 'maltose_100g': 0.02400875, 'manganese_100g': 0.00079461275, 'pantothenic-acid_100g': 0.0004090875, 'phosphorus_100g': 0.08587875, 'phylloquinone_100g': 2.469375e-07, 'polyols_100g': 0, 'potassium_100g': 0.218836285, 'selenium_100g': 4.495125e-06, 'starch_100g': 0.0432, 'sucrose_100g': 39.02800875, 'vitamin-a_100g': 1.446265625e-05, 'vitamin-b12_100g': 1.77625e-08, 'vitamin-b1_100g': 8.589875e-05, 'vitamin-b2_100g': 3.499e-05, 'vitamin-b6_100g': 5.2255e-05, 'vitamin-b9_100g': 1.58033125e-05, 'vitamin-c_100g': 8.66875e-05, 'vitamin-d_100g': 6.277875e-08, 'vitamin-e_100g': 0.004582118125, 'vitamin-pp_100g': 0.00017443375, 'water_100g': 1.85138125, 'zinc_100g': 0.00057933125}",,,
,"Milks,milk",en:Morocco,58.0,3.0,on,100g,unknown,Salim,3.0,,100ml,,2.0,4.8,,,,
"Ferrero,Nutella","Breakfasts,Spreads,Sweet spreads,fr:Pâtes à tartiner,Hazelnut spreads,Chocolate spreads,Cocoa and hazelnuts spreads","Algeria, Czech Republic, Germany, Italy, Latvia, Morocco, Netherlands, Poland, Portugal, Slovakia, Spain, en:tunisia",539.0,30.9,on,100g,e,Nutella,6.3,3.0,100g,0.11,10.6,56.3,,,,
Céréal Bio,"Plant-based foods and beverages,Plant-based foods,Snacks,Cereals and potatoes,Extruded crispbreads",France,370.0,1.7,on,100g,b,Tartines craquantes sarrasin,12.0,3.5,100g,0.48,0.4,1.5,"{'alcohol_100g': 0, 'beta-carotene_100g': 0, 'calcium_100g': 0.0198389, 'cholesterol_100g': 0, 'copper_100g': 0.00041136, 'fructose_100g': 0.0277, 'galactose_100g': 0, 'glucose_100g': 0.0331225, 'iodine_100g': 4.5052e-06, 'iron_100g': 0.00202633, 'lactose_100g': 0.0277, 'magnesium_100g': 0.143981, 'maltose_100g': 0.1, 'manganese_100g': 0.001577, 'pantothenic-acid_100g': 0.00131704, 'phosphorus_100g': 0.273972, 'phylloquinone_100g': 5.55406e-06, 'polyols_100g': 0, 'potassium_100g': 0.356037, 'selenium_100g': 6.3127e-06, 'starch_100g': 68.8432, 'sucrose_100g': 0.265929, 'vitamin-a_100g': 0, 'vitamin-b12_100g': 0, 'vitamin-b1_100g': 0.00036615, 'vitamin-b2_100g': 0.000109835, 'vitamin-b6_100g': 0.00036859, 'vitamin-b9_100g': 5.52491e-05, 'vitamin-c_100g': 0.00025, 'vitamin-d_100g': 3.601e-08, 'vitamin-e_100g': 0.00041418, 'vitamin-pp_100g': 0.0034481, 'water_100g': 11.9061, 'zinc_100g': 0.0020507}",,,
Fleury Michon,"Viandes et dérivés,Poulet et dérivés,Blancs de volaille en tranches,Charcuteries de poulet,Blancs de poulet en tranches",France,103.0,1.9,on,100g,a,Blanc de Poulet  - 25% de Sel*,21.0,0.5,100g,1.4,0.5,0.5,"{'alcohol_100g': 0, 'beta-carotene_100g': 1.75e-08, 'calcium_100g': 0.00481271285714286, 'cholesterol_100g': 0.080746, 'copper_100g': 3.00522142857143e-05, 'fructose_100g': 0.0947, 'galactose_100g': 0, 'glucose_100g': 0.0947, 'iodine_100g': 2.24917571428571e-05, 'iron_100g': 0.000371041, 'lactose_100g': 0.0947, 'magnesium_100g': 0.0349027142857143, 'maltose_100g': 0.0947, 'manganese_100g': 6.9769e-06, 'pantothenic-acid_100g': 0.00163973, 'phosphorus_100g': 0.254248, 'phylloquinone_100g': 3.788e-07, 'polyols_100g': 0.0154, 'potassium_100g': 0.417297371428571, 'selenium_100g': 9.50278571428571e-06, 'starch_100g': 0.00126, 'sucrose_100g': 0.689742857142853, 'vitamin-a_100g': 9.87e-06, 'vitamin-b12_100g': 1.692e-07, 'vitamin-b1_100g': 8.2193e-05, 'vitamin-b2_100g': 4.64582857142857e-05, 'vitamin-b6_100g': 0.00018, 'vitamin-b9_100g': 9.25e-06, 'vitamin-c_100g': 0.00136429, 'vitamin-d_100g': 1.222e-07, 'vitamin-e_100g': 0.00010424, 'vitamin-pp_100g': 0.0110941, 'water_100g': 64.0727847142857, 'zinc_100g': 0.000679843142857143}",,,
Bjorg,"Plant-based foods and beverages,Plant-based foods,Cereals and potatoes,Cereals and their products,Breads,Wholemeal breads,fr:Pain complet 3 céréales","France,Switzerland",196.0,2.9,on,100g,a,Pain complet 3 céréales,5.0,11.0,,1.1,0.4,2.0,"{'alcohol_100g': 0, 'beta-carotene_100g': 4.125, 'calcium_100g': 0.029231745, 'chloride_100g': 0.024, 'cholesterol_100g': 1.925, 'copper_100g': 0.0002227005, 'fructose_100g': 0.10113695, 'galactose_100g': 0, 'glucose_100g': 0.1355285, 'iodine_100g': 5.48125e-06, 'iron_100g': 0.00207788, 'lactose_100g': 0.00055, 'magnesium_100g': 0.068511135, 'maltose_100g': 0.01716695, 'manganese_100g': 0.00188385293, 'pantothenic-acid_100g': 8.2695, 'phylloquinone_100g': 1.267e-07, 'polyols_100g': 0, 'potassium_100g': 0.272958145, 'selenium_100g': 9.3325, 'starch_100g': 23.24955, 'sucrose_100g': 0.37332, 'vitamin-a_100g': 5.775, 'vitamin-b12_100g': 1.87, 'vitamin-b1_100g': 9.9345, 'vitamin-b2_100g': 1.4075e-05, 'vitamin-b6_100g': 0.000169915, 'vitamin-b9_100g': 6.9605, 'vitamin-c_100g': 1.0375e-05, 'vitamin-d_100g': 7.15, 'vitamin-e_100g': 0.000620824, 'vitamin-pp_100g': 0.00020161, 'water_100g': 49.166815, 'zinc_100g': 0.0017485855}",,,
Jaouda,"Dairies, Milks (liquid and powder), Milks, en:semi-skimmed-milks",en:Morocco,191.0,1.5,on,100g,b,lait,3.0,,100ml,0.0,1.1,0.0,,,,
"Nestlé, Le chocolat","Beverages and beverages preparations, Beverages, Breakfasts, Cocoa and its products, Hot beverages, Beverage preparations, Cocoa and chocolate powders, Instant beverages, Non-alcoholic beverages, Cocoa powders, Cocoa powder for beverages with sugar, Instant chocolate powders, en:chocolate-milks","Belgium,France,Guadeloupe,Martinique,New Caledonia,Réunion",,,,100ml,d,Le Choco,,,100g,,,,,,on,
La BOULANGÈRE,"Aliments et boissons à base de végétaux,Aliments d'origine végétale,Céréales et pommes de terre,Pains,Pains de mie,Pain de mie à la farine d'avoine,Pain de mie à la farine de blé,Pains de mie aux céréales",France,274.0,9.1,on,100g,a,Pain de mie grandes tranches Avoine & Graines 500g,12.0,6.0,100g,0.93,1.0,2.2,,,,
Lindt,"Snacks,Snacks sucrés,Cacao et dérivés,Chocolats,Chocolats noirs,Chocolats salés,Chocolats à la fleur de sel,Chocolats noirs salés,Chocolats noirs à la fleur de sel","France,Suisse",537.0,32.0,on,100g,e,Excellence Noir à la Pointe de Fleur de Sel,5.7,,,0.37,19.0,47.0,"{'alcohol_100g': 0, 'beta-carotene_100g': 1.2133125e-05, 'calcium_100g': 0.006563, 'cholesterol_100g': 0.016, 'copper_100g': 0.0001134375, 'fiber_100g': 0.833375, 'fructose_100g': 0.002825, 'galactose_100g': 0, 'glucose_100g': 0.002825, 'iodine_100g': 3.685e-06, 'iron_100g': 0.001409745, 'lactose_100g': 0.002825, 'magnesium_100g': 0.016222, 'maltose_100g': 0.002825, 'manganese_100g': 0.000119335, 'pantothenic-acid_100g': 2.379e-05, 'phosphorus_100g': 0.019704, 'phylloquinone_100g': 6.47675e-07, 'polyols_100g': 0.0070625, 'potassium_100g': 0.117234125, 'selenium_100g': 3.27775e-06, 'starch_100g': 0.240125, 'sucrose_100g': 49.925425, 'vitamin-a_100g': 5.15e-05, 'vitamin-b12_100g': 6.25e-10, 'vitamin-b1_100g': 2.2095e-06, 'vitamin-b2_100g': 1.32025e-05, 'vitamin-b6_100g': 2.0375e-07, 'vitamin-b9_100g': 3.02275e-06, 'vitamin-c_100g': 7.0625, 'vitamin-d_100g': 1.896225e-07, 'vitamin-e_100g': 0.0008672325, 'vitamin-pp_100g': 3.2675e-05, 'water_100g': 0.288875, 'zinc_100g': 0.000191689}",,,
Jibal,"Produits laitiers, Laits, Laits homogénéisés, Laits UHT, Laits entiers",Maroc,55.0,3.0,on,100g,b,,3.0,,100ml,0.1,2.0,4.0,,,,
Lu,"Plant-based foods and beverages,Plant-based foods,Cereals and potatoes,Cereals and their products,Breads,Rusks,Toasts","France,Réunion,Switzerland",387.0,4.9,on,100g,d,pain grillé pelletier,12.0,5.1,100g,1.8,2.1,2.6,"{'beta-carotene_100g': 5e-06, 'fructose_100g': 0.1, 'galactose_100g': 0, 'glucose_100g': 0.1, 'iodine_100g': 1e-05, 'lactose_100g': 0.1, 'maltose_100g': 1.04, 'pantothenic-acid_100g': 0.00048, 'phylloquinone_100g': 4e-07, 'polyols_100g': 0, 'sucrose_100g': 0.56, 'vitamin-b12_100g': 0, 'vitamin-b1_100g': 0.00026, 'vitamin-b2_100g': 5e-06, 'vitamin-b6_100g': 0.00011, 'vitamin-b9_100g': 2.57e-05, 'vitamin-pp_100g': 5e-05, 'water_100g': 12.4}",,,
Jordans,"Plant-based foods and beverages,Plant-based foods,Breakfasts,Cereals and potatoes,Cereals and their products,Breakfast cereals,Cereals with fruits,Mueslis,Mueslis with fruits","Belgium,France,French Polynesia,Italy,Luxembourg,Spain,Switzerland,United Kingdom",373.0,8.4,on,100g,c,"Muesli bio 36% fruits, noix & graines",9.3,8.5,100g,0.03,2.8,18.9,,,,
,Open Beauty Facts,Royaume-Uni,,,,,not-applicable,,,,,,,,,,,
Bahia,"Boissons et préparations de boissons,Boissons,Eaux,Eaux de sources,en:Boissons  Eaux  Eaux de sources  Eaux de table",Maroc,0.0,0.0,on,100g,a,"Bahia, Eau De Table",0.0,,100ml,0.0,0.0,0.0,,,,
Kikkoman,"Smaakmakers,Sauzen,Sojasauzen,Zoute sojasauzen","Belgium, Bulgaria, Croatia, Czech Republic, Denmark, Finland, France, Germany, Ireland, Italy, Mexico, Netherlands, Norway, Portugal, Spain, Switzerland, United Kingdom, en:poland",77.0,0.0,on,100g,e,Sojasauce,10.0,0.0,,16.9,0.0,0.6,"{'alcohol_100g': 0, 'beta-carotene_100g': 4.6875e-07, 'calcium_100g': 0.049484375, 'cholesterol_100g': 0, 'copper_100g': 0.0002159375, 'fructose_100g': 0.009375, 'galactose_100g': 0, 'glucose_100g': 0.009375, 'iodine_100g': 0.0001753125, 'iron_100g': 0.0031959375, 'lactose_100g': 0.009375, 'magnesium_100g': 0.0551953125, 'maltose_100g': 0.0975, 'manganese_100g': 0.0006417625, 'pantothenic-acid_100g': 4.5e-05, 'phosphorus_100g': 0.13125, 'phylloquinone_100g': 3.75e-08, 'polyols_100g': 0.09375, 'potassium_100g': 0.354540625, 'selenium_100g': 1.296875e-06, 'starch_100g': 7.865625, 'sucrose_100g': 1.19625, 'vitamin-a_100g': 0, 'vitamin-b12_100g': 0, 'vitamin-b1_100g': 2.4375e-05, 'vitamin-b2_100g': 4.6875e-07, 'vitamin-b6_100g': 8.53125e-05, 'vitamin-b9_100g': 2.409375e-06, 'vitamin-c_100g': 0.0011484375, 'vitamin-d_100g': 1.21875e-08, 'vitamin-e_100g': 0.0002334375, 'vitamin-pp_100g': 4.6875e-06, 'water_100g': 65.12190625, 'zinc_100g': 0.000746375}",,,
Heinz,"Condiments,Sauces,Tomato sauces,Ketchup,Tomato Ketchup","Belgium, France, Germany, Luxembourg, Poland, Portugal, Spain, Switzerland, United Kingdom, en:morocco",102.0,0.1,on,100g,d,Tomato Ketchup,1.2,,,1.8,0.0,22.8,,,,
brioche pasquier,"Aliments et boissons à base de végétaux,Aliments d'origine végétale,Céréales et pommes de terre,Céréales et dérivés,Pains,Pains grillés,Petits pains grillés,Pain grillé en tranches au froment",France,425.0,9.6,on,100g,b,Grilletine au froment sans sucres ajoutés,13.0,7.4,100g,0.89,2.0,1.7,,,,
Amora,Moutardes de Dijon,"France, Germany, Morocco, en:switzerland",145.0,10.0,on,100g,e,Amora Moutarde Forte Bocal 430g,7.7,3.8,100g,4.9,0.7,2.0,,,,
Panzani,"Aliments et boissons à base de végétaux,Aliments d'origine végétale,Condiments,Plantes condimentaires,en:Herbs and spices,Plantes aromatiques,Herbes aromatiques,Sauces,Sauces pour pâtes,Sauces Pesto,Basilic,en:Cooking Sauces,Pestos au basilic,Pesto Vert","France, Romania, Switzerland, en:reunion",329.0,31.0,on,100g,e,Panzani sauce pesto basilic 200g,3.8,1.8,100g,2.8,4.5,3.5,"{'alcohol_100g': 0, 'beta-carotene_100g': 0.00128812125, 'calcium_100g': 0.17285765, 'chloride_100g': 0.00039435, 'cholesterol_100g': 0, 'copper_100g': 0.0002197675, 'fructose_100g': 0.024165, 'galactose_100g': 0.11235, 'glucose_100g': 0.026125, 'iodine_100g': 3.474475e-05, 'iron_100g': 0.00229185, 'lactose_100g': 0.0069, 'magnesium_100g': 0.0327872, 'maltose_100g': 0.00825, 'manganese_100g': 0.00054813655, 'pantothenic-acid_100g': 0.000103975, 'phosphorus_100g': 0.0358545, 'phylloquinone_100g': 0.00017057025, 'polyols_100g': 0.000625, 'potassium_100g': 0.147500425, 'selenium_100g': 3.328e-06, 'starch_100g': 0.63515, 'sucrose_100g': 2.14112, 'vitamin-a_100g': 0, 'vitamin-b12_100g': 0, 'vitamin-b1_100g': 1.94625e-05, 'vitamin-b2_100g': 3.26525e-05, 'vitamin-b6_100g': 8.1205e-05, 'vitamin-b9_100g': 2.92015e-05, 'vitamin-c_100g': 0.006035425, 'vitamin-d_100g': 3.0225e-08, 'vitamin-e_100g': 0.013559295, 'vitamin-pp_100g': 0.00043315, 'water_100g': 57.7107455, 'zinc_100g': 0.0004680545}",,,
Coca-Cola,"Getränke und Getränkezubereitungen,Getränke,Kohlensäurehaltige Getränke,Getränke mit Süßstoff,Erfrischungsgetränke,Kalorienarme Getränke,Cola,Kalorienarme Erfrischungsgetränke,Kalorienarme Colas","Austria, Belgium, Bulgaria, France, Germany, Italy, Morocco, Poland, Romania, Spain, Switzerland, United Kingdom, en:united-arab-emirates",0.303030303030303,0.0,on,100g,c,Coca-Cola Zero Sugar,0.0,,,0.02,0.0,0.0,,,,
la boulangère,"Aliments et boissons à base de végétaux,Aliments d'origine végétale,Snacks,Céréales et pommes de terre,Snacks sucrés,Biscuits et gâteaux,en:Sweet pastries and pies,Pains,Viennoiseries,Pains au lait",France,345.0,11.0,on,100g,d,Pain au lait bio x12 420g,9.4,2.4,100g,0.9,1.2,8.7,"{'alcohol_100g': 0.0142223958333321, 'beta-carotene_100g': 3.15898958333333e-06, 'calcium_100g': 0.0410708022916667, 'cholesterol_100g': 0.0997106052083333, 'copper_100g': 0.000133101421875, 'fructose_100g': 0.0605229166666667, 'galactose_100g': 0, 'glucose_100g': 0.10961875, 'iodine_100g': 1.50274333333333e-05, 'iron_100g': 0.00140104834375, 'lactose_100g': 0.455892916666667, 'magnesium_100g': 0.0343843515625, 'maltose_100g': 0.455194166666667, 'manganese_100g': 0.000925322691666667, 'pantothenic-acid_100g': 0.000631307916666667, 'phosphorus_100g': 0.152783710416667, 'phylloquinone_100g': 3.19958333333333e-07, 'polyols_100g': 0, 'potassium_100g': 0.166380509375, 'selenium_100g': 6.65549729166667e-06, 'starch_100g': 24.6751979166667, 'sucrose_100g': 1.63244958333333, 'vitamin-a_100g': 4.566767625e-05, 'vitamin-b12_100g': 4.04247916666667e-07, 'vitamin-b1_100g': 0.000145580333333333, 'vitamin-b2_100g': 0.000131692, 'vitamin-b6_100g': 8.84858802083333e-05, 'vitamin-b9_100g': 2.08080291666667e-05, 'vitamin-c_100g': 0.000213632291666667, 'vitamin-d_100g': 5.55911458333333e-07, 'vitamin-e_100g': 0.0118414654583333, 'vitamin-pp_100g': 7.62675833333332e-05, 'water_100g': 31.90242365625, 'zinc_100g': 0.00109795035416667}",,,
Gerblé,"Snacks,Breakfasts,Sweet snacks,Biscuits and cakes,Biscuits and crackers,Biscuits,Crispy biscuits,Diet crispy biscuit,Dry biscuits,Shortbread cookies,Breakfast biscuit,Shortbread biscuit with fruits","France,Guadeloupe,Martinique,Réunion",442.857142857143,14.0,on,100g,c,Biscuit soja orange,11.0,5.1,,0.36,1.4,18.0,,,,
Quaker,"Alimentos y bebidas de origen vegetal,Alimentos de origen vegetal,Desayunos,Cereales y patatas,Cereales y derivados,Cereales para el desayuno,Muesli,en:Cereals with nuts,en:Mueslis with nuts","Bélgica,Francia,Nueva Caledonia,España,Suiza",420.0,11.0,on,100g,b,Muesli Croustillant Noix de pécan & noix du Brésil,11.0,13.0,100g,0.24,1.8,13.0,,,,
Lesieur,"Aliments et boissons à base de végétaux,Aliments d'origine végétale,Matières grasses,Matières grasses végétales,Huiles,Huile de table,Mélanges d'huiles","France,Maroc",900.0,100.0,on,100g,c,"Huile de table équilibrée riche en vitamines A,E,D3",0.0,,100ml,0.0,15.0,0.0,,,,
Heudebert,"Plant-based foods and beverages,Plant-based foods,Cereals and potatoes,Breads,Rusks,Multigrain rusks","Belgium,France,Réunion,Switzerland",392.857142857143,7.6,on,100g,d,Biscottes 6 Céréales,13.0,5.2,,1.6,2.3,3.2,,,,
ProActiv,"Plant-based foods and beverages,Plant-based foods,Fats,Spreads,Plant-based spreads,Salted spreads,Vegetable fats,Spreadable fats,Margarines,Light margarines,Margarines with plant sterols esters,Salted margarines,30-40% lightly salted vegetable fat with plant sterols esters","France,Switzerland",314.0,35.0,on,100g,c,Tartine sans huile de palme,0.5,,,0.2,7.6,0.5,,,,
Albane,"Dairies, fr:Maroc, en:milks",en:Morocco,46.0,1.5,on,100g,b,Le bon lait,3.0,,100g,0.0,1.0,0.0,,,,
"Nestlé, Chocapic","Aliments et boissons à base de végétaux,Aliments d'origine végétale,Petit-déjeuners,Céréales et pommes de terre,Céréales et dérivés,Céréales pour petit-déjeuner,Céréales au chocolat,Céréales pour petit déjeuner enrichies en vitamines et minéraux,Céréales extrudées,Pétales de blé chocolatés,Céréales chocolatées pour petit déjeuner non fourrées mais enrichies en vitamines et minéraux,Céréales pour petit déjeuner riches en fibres",France,384.0,4.4,on,100g,b,NESTLE CHOCAPIC Céréales 645g,8.5,7.7,100g,0.2,1.1,19.9,,,,
Ethiquable,"Snacks,Sweet snacks,Cocoa and its products,Chocolates,Dark chocolates","France,Spain",619.0,51.0,on,100g,d,Chocolat noir 85% Madagascar,11.0,11.0,100g,0.0,31.0,14.0,"{'alcohol_100g': 0, 'beta-carotene_100g': 0, 'calcium_100g': 0.0005535, 'cholesterol_100g': 0, 'copper_100g': 8.25e-07, 'fructose_100g': 0, 'galactose_100g': 0, 'glucose_100g': 0, 'iodine_100g': 4.5e-08, 'iron_100g': 1.155e-05, 'lactose_100g': 0, 'magnesium_100g': 0.0002475, 'maltose_100g': 0, 'manganese_100g': 9.45e-07, 'pantothenic-acid_100g': 0, 'phosphorus_100g': 0, 'phylloquinone_100g': 0, 'polyols_100g': 0, 'potassium_100g': 0.002025, 'selenium_100g': 7.5e-07, 'starch_100g': 0, 'sucrose_100g': 14.97, 'vitamin-a_100g': 0, 'vitamin-b12_100g': 0, 'vitamin-b1_100g': 0, 'vitamin-b2_100g': 2.85e-06, 'vitamin-b6_100g': 0, 'vitamin-b9_100g': 0, 'vitamin-c_100g': 0, 'vitamin-d_100g': 0, 'vitamin-e_100g': 0.00153, 'vitamin-pp_100g': 0, 'water_100g': 0.0255, 'zinc_100g': 3e-06}",,,
Barilla,"Aliments et boissons à base de végétaux,Aliments d'origine végétale,Aliments à base de fruits et de légumes,Aliments et boissons à base de légumes,Condiments,Légumes et dérivés,Tomates et dérivés,Sauces,en:Meal sauces,Sauces tomate,Sauces tomates au basilic","Albanie,Autriche,Belgique,Bulgarie,France,Allemagne,Grèce,Italie,Luxembourg,Monténégro,Serbie,Espagne,Suisse",64.0,2.6,on,100g,a,Basilico,1.6,1.9,100g,0.9,0.3,5.9,"{'alcohol_100g': 0, 'beta-carotene_100g': 0.00159981416666667, 'calcium_100g': 0.0278591, 'cholesterol_100g': 0, 'copper_100g': 7.316475e-05, 'fructose_100g': 2.25323333333333, 'galactose_100g': 0.0054, 'glucose_100g': 2.11706666666667, 'iodine_100g': 1.48543333333332e-05, 'iron_100g': 0.000556216716666667, 'lactose_100g': 0.122416666666667, 'magnesium_100g': 0.018639625, 'maltose_100g': 0.122416666666667, 'manganese_100g': 9.44336666666667e-05, 'pantothenic-acid_100g': 8.033e-05, 'phosphorus_100g': 0.0322550833333333, 'phylloquinone_100g': 1.02235833333333e-05, 'polyols_100g': 0.195416666666667, 'potassium_100g': 0.34636975, 'selenium_100g': 7.91483333333334e-06, 'starch_100g': 0.175816666666667, 'sucrose_100g': 0.864833333333331, 'vitamin-a_100g': 0, 'vitamin-b12_100g': 0, 'vitamin-b1_100g': 3.93416666666667e-05, 'vitamin-b2_100g': 3.37483333333333e-05, 'vitamin-b6_100g': 8.17266666666667e-05, 'vitamin-b9_100g': 3.30493333333333e-05, 'vitamin-c_100g': 0.0084545, 'vitamin-d_100g': 9.945e-08, 'vitamin-e_100g': 0.004331275, 'vitamin-pp_100g': 0.000795541666666667, 'water_100g': 84.4012316666667, 'zinc_100g': 0.000103735}",,,
Gerblé,"Aliments et boissons à base de végétaux,Aliments d'origine végétale,Snacks,Snacks sucrés,Biscuits et gâteaux,Biscuits sucrés & biscuits apéritifs,Biscuits","France,La Réunion",456.0,16.0,on,100g,c,Gingembre saveur citron 🍋,8.3,5.2,100g,0.44,1.4,17.0,"{'alcohol_100g': 0, 'beta-carotene_100g': 4.09410714285715e-06, 'calcium_100g': 0.0229473, 'cholesterol_100g': 0, 'copper_100g': 0.000234532321428572, 'fructose_100g': 0.0919589285714286, 'galactose_100g': 0, 'glucose_100g': 0.0911955357142858, 'iodine_100g': 1.17379910714286e-05, 'iron_100g': 0.00204277415178571, 'lactose_100g': 0.0726450892857143, 'magnesium_100g': 0.0709156830357143, 'maltose_100g': 0.744745089285714, 'manganese_100g': 0.00200778582142857, 'pantothenic-acid_100g': 0.000414691741071429, 'phosphorus_100g': 0.188982330357143, 'phylloquinone_100g': 1.61277678571429e-06, 'polyols_100g': 0.00286272321428573, 'potassium_100g': 0.243566058035714, 'selenium_100g': 8.89906026785715e-06, 'starch_100g': 43.0453303571429, 'sucrose_100g': 16.6989647321429, 'vitamin-a_100g': 0, 'vitamin-b12_100g': 0, 'vitamin-b1_100g': 0.000207977321428571, 'vitamin-b2_100g': 2.10783258928572e-05, 'vitamin-b6_100g': 0.000120125133928571, 'vitamin-b9_100g': 2.19962723214286e-05, 'vitamin-c_100g': 0.000523231026785716, 'vitamin-d_100g': 1.01385491071429e-07, 'vitamin-e_100g': 0.00411474129464286, 'vitamin-pp_100g': 0.000695893973214286, 'water_100g': 10.2292033482143, 'zinc_100g': 0.00159576758928571}",,,
Bjorg,"Snacks,Breakfasts,Sweet snacks,Biscuits and cakes,Biscuits and crackers,Biscuits,Dry biscuits,Oatmeal biscuits,Breakfast biscuit,Plain rolled oats biscuits",France,442.0,15.0,on,100g,c,Avoine complète,9.1,7.5,100g,0.35,1.4,16.0,,,,
Maître Jean Pierre,Petits pains grillés,France,408.0,10.0,on,100g,b,Petit Pains Grillés Blé complet,10.0,6.9,100g,1.0,0.9,4.2,"{'alcohol_100g': 0, 'beta-carotene_100g': 4.52604166666667e-06, 'calcium_100g': 0.0258727916666667, 'cholesterol_100g': 3.64583333333335e-06, 'copper_100g': 0.000257230416666667, 'fructose_100g': 0.0910416666666667, 'galactose_100g': 0, 'glucose_100g': 0.093125, 'iodine_100g': 1.84104166666667e-05, 'iron_100g': 0.00202710416666667, 'lactose_100g': 0.0910416666666667, 'magnesium_100g': 0.0673295416666667, 'maltose_100g': 0.958916666666667, 'manganese_100g': 0.00199004583333333, 'pantothenic-acid_100g': 0.000485541666666667, 'phosphorus_100g': 0.209498333333333, 'phylloquinone_100g': 4.52333333333333e-06, 'polyols_100g': 0, 'potassium_100g': 0.270098, 'selenium_100g': 9.5025e-06, 'starch_100g': 53.4085416666667, 'sucrose_100g': 2.58420833333334, 'vitamin-a_100g': 1.09375e-07, 'vitamin-b12_100g': 3.54166666666668e-09, 'vitamin-b1_100g': 0.000354833333333334, 'vitamin-b2_100g': 1.53125e-05, 'vitamin-b6_100g': 0.000108166666666667, 'vitamin-b9_100g': 3.03904166666667e-05, 'vitamin-c_100g': 0.000227604166666667, 'vitamin-d_100g': 1.18354166666667e-07, 'vitamin-e_100g': 0.00232785416666667, 'vitamin-pp_100g': 0.000237708333333334, 'water_100g': 11.21576, 'zinc_100g': 0.00179987333333333}",,,
,,en:Morocco,,,,,,,,,,,,,,,,
Danone,"Dairies, Fermented foods, Fermented milk products, Desserts, Dairy desserts, Fermented dairy desserts, Bifidus yogurts, en:yogurts","France, Morocco, Spain, en:united-states",101.0,3.3,on,100g,c,Activia Céréales,3.4,1.53,100g,0.0,2.0,14.3,,,,
Old El Paso,"Aliments et boissons à base de végétaux, Aliments d'origine végétale, Céréales et pommes de terre, Pains, Pains plats, Pains blancs, Pains de blé, Tortillas de blé","Francia,España",294.827586206897,6.03448275862069,on,100g,c,Blé Complet Wraps,9.13793103448276,5.17241379310345,,1.05172413793103,1.03448275862069,2.24137931034483,,,,
,Creme de cuisson,"France, en:morocco",205.0,20.0,on,100g,d,Ola Creme Cuisdon,1.7,,100g,0.25,10.6,1.6,"{'alcohol_100g': 0, 'beta-carotene_100g': 0, 'calcium_100g': 0.00678072, 'cholesterol_100g': 0, 'copper_100g': 1.64e-05, 'fiber_100g': 0.0064, 'fructose_100g': 0, 'galactose_100g': 0, 'glucose_100g': 0, 'iodine_100g': 9.6e-09, 'iron_100g': 3.2352e-05, 'lactose_100g': 0, 'magnesium_100g': 0.00098104, 'maltose_100g': 0, 'manganese_100g': 5.10832e-06, 'pantothenic-acid_100g': 0, 'phosphorus_100g': 0.000448, 'phylloquinone_100g': 0, 'polyols_100g': 0, 'potassium_100g': 0.00093128, 'selenium_100g': 5.704e-07, 'starch_100g': 0.696, 'sucrose_100g': 1.5968, 'vitamin-a_100g': 0, 'vitamin-b12_100g': 0, 'vitamin-b1_100g': 0, 'vitamin-b2_100g': 3.68e-07, 'vitamin-b6_100g': 4e-08, 'vitamin-b9_100g': 8e-09, 'vitamin-c_100g': 0, 'vitamin-d_100g': 0, 'vitamin-e_100g': 0, 'vitamin-pp_100g': 2.4e-07, 'water_100g': 93.6768, 'zinc_100g': 1.2856e-05}",,,
Bjorg,"Beverages and beverages preparations,Plant-based foods and beverages,Beverages,Plant-based foods,Dairy substitutes,Milk substitutes,Nuts and their products,Plant-based beverages,Plant-based milk alternatives,Nut-based drinks,Almond-based drinks,Sweetened plain almond-based drinks","France,Morocco,Réunion,Switzerland",29.0,1.2,on,100g,c,Amande,0.5,,100ml,0.06,0.2,3.3,,,,
"LU,Mondelez","Snacks,Petit-déjeuners,Snacks sucrés,Biscuits et gâteaux,Biscuits sucrés & biscuits apéritifs,Biscuits,Biscuits au chocolat,Biscuits secs,Biscuit sec pour petit déjeuner,Biscuit aux céréales pour petit déjeuner enrichis en vitamines et minéraux","Belgium, France, Guadeloupe, Luxembourg, Switzerland, La-reunion, en:reunion",439.0,14.0,on,100g,d,Belvita Petit Déjeuner Chocolat,7.9,6.8,100g,0.62,3.6,27.0,,,,
"Natu' & Bon,Vico","Snacks,Snacks salés,Amuse-gueules,Biscuits sucrés & biscuits apéritifs,Chips et frites,Chips,Biscuits apéritifs,Chips de lentilles,Biscuits apéritifs soufflés",France,452.0,19.0,on,100g,c,Chips de lentilles saveur tomate mozza,13.0,7.2,100g,1.1,1.8,3.8,,,,
Rigoni di Asiago,"Petit-déjeuners,Produits à tartiner,Produits à tartiner sucrés,Pâtes à tartiner,Pâtes à tartiner aux noisettes,Pâtes à tartiner au chocolat,Pâtes à tartiner aux noisettes et au cacao",France,545.0,33.0,on,100g,e,Nocciolata la bianca,14.5,2.8,100g,0.19,4.6,43.0,"{'alcohol_100g': 1.35027083333333, 'beta-carotene_100g': 5.30375e-06, 'calcium_100g': 0.2742825, 'cholesterol_100g': 0.00247, 'copper_100g': 0.000526077291666667, 'fructose_100g': 0.03038, 'galactose_100g': 0.03038, 'glucose_100g': 0.09038, 'iodine_100g': 5.7675e-06, 'iron_100g': 0.000983714583333333, 'lactose_100g': 10.119, 'magnesium_100g': 0.0698323958333333, 'maltose_100g': 0.03038, 'manganese_100g': 0.0010212, 'pantothenic-acid_100g': 0.001157, 'phosphorus_100g': 0.286463541666667, 'phylloquinone_100g': 1.94e-07, 'polyols_100g': 0, 'potassium_100g': 0.582155208333333, 'selenium_100g': 7.88666666666667e-06, 'starch_100g': 0.054, 'sucrose_100g': 22.1720466666667, 'vitamin-a_100g': 1.8525e-06, 'vitamin-b12_100g': 7.638e-07, 'vitamin-b1_100g': 0.0001867, 'vitamin-b2_100g': 0.000315358333333333, 'vitamin-b6_100g': 0.000143579791666667, 'vitamin-b9_100g': 2.6305e-05, 'vitamin-c_100g': 0.001234, 'vitamin-d_100g': 6.0295e-08, 'vitamin-e_100g': 0.01292163, 'vitamin-pp_100g': 0.0003859, 'water_100g': 5.24516666666667, 'zinc_100g': 0.00154936666666667}",,,
Cassegrain,"Aliments et boissons à base de végétaux,Aliments d'origine végétale,Conserves,Plats préparés,Légumes préparés,Plats préparés en conserve,Ratatouilles, en:Vegetables - Prepared/Processed (Shelf Stable)",France,72.0,4.1,on,100g,c,Ratatouille Cuisinée à la Provençal,1.3,3.4,100g,0.81,0.6,5.5,,,,
,,en:Morocco,,,,,,,,,,,,,,,,
"Jardin bio,Léa Nature","Petit-déjeuners,Produits à tartiner,Produits à tartiner sucrés,Pâtes à tartiner,Pâtes à tartiner aux noisettes,Pâtes à tartiner au chocolat,Pâtes à tartiner aux noisettes et au cacao","Belgique,France,Guadeloupe,Luxembourg,Maroc,La Réunion,Suisse",557.0,34.0,on,100g,e,Pâte à tartiner chocolat noisette,6.2,3.3,100g,0.06,5.6,52.0,,,,
Jordans,"Plant-based foods and beverages,Plant-based foods,Breakfasts,Cereals and potatoes,Cereals and their products,Breakfast cereals,Chocolate cereals,Breakfast cereals rich in fibre,Crunchy cereal clusters,Cereal clusters with chocolate","France,Réunion,Switzerland",446.0,15.0,on,100g,d,Country Crisp - Chocolat noir 70% cacao,9.0,5.8,100g,0.03,3.8,22.0,,,,
Poulain,"Boissons,Cacao et dérivés,Préparations pour boissons,Boissons instantanées,Chocolats en poudre","Canada,France,French Polynesia",,,,100g,e,1848,,,100g,,,,,,on,
Céréal BIO,"Aliments et boissons à base de végétaux,Aliments d'origine végétale,Alternatives à la viande,Galettes végétariennes,Galettes de céréales aux légumes",France,171.818181818182,5.4,on,100g,b,Les Galettes Boulgour & Quinoa - Tomate & Paprika,7.5,5.0,,0.95,0.6,3.8,"{'alcohol_100g': 0, 'beta-carotene_100g': 8.75680833333333e-05, 'calcium_100g': 0.0309395166666667, 'chloride_100g': 0.00259, 'cholesterol_100g': 0, 'copper_100g': 0.000267600158333333, 'fructose_100g': 0.691634, 'galactose_100g': 0, 'glucose_100g': 0.670333333333333, 'iodine_100g': 9.84323333333339e-06, 'iron_100g': 0.00205757560166667, 'lactose_100g': 0.048425, 'magnesium_100g': 0.105467958333333, 'maltose_100g': 0.256751666666667, 'manganese_100g': 0.00206382833333333, 'pantothenic-acid_100g': 0.000165495, 'phosphorus_100g': 0.227150816666667, 'phylloquinone_100g': 8.92015e-07, 'polyols_100g': 0.11075, 'potassium_100g': 0.3700474, 'selenium_100g': 3.80799166666667e-06, 'starch_100g': 39.1114383333333, 'sucrose_100g': 0.390713333333333, 'vitamin-a_100g': 0, 'vitamin-b12_100g': 0, 'vitamin-b1_100g': 7.24031666666667e-05, 'vitamin-b2_100g': 5.56833333333333e-05, 'vitamin-b6_100g': 0.000282068333333333, 'vitamin-b9_100g': 3.68870166666667e-05, 'vitamin-c_100g': 0.010940075, 'vitamin-d_100g': 1.3975e-08, 'vitamin-e_100g': 0.00363189083333333, 'vitamin-pp_100g': 0.0003384375, 'water_100g': 26.3817841666667, 'zinc_100g': 0.00174614433333333}",,,
Pasquier,"Aliments et boissons à base de végétaux,Aliments d'origine végétale,Céréales et pommes de terre,Pains,Biscottes,Pains grillés,Biscottes complètes",France,384.0,6.2,on,100g,a,Biscottes Sans sucres ajoutés Blé complet,14.0,12.0,100g,1.1,0.7,3.4,"{'alcohol_100g': 0, 'beta-carotene_100g': 5e-06, 'calcium_100g': 0.027, 'cholesterol_100g': 0, 'copper_100g': 0.00028, 'fructose_100g': 0.1, 'galactose_100g': 0, 'glucose_100g': 0.1, 'iodine_100g': 1e-05, 'iron_100g': 0.0022, 'lactose_100g': 0.1, 'magnesium_100g': 0.073, 'maltose_100g': 1.04, 'manganese_100g': 0.0022, 'pantothenic-acid_100g': 0.00048, 'phosphorus_100g': 0.22, 'phylloquinone_100g': 4e-07, 'polyols_100g': 0, 'potassium_100g': 0.28, 'selenium_100g': 1e-05, 'starch_100g': 59.3, 'sucrose_100g': 0.56, 'vitamin-a_100g': 0, 'vitamin-b12_100g': 0, 'vitamin-b1_100g': 0.00026, 'vitamin-b2_100g': 5e-06, 'vitamin-b6_100g': 0.00011, 'vitamin-b9_100g': 2.57e-05, 'vitamin-c_100g': 0.00025, 'vitamin-d_100g': 1.3e-07, 'vitamin-e_100g': 0.00079, 'vitamin-pp_100g': 5e-05, 'water_100g': 12.4, 'zinc_100g': 0.0019}",,,
J.D. Gross,"Plant-based foods and beverages,Plant-based foods,Snacks,Fats,Sweet snacks,Cocoa and its products,Vegetable fats,Chocolates,Dark chocolates",France,639.0,55.3,on,100g,d,Chocolat noir Equateur Bio,9.0,11.5,100g,0.01,34.0,14.0,"{'alcohol_100g': 1.23375, 'beta-carotene_100g': 0, 'calcium_100g': 0.000415125, 'cholesterol_100g': 0, 'copper_100g': 1.48125e-06, 'fructose_100g': 0, 'galactose_100g': 0, 'glucose_100g': 0, 'iodine_100g': 3.375e-08, 'iron_100g': 1.35375e-05, 'lactose_100g': 0, 'magnesium_100g': 0.000373125, 'maltose_100g': 0, 'manganese_100g': 1.870875e-05, 'pantothenic-acid_100g': 0, 'phosphorus_100g': 0.000825, 'phylloquinone_100g': 0, 'polyols_100g': 0, 'potassium_100g': 0.00519375, 'selenium_100g': 5.625e-07, 'starch_100g': 0, 'sucrose_100g': 11.2275, 'vitamin-a_100g': 0, 'vitamin-b12_100g': 0, 'vitamin-b1_100g': 0, 'vitamin-b2_100g': 2.1375e-06, 'vitamin-b6_100g': 7.125e-07, 'vitamin-b9_100g': 0, 'vitamin-c_100g': 0, 'vitamin-d_100g': 0, 'vitamin-e_100g': 0.00153, 'vitamin-pp_100g': 0, 'water_100g': 2.437875, 'zinc_100g': 4.5e-06}",,,
"Ekibio, Le pain des fleurs","Aliments et boissons à base de végétaux,Aliments d'origine végétale,Snacks,Céréales et pommes de terre,Tartines craquantes extrudées","Belgique,France,Espagne,Suisse",385.714285714286,2.85714285714286,on,100g,a,Tartines craquantes au sarrasin,12.8571428571429,4.28571428571429,100g,0.671428571428571,0.0,2.85714285714286,"{'alcohol_100g': 0, 'beta-carotene_100g': 0, 'calcium_100g': 0.02532508, 'cholesterol_100g': 0, 'copper_100g': 0.000489866, 'fructose_100g': 0, 'galactose_100g': 0, 'glucose_100g': 0.00732, 'iodine_100g': 1.4106e-05, 'lactose_100g': 0, 'maltose_100g': 0.0976, 'manganese_100g': 0.0012703156, 'pantothenic-acid_100g': 0.0014152, 'phosphorus_100g': 0.25776, 'phylloquinone_100g': 6.832e-06, 'polyols_100g': 0, 'potassium_100g': 0.381062, 'selenium_100g': 4.8484e-06, 'starch_100g': 66.7584, 'sucrose_100g': 1.220048, 'vitamin-a_100g': 0, 'vitamin-b12_100g': 0, 'vitamin-b1_100g': 0.00037088, 'vitamin-b2_100g': 0.000146628, 'vitamin-b6_100g': 0.00044896, 'vitamin-b9_100g': 6.51968e-05, 'vitamin-c_100g': 0.000244, 'vitamin-d_100g': 0, 'vitamin-e_100g': 0.00031232, 'vitamin-pp_100g': 0.004636, 'water_100g': 11.85664, 'zinc_100g': 0.002246096}",,,
LU,"Snacks,Sweet snacks,Biscuits and cakes,Biscuits and crackers,Biscuits,Chocolate biscuits","Belgium,France,French Polynesia,Réunion,Switzerland",444.0,15.0,on,100g,d,Belvita Original Petit-Déjeuner miel et pépites de chocolat,7.3,5.7,100g,0.69,2.5,28.0,,,,
"LU, Mondelez, Mondelez International",Gâteaux,France,,,,100g,a,Napolitain l'Original,,,,,,,,,on,
,"La-prairie,La-prairie,Matiere grasse à tartiner",en:morocco,635.0,70.0,on,100g,unknown,margarine,1.0,,100g,1.75,,,,,,
"Côte d'Or,Mondelēz","Snacks,Snacks sucrés,Cacao et dérivés,Confiseries,Chocolats,Chocolats noirs,Chocolat noir en tablette extra dégustation à 70% de cacao minimum","Belgique,France,Italie,Maroc",600.0,46.5,on,100g,e,Noir 70% Intense,7.0,11.0,100g,0.05,29.0,28.0,,,,
Nature valley,"Alimentos y bebidas de origen vegetal,Alimentos de origen vegetal,Botanas,Cereales y patatas,Snacks dulces,Barritas,Barritas de cereales","Belgium, France, Germany, Ireland, Netherlands, Spain, Switzerland, United Kingdom, en:greece",452.380952380952,18.0952380952381,on,100g,d,Crunchy oats&honey,8.57142857142857,6.42857142857143,,0.846428571428571,2.14285714285714,26.9047619047619,,,,
Bonduelle,"Plant-based foods and beverages,Plant-based foods,Fruits and vegetables based foods,Vegetable-based foods and beverages,Vegetables based foods,Vegetables,Prepared vegetables,Carrots,Grated carrots,Vegetables - Prepared/Processed (Perishable),fr:Crudites","Belgium,France,Luxembourg",73.0,4.5,on,100g,a,Carottes rapees citron dnp 320g,1.0,3.0,100g,0.71,0.3,4.5,"{'alcohol_100g': 0.0055625, 'beta-carotene_100g': 0.0067149027125, 'calcium_100g': 0.0213296840625, 'cholesterol_100g': 0, 'copper_100g': 4.3547759375e-05, 'fructose_100g': 0.7315434375, 'galactose_100g': 0, 'glucose_100g': 0.8934349375, 'iodine_100g': 2.0358059375e-05, 'iron_100g': 0.00021165909375, 'lactose_100g': 0.082423175, 'magnesium_100g': 0.0085965553125, 'maltose_100g': 0.08241775, 'manganese_100g': 8.6183823125e-05, 'pantothenic-acid_100g': 0.00016212341875, 'phosphorus_100g': 0.01841304375, 'phylloquinone_100g': 6.3636625e-06, 'polyols_100g': 0.2025, 'potassium_100g': 0.188345565625, 'selenium_100g': 8.5002240625e-06, 'starch_100g': 0.324, 'sucrose_100g': 4.6302244375, 'vitamin-a_100g': 0, 'vitamin-b12_100g': 0, 'vitamin-b1_100g': 2.273560625e-05, 'vitamin-b2_100g': 4.326425e-06, 'vitamin-b6_100g': 7.541613125e-05, 'vitamin-b9_100g': 4.81275625e-05, 'vitamin-c_100g': 0.00170804125, 'vitamin-d_100g': 0, 'vitamin-e_100g': 0.0017597159375, 'vitamin-pp_100g': 4.077125e-05, 'water_100g': 82.5477752875, 'zinc_100g': 0.0001495315875}",,,
Maître Jean Pierre,"Aliments et boissons à base de végétaux,Aliments d'origine végétale,Céréales et pommes de terre,Pains,Pains de mie,Pains de mie aux céréales,en:Pain de mie",France,290.0,9.4,on,100g,b,Pain de mie grandes tranches 7 cereales,10.4,5.0,100g,1.0,1.0,3.4,,,,
Jason’s sourdough,"Plant-based foods and beverages,Plant-based foods,Cereals and potatoes,Cereals and their products,Breads,White breads,Sourdough breads","Ireland,United Kingdom,United States",111.0,0.8,on,100g,b,Jason’s sourdough,10.1,2.9,,0.905,0.1,2.4,"{'alcohol_100g': 0, 'beta-carotene_100g': 4.32975e-06, 'calcium_100g': 0.02436434575, 'cholesterol_100g': 0, 'copper_100g': 0.000245346675, 'fructose_100g': 0.086595, 'galactose_100g': 0, 'glucose_100g': 0.086595, 'iodine_100g': 1.7076e-05, 'iron_100g': 0.001910288, 'lactose_100g': 0.086595, 'magnesium_100g': 0.0633568335, 'maltose_100g': 0.900588, 'manganese_100g': 0.0019057392105, 'pantothenic-acid_100g': 0.000415656, 'phosphorus_100g': 0.1905452, 'phylloquinone_100g': 3.4638e-07, 'polyols_100g': 0, 'potassium_100g': 0.24263702575, 'selenium_100g': 8.726525e-06, 'sucrose_100g': 0.484932, 'vitamin-a_100g': 0, 'vitamin-b12_100g': 0, 'vitamin-b1_100g': 0.000225147, 'vitamin-b2_100g': 4.32975e-06, 'vitamin-b6_100g': 9.52545e-05, 'vitamin-b9_100g': 2.2254915e-05, 'vitamin-c_100g': 0.0002164875, 'vitamin-d_100g': 1.125735e-07, 'vitamin-e_100g': 0.0006841005, 'vitamin-pp_100g': 4.32975e-05, 'water_100g': 23.690402175, 'zinc_100g': 0.001647127975}",,,
HEINZ BEANZ,"Растителни храни и напитки,Растителни храни,en:Fruits and vegetables based foods,Зеленчуци и зеленчукови продукти,en:Vegetable-based foods and beverages,Консерви,Зеленчуци,Зеленчукови храни,Консервирани растителни храни,en:Prepared vegetables,Печен боб в доматен сос,en:Canned legumes,Боб от консерва","Bulgaria, France, Germany, Portugal, Spain, United Kingdom, en:sweden",85.0,0.2,on,100g,a,ベイクドビーンズ,4.7,3.7,,0.59,0.1,5.0,,,,
Bjorg,"snacks, sweet-snacks, biscuits-and-cakes, biscuits, chocolate-biscuits, fr:biscuits-au-chocolat, biscuits-et-gâteaux, fr:cookies-au-chocolat, fr:cookies-au-chocolat-et-aux-noisettes, snacks-sucrés, fr:cookies-au-chocolat, fr:cookies-au-chocolat-et-aux-noisettes",Frankreich,496.0,26.0,on,100g,d,Le cookie Chocolat Noisette,7.4,6.3,100g,0.36,5.3,29.0,"{'beta-carotene_100g': 3.3538625e-06, 'calcium_100g': 0.0361074834375, 'cholesterol_100g': 0.00199915, 'copper_100g': 0.000501123340625, 'fructose_100g': 0.05888021875, 'galactose_100g': 0.007709125, 'glucose_100g': 0.0747250625, 'iodine_100g': 6.593125, 'lactose_100g': 0.30096875, 'maltose_100g': 0.37848021875, 'manganese_100g': 0.00129803643125, 'pantothenic-acid_100g': 0.0003838303125, 'phosphorus_100g': 0.1539683125, 'phylloquinone_100g': 9.516790625e-06, 'polyols_100g': 0.0425, 'potassium_100g': 0.3005373396875, 'selenium_100g': 7.84059046875e-06, 'starch_100g': 21.717735, 'sucrose_100g': 29.83518021875, 'vitamin-a_100g': 2.244671875e-06, 'vitamin-b12_100g': 8.11490625, 'vitamin-b1_100g': 0.00013953734375, 'vitamin-b2_100g': 4.01163125e-05, 'vitamin-b6_100g': 5.67240625e-05, 'vitamin-b9_100g': 2.284705625e-05, 'vitamin-c_100g': 0.00017458125, 'vitamin-d_100g': 4.25780875e-07, 'vitamin-pp_100g': 0.00015953934375, 'water_100g': 5.245402421875, 'zinc_100g': 0.001366614625}",,,
MILKY FOOD,"Produits laitiers,Produits fermentés,Produits laitiers fermentés,Desserts,Desserts lactés,Desserts lactés fermentés,Fromages blancs - petit suisses et skyr,Desserts lactés fermentés nature,Fromages blancs,Fromages blancs natures",Maroc,225.0,21.0,on,100g,unknown,Fromage blanc nature,3.8,0.0,100g,0.0,,,,,,
Mont Roucous,"Boissons et préparations de boissons,Boissons,Eaux,Eaux de sources,Eaux minérales,Eaux minérales naturelles",France,0.0,0.0,on,100g,a,Mont Roucous,0.0,,100ml,0.00075,0.0,0.0,"{'alcohol_100g': 0.0, 'beta-carotene_100g': 0.0, 'cholesterol_100g': 0.0, 'copper_100g': 1.7e-05, 'fiber_100g': 0.0, 'fructose_100g': 0.0, 'galactose_100g': 0.0, 'glucose_100g': 0.0, 'iodine_100g': 0.0, 'iron_100g': 3e-05, 'lactose_100g': 0.0, 'maltose_100g': 0.0, 'manganese_100g': 8.2e-07, 'pantothenic-acid_100g': 0.0, 'phosphorus_100g': 0.0, 'phylloquinone_100g': 0.0, 'polyols_100g': 0.0, 'potassium_100g': 0.00073, 'selenium_100g': 5e-07, 'starch_100g': 0.0, 'sucrose_100g': 0.0, 'vitamin-a_100g': 0.0, 'vitamin-b12_100g': 0.0, 'vitamin-b1_100g': 0.0, 'vitamin-b2_100g': 0.0, 'vitamin-b6_100g': 0.0, 'vitamin-b9_100g': 0.0, 'vitamin-c_100g': 0.0, 'vitamin-d_100g': 0.0, 'vitamin-e_100g': 0.0, 'vitamin-pp_100g': 0.0, 'water_100g': 100.0, 'zinc_100g': 1.1e-05}",,,
Gerblé,"Snacks,Sweet snacks,Biscuits and cakes,Biscuits and crackers,Biscuits,fr:Goûter aux écorces confites",France,449.0,15.0,on,100g,c,Goûter aux écorces confites,9.4,6.1,100g,0.03,1.4,20.0,,,,
Pure Via,"Plant-based foods and beverages, Plant-based foods, Sweeteners, Food additives, Stevia and their products, Sugar substitutes, en:tabletop-sweeteners","Belgium, France, Morocco, Switzerland, en:reunion",2.0,0.2,on,100g,not-applicable,Poudre stevia,0.0,,100g,0.0,0.2,0.0,,,,
Jaouda,en:yogurts,"France,en:morocco",80.0,1.6,on,100g,c,Ghani,3.2,,100g,0.2,0.6,12.0,,,,
ALHORRA,"Aliments et boissons à base de végétaux,Aliments d'origine végétale,Matières grasses,Matières grasses végétales,Produits de l'olivier,Huiles,Huiles d'olive,Huiles d'olive vierges extra,Huiles d'olive vierges","France, Morocco, en:united-states",900.0,100.0,on,100g,b,Huile d'olive vierge de Maroc,0.0,,100ml,0.0,17.0,0.0,"{'alcohol_100g': 0.0, 'beta-carotene_100g': 0.00021, 'calcium_100g': 0.0001, 'cholesterol_100g': 0.0, 'copper_100g': 5e-06, 'fiber_100g': 0.0, 'fructose_100g': 0.0, 'galactose_100g': 0.0, 'glucose_100g': 0.0, 'iodine_100g': 1e-05, 'iron_100g': 2.5e-05, 'lactose_100g': 0.0, 'magnesium_100g': 2.5e-05, 'maltose_100g': 0.0, 'manganese_100g': 5e-06, 'pantothenic-acid_100g': 0.0, 'phosphorus_100g': 0.00015, 'phylloquinone_100g': 5.81e-05, 'polyols_100g': 0.0, 'potassium_100g': 0.00015, 'selenium_100g': 1e-05, 'starch_100g': 0.0, 'sucrose_100g': 0.0, 'vitamin-a_100g': 0.0, 'vitamin-b12_100g': 0.0, 'vitamin-b1_100g': 0.0, 'vitamin-b2_100g': 0.0, 'vitamin-b6_100g': 0.0, 'vitamin-b9_100g': 0.0, 'vitamin-c_100g': 0.0, 'vitamin-d_100g': 1.3e-07, 'vitamin-e_100g': 0.0223, 'vitamin-pp_100g': 0.0, 'water_100g': 0.1, 'zinc_100g': 2.5e-05}",,,
Bonne Maman,"Snacks,Snacks sucrés,Biscuits et gâteaux,Gâteaux,Quatre-quarts,Madeleines,Madeleines natures","France,Suisse",435.0,25.0,on,100g,e,La Madeleine Pur beurre,5.9,1.3,,0.86,16.0,29.0,"{'alcohol_100g': 0, 'beta-carotene_100g': 4.23135714285714e-05, 'calcium_100g': 0.031549371875, 'cholesterol_100g': 0.14026, 'copper_100g': 0.000100790848214286, 'fructose_100g': 0.05225, 'galactose_100g': 0.013, 'glucose_100g': 0.0936392857142857, 'iodine_100g': 8.96855357142865e-06, 'iron_100g': 0.000987313973214286, 'lactose_100g': 0.2393, 'magnesium_100g': 0.0243635970982143, 'maltose_100g': 0.2752, 'manganese_100g': 0.000551864678571429, 'pantothenic-acid_100g': 0.000475639285714286, 'phosphorus_100g': 0.107830535714286, 'phylloquinone_100g': 1.977e-06, 'polyols_100g': 0, 'potassium_100g': 0.114472252232143, 'selenium_100g': 5.39635758928571e-06, 'sucrose_100g': 26.7439428571429, 'vitamin-a_100g': 0.00021372, 'vitamin-b12_100g': 3.487e-07, 'vitamin-b1_100g': 7.69921428571429e-05, 'vitamin-b2_100g': 0.00012022, 'vitamin-b6_100g': 6.00171428571429e-05, 'vitamin-b9_100g': 1.4677e-05, 'vitamin-c_100g': 5.875e-05, 'vitamin-d_100g': 7.1655e-07, 'vitamin-e_100g': 0.00138305, 'vitamin-pp_100g': 9.469e-05, 'water_100g': 23.0522354241071, 'zinc_100g': 0.000729064107142857}",,,
BJORG,"Plant-based foods and beverages,Plant-based foods,Cereals and potatoes,Cereals and their products,Puffed cereal cakes,Puffed corn cakes","France,Morocco",381.0,4.0,on,100g,a,GALETTES EXTRA-FINES MAΪS,9.2,6.2,100g,0.3,0.5,0.8,"{'alcohol_100g': 0, 'beta-carotene_100g': 6.4805e-06, 'calcium_100g': 0.0399199, 'cholesterol_100g': 0, 'fructose_100g': 0.056829, 'galactose_100g': 0, 'glucose_100g': 0.1994, 'iodine_100g': 5.58, 'lactose_100g': 0, 'maltose_100g': 1.20637, 'pantothenic-acid_100g': 0.0005982, 'phylloquinone_100g': 1.7946e-06, 'polyols_100g': 0, 'potassium_100g': 0.3190907, 'sucrose_100g': 0.13958, 'vitamin-b12_100g': 0, 'vitamin-b1_100g': 0.0003988, 'vitamin-b2_100g': 0.00013958, 'vitamin-b6_100g': 0.0004985, 'vitamin-b9_100g': 0.000114655, 'vitamin-d_100g': 0, 'vitamin-pp_100g': 0.0020937, 'water_100g': 13.559281}",,,
Bonne Maman,"Aliments et boissons à base de végétaux,Aliments d'origine végétale,Légumineuses et dérivés,Petit-déjeuners,Produits à tartiner,Pâtes à tartiner végétales,Produits à tartiner sucrés,Purées d'oléagineux,Beurres de légumineuses,Pâtes à tartiner,Beurres de cacahuètes,Pâtes à tartiner au chocolat",France,575.0,39.0,on,100g,d,Pâte à tartiner cacahuètes et cacao,12.0,4.0,,0.1,6.0,39.0,"{'alcohol_100g': 0.01645, 'beta-carotene_100g': 1.63354166666667e-06, 'calcium_100g': 0.0308977066666667, 'cholesterol_100g': 0, 'copper_100g': 0.0003816995, 'fructose_100g': 0.045, 'galactose_100g': 0, 'glucose_100g': 0.045, 'iodine_100g': 7.55121666666667e-06, 'iron_100g': 0.00309263825, 'lactose_100g': 0.045, 'magnesium_100g': 0.101487935416667, 'maltose_100g': 0.045, 'manganese_100g': 0.000768145133333333, 'pantothenic-acid_100g': 0.000745, 'phosphorus_100g': 0.1945455125, 'phylloquinone_100g': 4.36366666666667e-07, 'polyols_100g': 0.0125, 'potassium_100g': 0.4790052125, 'selenium_100g': 1.598525e-05, 'starch_100g': 2.425, 'sucrose_100g': 31.3636333333333, 'vitamin-a_100g': 0, 'vitamin-b12_100g': 0, 'vitamin-b1_100g': 0.0001758, 'vitamin-b2_100g': 2.11131666666667e-05, 'vitamin-b6_100g': 0.0001602595, 'vitamin-b9_100g': 4.107e-05, 'vitamin-c_100g': 0.0001125, 'vitamin-d_100g': 1.62944166666667e-07, 'vitamin-e_100g': 0.012715275, 'vitamin-pp_100g': 0.0042975, 'water_100g': 1.13964308333333, 'zinc_100g': 0.00153096275}",,,
Alpro,"en:Beverages and beverages preparations,Alimentos e bebidas à base de plantas,Bebidas,en:Dairy substitutes,Substitutos do leite,Bebidas à base de plantas,Leites de planta,Produtos pasteurizados","Austria, Belgium, Bulgaria, Czech Republic, France, Germany, Hungary, Italy, Luxembourg, Morocco, Netherlands, Poland, Portugal, Romania, Slovakia, Slovenia, Sweden, Switzerland, en:united-kingdom",20.0,0.8,on,100g,b,Alpro tempting and tropical coco low fat,0.1,0.1,100ml,0.12,0.8,1.9,"{'alcohol_100g': 0.0, 'beta-carotene_100g': 0.0, 'cholesterol_100g': 0.0, 'copper_100g': 3.96552e-05, 'fructose_100g': 0.0162, 'galactose_100g': 0.0, 'glucose_100g': 0.0162, 'iodine_100g': 6.74e-07, 'iron_100g': 0.000361152, 'lactose_100g': 0.0033, 'magnesium_100g': 0.006080444, 'maltose_100g': 0.0162, 'manganese_100g': 9.9655392e-05, 'pantothenic-acid_100g': 1.29e-05, 'phosphorus_100g': 0.0121548, 'phylloquinone_100g': 0.0, 'polyols_100g': 0.0, 'potassium_100g': 0.023592088, 'selenium_100g': 6.811e-07, 'starch_100g': 2.5674, 'sucrose_100g': 0.17728, 'vitamin-a_100g': 0.0, 'vitamin-b12_100g': 0.0, 'vitamin-b1_100g': 1.892e-06, 'vitamin-b2_100g': 0.0, 'vitamin-b6_100g': 6.698e-06, 'vitamin-b9_100g': 1.204e-06, 'vitamin-c_100g': 8.6e-05, 'vitamin-d_100g': 0.0, 'vitamin-e_100g': 6.284e-05, 'vitamin-pp_100g': 5.504e-05, 'water_100g': 91.43335, 'zinc_100g': 0.0001040444}",,,
,,en:Morocco,,,,,,,,,,,,,,,,
,ingredients,en:ma,356.0,0.6,on,100g,c,Mayfine,0.45,0.0,100g,0.071,0.0,0.0,,,,
Lipton,"Boissons, Boissons au thé, Thés glacés, Boissons avec sucre ajouté","France,en:reunion",13.0,0.0,on,100g,d,Ice Tea Pêche,0.0,,100ml,0.03,0.0,3.0,"{'alcohol_100g': 0.0, 'beta-carotene_100g': 0.0, 'calcium_100g': 0.006821929, 'cholesterol_100g': 0.0, 'copper_100g': 1.63663e-05, 'fiber_100g': 0.0, 'fructose_100g': 1.482, 'galactose_100g': 0.0, 'glucose_100g': 0.0, 'iodine_100g': 8.268e-08, 'iron_100g': 3.07482e-05, 'lactose_100g': 0.0, 'magnesium_100g': 0.000964755, 'maltose_100g': 0.0, 'manganese_100g': 1.03205e-06, 'pantothenic-acid_100g': 0.0, 'phosphorus_100g': 1.56e-06, 'phylloquinone_100g': 0.0, 'polyols_100g': 0.8034, 'potassium_100g': 0.000907685, 'selenium_100g': 5.6005e-07, 'starch_100g': 0.0, 'sucrose_100g': 1.55688, 'vitamin-a_100g': 0.0, 'vitamin-b12_100g': 0.0, 'vitamin-b1_100g': 0.0, 'vitamin-b2_100g': 2.964e-07, 'vitamin-b6_100g': 0.0, 'vitamin-b9_100g': 0.0, 'vitamin-c_100g': 0.0, 'vitamin-d_100g': 0.0, 'vitamin-e_100g': 0.0, 'vitamin-pp_100g': 0.0, 'water_100g': 94.855772, 'zinc_100g': 1.09015e-05}",,,
Pringles,"Snacks, Salty snacks, Appetizers, Chips and fries, Crisps, Salty snacks made from potato, Stacked extruded potato crisps","France, Germany, Italy, Martinique, Mauritius, Portugal, Réunion, Thailand, en:morocco",525.0,30.0,on,100g,d,Sour Cream & Onion,6.0,3.4,100g,1.3,6.4,2.7,,,,
Céréal Bio,"Meat alternatives,Vegetarian patties,Cereals and vegetables patties",France,186.0,5.2,on,100g,b,Galettes boulghour & épeautre,5.0,6.2,100g,0.95,0.6,3.8,,,,
Joly,"Produits de la mer, Poissons et dérivés, Conserves, Poissons, Poissons gras, Poissons en conserve, Thons, Thons en conserve, Thons à l'huile, Thons-a-l-huile-vegetale","France,Morocco,en:morocco",175.0,1.1,on,100g,a,Joly Thon Entier,33.0,0.0,100g,0.5,0.7,0.97,,,,
null,Fromages,en:Morocco,,,on,100g,unknown,El Mejor chef fromage 16p,,,100g,,,,,,,
"St Hubert, St hubert omega 3","Plant-based foods and beverages, Plant-based foods, Fats, Spreads, Plant-based spreads, Vegetable fats, Spreadable fats, Margarines, Light margarines, Unsalted margarines, Light unsalted margarines, en:salted-spreads","France,La Réunion,Suisse",468.0,52.0,on,100g,d,Oméga 3® Doux,0.0,,100g,0.4125,17.0,0.0,,,,
Pågen,"Plant-based foods and beverages,Plant-based foods,Cereals and potatoes,Cereals and their products,Breads,Toasts,Toasted bread rolls",France,397.0,6.2,on,100g,d,Krisprolls complets,12.0,7.7,100g,1.6,2.1,7.0,,,,
C’est qui le patron?!,"Dairies,Milks (liquid and powder),Milks,Homogenized milks,Pasteurised products,Semi-skimmed milks,UHT Milks","France, en:morocco",47.0,1.6,on,100g,b,Lait demi écrémé,3.3,0.0,,0.09,1.0,4.8,"{'alcohol_100g': 0, 'beta-carotene_100g': 9.45e-06, 'cholesterol_100g': 0.0057, 'copper_100g': 8.7e-06, 'fructose_100g': 0.05, 'galactose_100g': 0.05, 'glucose_100g': 0.05, 'iodine_100g': 1.21e-05, 'iron_100g': 4.5e-05, 'lactose_100g': 4.66, 'magnesium_100g': 0.0121, 'maltose_100g': 0.05, 'manganese_100g': 3.1e-06, 'pantothenic-acid_100g': 0.00041, 'phosphorus_100g': 0.0891, 'phylloquinone_100g': 2e-07, 'polyols_100g': 0, 'potassium_100g': 0.167, 'selenium_100g': 5e-06, 'starch_100g': 0, 'sucrose_100g': 0.05, 'vitamin-a_100g': 1.92e-05, 'vitamin-b12_100g': 3.8e-07, 'vitamin-b1_100g': 6e-05, 'vitamin-b2_100g': 0.00018, 'vitamin-b6_100g': 3.7e-05, 'vitamin-b9_100g': 9.49e-06, 'vitamin-c_100g': 0.0015, 'vitamin-d_100g': 2.5e-07, 'vitamin-e_100g': 0.00013, 'vitamin-pp_100g': 9.3e-05, 'water_100g': 89.4, 'zinc_100g': 0.00039}",,,
Star,Vinegar,Maroc,1.12,0.0,on,100g,not-applicable,Assaisonnement aromatisé au citron,0.0,0.0,100ml,0.0,0.0,,,,,
"MAIZENA, Unilever","Aliments et boissons à base de végétaux,Aliments d'origine végétale,Céréales et pommes de terre,Céréales et dérivés,Aides culinaires,Amidons,Amidons de céréales,Amidon de maïs","Belgique,Canada,France,Allemagne,Martinique,La Réunion,Suisse",355.0,0.5,on,100g,c,Maizena Fleur de Maïs Sans Gluten 400g,0.5,1.0,100g,0.01,0.1,0.5,"{'alcohol_100g': 0, 'beta-carotene_100g': 0, 'calcium_100g': 0.006, 'cholesterol_100g': 0, 'copper_100g': 5e-05, 'fructose_100g': 0, 'galactose_100g': 0, 'glucose_100g': 0, 'iodine_100g': 6e-07, 'iron_100g': 0.00038, 'lactose_100g': 0, 'magnesium_100g': 0.0035, 'maltose_100g': 0, 'manganese_100g': 0.00053, 'pantothenic-acid_100g': 0, 'phosphorus_100g': 0.056, 'phylloquinone_100g': 0, 'polyols_100g': 0, 'potassium_100g': 0.004, 'selenium_100g': 2.8e-06, 'starch_100g': 87, 'sucrose_100g': 0, 'vitamin-a_100g': 0, 'vitamin-b12_100g': 0, 'vitamin-b1_100g': 0, 'vitamin-b2_100g': 8e-06, 'vitamin-b6_100g': 5e-06, 'vitamin-b9_100g': 1e-06, 'vitamin-c_100g': 0, 'vitamin-d_100g': 0, 'vitamin-e_100g': 0, 'vitamin-pp_100g': 3e-05, 'water_100g': 9.26, 'zinc_100g': 0.00028}",,,
Star,"Condiments, Sauces, Mayonnaises",Morocco,592.0,65.21,on,100g,e,Star Mayonnaise,1.12,,100ml,1.75,9.8,0.05,,,,
Coca-Cola,"Bebidas y preparaciones de bebidas,Bebidas,Bebidas carbonatadas,Sodas,Bebidas no alcohólicas,Bebidas de cola,Bebidas azucaradas","Austria, Azerbaijan, Belarus, Belgium, Bulgaria, Croatia, Czech Republic, Ethiopia, France, Georgia, Germany, Greece, Hungary, Kazakhstan, Moldova, Morocco, Poland, Portugal, Romania, Serbia, Spain, Switzerland, Tunisia, Ukraine, United Kingdom, en:slovenia",44.0,0.0,on,100g,e,Original ethiopian,0.0,0.0,,0.0,0.0,10.9,,,,
Bé,"Snacks, Snacks sucrés, Biscuits et gâteaux, Biscuits, Petits beurres, en:Biscuit au beurre, en:Snacks sucrés",Morocco,427.0,17.5,on,100g,d,Petit beurre,6.6,1.2,100g,0.23,8.5,15.3,,,,
Excelo,"Snacks, Snacks sucrés, Biscuits et gâteaux, Biscuits, Biscuits au chocolat",en:ma,475.0,24.0,on,100g,e,King cookies choco,5.4,,100g,0.27,12.0,31.2,,,,
Lilia,"Plant-based foods and beverages, Dairies, Plant-based foods, Fats, Spreads, Plant-based spreads, Vegetable fats, Spreadable fats, Animal fats, Dairy spreads, Margarines, Milkfat, Butters, en:salted-spreads","Morocco, en:united-states",675.0,75.0,on,100g,d,مارغرين المائدة,0.1,0.0,100g,0.5,34.0,0.0,,,,
Lindt,"Snacks,Sweet snacks,Cocoa and its products,Chocolates,Dark chocolates,Dark chocolate bar with more than 70% cocoa,Dark chocolate bars for cooking","France,Morocco,United Kingdom",545.0,38.0,on,100g,e,Noir intense dessert 70%,9.6,,100g,0.03,22.0,30.0,,,,
Bonne Maman,"Petit-déjeuners, Produits à tartiner, Produits à tartiner sucrés, Pâtes à tartiner, Pâtes à tartiner aux noisettes, Pâtes à tartiner au chocolat, Pâtes à tartiner aux noisettes et au cacao","France, en:reunion",551.0,34.0,on,100g,e,Pâte à tartiner noisettes et cacao,6.7,3.3,100g,0.1,5.2,51.0,,,,
Harrys,"Plant-based foods and beverages,Plant-based foods,Cereals and potatoes,Cereals and their products,Breads,Sliced breads,fr:Pains de mie blancs nature","France,Switzerland",278.0,5.2,on,100g,c,Extra moelleux nature,8.1,5.0,100g,1.18,0.5,6.5,"{'alcohol_100g': 0.00118, 'beta-carotene_100g': 3.61153125e-06, 'calcium_100g': 0.02474433875, 'cholesterol_100g': 1.1484375e-05, 'copper_100g': 0.000214588125, 'fructose_100g': 0.07416625, 'galactose_100g': 0, 'glucose_100g': 0.08072875, 'iodine_100g': 1.8375875e-05, 'iron_100g': 0.001697977125, 'lactose_100g': 0.07416625, 'magnesium_100g': 0.05672982375, 'maltose_100g': 0.8066185, 'manganese_100g': 0.00158396371875, 'pantothenic-acid_100g': 0.00050748825, 'phosphorus_100g': 0.19155105, 'phylloquinone_100g': 4.9745475e-06, 'polyols_100g': 0, 'potassium_100g': 0.25400637375, 'selenium_100g': 7.803165e-06, 'starch_100g': 41.98127625, 'sucrose_100g': 0.39888025, 'vitamin-a_100g': 3.4453125e-07, 'vitamin-b12_100g': 1.115625e-08, 'vitamin-b1_100g': 0.000564159, 'vitamin-b2_100g': 3.6342e-05, 'vitamin-b6_100g': 0.0001065299, 'vitamin-b9_100g': 4.10119425e-05, 'vitamin-c_100g': 0.000187628125, 'vitamin-d_100g': 9.6032625e-08, 'vitamin-e_100g': 0.002378689125, 'vitamin-pp_100g': 0.00064232625, 'water_100g': 26.3404918, 'zinc_100g': 0.0016210052}",,,
pauz,Gaufrettes,"Morocco, en:united-states",599.0,43.5,on,100g,e,Pauz,5.6,2.4,100g,0.45,32.11,43.0,,,,
Jaouda,"Produits laitiers, Laits, Laits homogénéisés, Laits UHT, Laits sans lactose",Morocco,58.0,3.0,on,100g,b,Lait sans lactose,3.0,,100ml,0.0,1.3,0.0,,,,
Yoplait,"Dairies,Fermented foods,Fermented milk products,Desserts,Dairy desserts,Fermented dairy desserts,Plain fermented dairy desserts,Skyrs,Plain skyrs","France, en:belgium",57.0,0.5,on,100g,a,Skyr,9.5,0.5,,0.15,0.1,3.6,"{'alcohol_100g': 0, 'beta-carotene_100g': 6e-06, 'calcium_100g': 0.128, 'cholesterol_100g': 0.013, 'fructose_100g': 0.05, 'galactose_100g': 0.47, 'glucose_100g': 0.064, 'iodine_100g': 2.63e-05, 'lactose_100g': 2.11, 'maltose_100g': 0.05, 'pantothenic-acid_100g': 0.00031, 'phylloquinone_100g': 2e-07, 'polyols_100g': 0, 'potassium_100g': 0.176, 'sucrose_100g': 0.05, 'vitamin-b12_100g': 3.3e-07, 'vitamin-b1_100g': 4e-05, 'vitamin-b2_100g': 0.00026, 'vitamin-b6_100g': 5.7e-05, 'vitamin-b9_100g': 2.5e-05, 'vitamin-d_100g': 8e-07, 'vitamin-pp_100g': 0.00019, 'water_100g': 88.6}",,,
EXCELO,"Snacks, Snacks sucrés, Biscuits et gâteaux, Biscuits, Biscuits au chocolat, en:Biscuits-et-gateaux, en:Biscuits-fourres, en:Snacks-sucres, Biscuit-au-cacao-avec-fourrage-goût-vanille-et-enrobé-au-cacao",Morocco,452.0,23.0,on,100g,c,Eyoo cover,6.0,,100g,0.0,0.0,0.0,,,,
Jordans,"Aliments et boissons à base de végétaux,Aliments d'origine végétale,Petit-déjeuners,Céréales et pommes de terre,Céréales et dérivés,Céréales pour petit-déjeuner,Céréales aux fruits,Mueslis,Mueslis aux fruits,Céréales pour petit déjeuner riches en fibres,Pépites de céréales croustillantes,Pépites de céréales aux fruits","France,Suisse",432.0,13.0,on,100g,c,Country Crisp 4 Baies,9.1,6.0,100g,0.03,1.8,20.0,,,,
"Lu, Mondelez International","Snacks,Snacks sucrés,Biscuits et gâteaux,Biscuits sucrés & biscuits apéritifs,Biscuits,Petits beurres,Alimentaire","France,Suisse",440.0,12.0,on,100g,e,Véritable Petit Beurre,8.0,3.0,,1.4,7.8,23.0,,,,
Kara,"Boissons et préparations de boissons,Aliments et boissons à base de végétaux,Boissons,Aliments d'origine végétale,Substituts de produits laitiers,Substituts du lait,Boissons à base de végétaux,Boissons végétales,Crèmes végétales,Crèmes végétales pour cuisiner,Laits et crèmes de coco","France,Suisse,Monde",182.0,18.0,on,100g,e,Lait de coco,2.0,0.5,100g,0.03,17.0,2.2,,,,
Kiri,"Dairies, Fermented foods, Fermented milk products, Cheeses, Creams, fr:kiri a la creme de lait, en:cheese-spreads",Morocco,230.0,20.0,on,100g,d,Kiri carré 8p,9.0,,100g,1.6,13.0,2.0,,,,
lu,"Snacks,Sweet snacks,Biscuits and cakes,Biscuits,Petit-Beurre","Belgium,France,Guadeloupe,Lebanon,Réunion,Switzerland",440.0,12.0,on,100g,e,Véritable Petit Beurre Pocket,8.1,3.8,100g,1.3,7.5,23.0,"{'alcohol_100g': 0, 'beta-carotene_100g': 8.93252e-06, 'calcium_100g': 0.046359792, 'cholesterol_100g': 0.00623676, 'copper_100g': 0.0002573566, 'fructose_100g': 0.09250984, 'galactose_100g': 0.00141384, 'glucose_100g': 0.09250984, 'iodine_100g': 1.217932e-05, 'iron_100g': 0.0020126524, 'lactose_100g': 1.012456, 'magnesium_100g': 0.068502154, 'maltose_100g': 0.94881224, 'manganese_100g': 0.00200536876, 'pantothenic-acid_100g': 0.0004995168, 'phosphorus_100g': 0.2174308, 'phylloquinone_100g': 5.59276e-07, 'polyols_100g': 0, 'potassium_100g': 0.284496964, 'selenium_100g': 9.60634e-06, 'starch_100g': 54.019928, 'sucrose_100g': 3.26603144, 'vitamin-a_100g': 1.879497e-05, 'vitamin-b12_100g': 7.27104, 'vitamin-b1_100g': 0.0002442908, 'vitamin-b2_100g': 3.14252, 'vitamin-b6_100g': 0.0001074086, 'vitamin-b9_100g': 2.4095132e-05, 'vitamin-c_100g': 0.000330952, 'vitamin-d_100g': 1.4964136e-07, 'vitamin-e_100g': 0.00077835124, 'vitamin-pp_100g': 6.29048, 'water_100g': 11.75867212, 'zinc_100g': 0.00180943648}",,,
Lay’s,"Plant-based foods and beverages,Plant-based foods,Snacks,Cereals and potatoes,Salty snacks,Appetizers,Chips and fries,Crisps,Potato crisps,Crisps made from reconstituted potato","Belgium,France,Réunion",442.0,13.0,on,100g,c,Cuites au four nature,5.9,6.2,100g,0.84,1.4,5.3,"{'beta-carotene_100g': 1.48229166666667e-06, 'calcium_100g': 0.00511957666666667, 'cholesterol_100g': 0, 'copper_100g': 6.01186666666667e-05, 'fructose_100g': 0.195, 'galactose_100g': 0, 'glucose_100g': 0.2405, 'iodine_100g': 2.48461666666667e-06, 'iron_100g': 0.00025694675, 'lactose_100g': 0, 'magnesium_100g': 0.01200513125, 'maltose_100g': 0, 'manganese_100g': 0.000156839866666667, 'pantothenic-acid_100g': 0.0003705, 'phosphorus_100g': 0.0356242708333333, 'phylloquinone_100g': 1.39416666666667e-06, 'polyols_100g': 0, 'potassium_100g': 0.237135354166667, 'selenium_100g': 4.68333333333333e-06, 'starch_100g': 28.0325, 'sucrose_100g': 2.7682, 'vitamin-a_100g': 0, 'vitamin-b12_100g': 0, 'vitamin-b1_100g': 5.135e-05, 'vitamin-b2_100g': 1.51368333333333e-05, 'vitamin-b6_100g': 0.000222020833333333, 'vitamin-b9_100g': 2.04191666666667e-05, 'vitamin-c_100g': 0.001898, 'vitamin-d_100g': 9.47916666666666e-09, 'vitamin-e_100g': 0.004184625, 'vitamin-pp_100g': 0.001130625, 'water_100g': 52.7911820833333, 'zinc_100g': 0.000157019583333333}",,,
Herta,vegetarian sausages,"France, en:switzerland",256.0,20.0,on,100g,c,HERTA Knacki Veggie Saucisses végétales x6 -210g,15.0,2.0,100g,1.34,1.0,2.0,,,,
Bien,"Aliments et boissons à base de végétaux,Aliments d'origine végétale,Céréales et pommes de terre,Céréales et dérivés,Pains,Pains de mie,en:Packaged breads,Pains complets,Pains de mie complet",France,252.0,5.1,on,100g,a,PAIN MIE SANDWICH BIO* COMPLET Sans sucres ajoutés 500G,10.0,6.9,100g,0.99,0.5,1.9,,,,
Coca-Cola,"en:Beverages and beverages preparations,Bebidas,Bebidas carbonatadas,Bebidas artificialmente doçeadas,Sodas,Bebidas dietéticas,Colas,en:Diet sodas,en:Diet cola soft drink","Austria, Belarus, Belgium, Bulgaria, Estonia, France, Georgia, Germany, Greece, Guernsey, Hungary, Italy, Moldova, Morocco, Portugal, Romania, Serbia, Spain, Switzerland, Tunisia, Ukraine, United Kingdom, en:croatia",0.2,0.0,on,100g,c,Coca-Cola Zero 500ml черная крышка,0.0,0.0,100ml,0.05,0.0,0.0,,,,
jaouda,Jus d'orange,en:morocco,37.0,0.0,on,100g,b,press up jaouda petit orange,0.1,0.2,100g,0.0025,0.0,4.5,,,,
"Petit yoplait std, Yoplait","Produits laitiers, Produits fermentés, Desserts, Produits laitiers fermentés, Desserts lactés, Desserts lactés fermentés, Petits suisses, Desserts lactés fermentés nature, Petits suisses nature","France,Switzerland",87.0,3.8,on,100g,b,petit yoplait,9.0,0.1,100g,0.075,2.5,4.1,,,,
Tastino,"Alimentos e bebidas à base de plantas,Alimentos à base de plantas,Cereais e Batatas,Pães,en:Crispbreads,en:Rye breads","Croácia,Estónia,Alemanha,Letónia,Lituânia,Portugal,Sérvia,Espanha,Suíça",319.0,1.5,on,100g,b,Roggen Vollkorn-Knäckebr,8.3,16.0,,1.3,0.3,2.5,"{'alcohol_100g': 0, 'beta-carotene_100g': 0, 'calcium_100g': 0.03684595, 'cholesterol_100g': 0, 'fructose_100g': 0.228505, 'galactose_100g': 0, 'glucose_100g': 0.21857, 'iodine_100g': 1.209, 'lactose_100g': 0, 'maltose_100g': 0.069545, 'pantothenic-acid_100g': 0, 'phylloquinone_100g': 0, 'polyols_100g': 0, 'potassium_100g': 0.71244935, 'sucrose_100g': 1.778365, 'vitamin-b12_100g': 0, 'vitamin-b1_100g': 0, 'vitamin-b2_100g': 0, 'vitamin-b6_100g': 0.00043714, 'vitamin-b9_100g': 0, 'vitamin-d_100g': 0, 'vitamin-pp_100g': 0, 'water_100g': 10.7299755}",,,
jaouda,"Plant-based foods and beverages, Beverages, Plant-based beverages, Fruit-based beverages, Juices and nectars, Fruit nectars, Fruit juices, Orange nectars, en:orange-juices",Maroc,37.0,0.0,on,100g,b,برس اب الخوخ جودة 1لتر,0.1,0.2,100g,0.0025,0.0,4.5,,,,
Leroux,"Boissons et préparations de boissons,Aliments et boissons à base de végétaux,Boissons,Petit-déjeuners,Boissons chaudes,Boissons à base de végétaux,Préparations pour boissons,Produits déshydratés,Produits lyophilisés à reconstituer,Boissons instantanées,Boissons sans sucre ajouté,en:Instant coffee substitutes,Chicorée soluble,Chicoree,Chicorée et café en poudre soluble","France,Suisse",,,,100g,e,Chicoree soluble nature bio 100g,,,100g,,,,,,on,
QUAKER,"Aliments et boissons à base de végétaux,Aliments d'origine végétale,Petit-déjeuners,Céréales et pommes de terre,Céréales et dérivés,Céréales pour petit-déjeuner,Céréales au chocolat,Mueslis,Mueslis au chocolat,Pépites de céréales croustillantes,Pépites de céréales au chocolat","France,Italie,Suisse",455.0,19.0,on,100g,c,,8.1,10.0,100g,0.48,4.9,16.0,,,,
Tyrrell's,"Aliments et boissons à base de végétaux,Aliments d'origine végétale,Snacks,Céréales et pommes de terre,Snacks salés,Amuse-gueules,Chips et frites,Chips,Chips de pommes de terre,Chips de pommes de terre aromatisées,Chips de pommes de terre à l'huile de tournesol","France,Allemagne,Royaume-Uni",506.0,27.9,on,100g,c,Chips sel de mer et poivre noir,7.0,6.6,,0.9825,0.7,0.4,,,,
Ain Soltane,"Boissons, Eaux, Eaux de sources, Eaux minérales, Eaux minérales naturelles","France, en:morocco",0.0,0.0,on,100g,a,Eau,0.0,,100ml,0.0,0.0,0.0,"{'alcohol_100g': 0.0, 'beta-carotene_100g': 0.0, 'cholesterol_100g': 0.0, 'copper_100g': 1.7e-05, 'fiber_100g': 0.0, 'fructose_100g': 0.0, 'galactose_100g': 0.0, 'glucose_100g': 0.0, 'iodine_100g': 0.0, 'iron_100g': 3e-05, 'lactose_100g': 0.0, 'maltose_100g': 0.0, 'manganese_100g': 8.2e-07, 'pantothenic-acid_100g': 0.0, 'phosphorus_100g': 0.0, 'phylloquinone_100g': 0.0, 'polyols_100g': 0.0, 'selenium_100g': 5e-07, 'starch_100g': 0.0, 'sucrose_100g': 0.0, 'vitamin-a_100g': 0.0, 'vitamin-b12_100g': 0.0, 'vitamin-b1_100g': 0.0, 'vitamin-b2_100g': 0.0, 'vitamin-b6_100g': 0.0, 'vitamin-b9_100g': 0.0, 'vitamin-c_100g': 0.0, 'vitamin-d_100g': 0.0, 'vitamin-e_100g': 0.0, 'vitamin-pp_100g': 0.0, 'water_100g': 100.0, 'zinc_100g': 1.1e-05}",,,
Barilla,"Alimentos y bebidas de origen vegetal,Alimentos de origen vegetal,Cereales y patatas,Cereales y derivados,Pastas alimenticias,en:Cereal pastas,Pasta seca,Pasta de trigo duro,Pasta de huevo,en:Dry egg pastas,en:Lasagna sheets,fr:Lasagnes à garnir aux œufs","Белгия,Канада,Хърватия,Франция,Германия,Гърция,Унгария,Италия,Люксембург,Черна гора,Румъния,Сърбия,Словения,Испания,Швейцария,Обединено кралство Великобритания и Северна Ирландия,Уругвай,България",368.0,4.0,on,100g,a,Lasagne all'uovo,14.0,3.0,100g,0.08,1.0,3.0,"{'alcohol_100g': 0, 'beta-carotene_100g': 0, 'calcium_100g': 0.02849664, 'cholesterol_100g': 0.0770528, 'copper_100g': 0.000252568, 'fructose_100g': 0.01452, 'galactose_100g': 0, 'glucose_100g': 0.052272, 'iodine_100g': 4.0656e-06, 'iron_100g': 0.001105856, 'lactose_100g': 0, 'magnesium_100g': 0.0234992, 'maltose_100g': 0.01452, 'manganese_100g': 0.0018680112, 'pantothenic-acid_100g': 0.000303952, 'phosphorus_100g': 0.1217472, 'phylloquinone_100g': 5.808e-08, 'polyols_100g': 0, 'potassium_100g': 0.1485152, 'selenium_100g': 2.49744e-07, 'starch_100g': 0, 'sucrose_100g': 0.01452, 'vitamin-a_100g': 3.52352e-05, 'vitamin-b12_100g': 2.8072e-07, 'vitamin-b1_100g': 1.0648e-05, 'vitamin-b2_100g': 8.712e-05, 'vitamin-b6_100g': 0.0001048416, 'vitamin-b9_100g': 6.5824e-06, 'vitamin-c_100g': 0, 'vitamin-d_100g': 3.63968e-07, 'vitamin-e_100g': 0.000357488, 'vitamin-pp_100g': 1.21968e-05, 'water_100g': 24.52912, 'zinc_100g': 0.001953488}",,,
AFIA,Huile de soja,en:ma,900.0,100.0,on,100g,c,Afia,0.0,,100ml,0.0,15.0,0.0,,,,
vitalya,"Beverages, Waters, Table waters, en:natural-mineral-waters",en:Morocco,,,on,100g,a,vitalya,,,100ml,,,,,,,
,"Boissons et préparations de boissons,Boissons,Eaux,Eaux de sources,Eaux minérales",Maroc,,,on,100g,a,,,,100ml,0.003575,,,,,,
Saint Hubert,"Plant-based foods and beverages, Plant-based foods, Fats, Spreads, Plant-based spreads, Salted spreads, Vegetable fats, Spreadable fats, Margarines, Margarines high in omega 3, en:light-margarines",France,468.0,52.0,on,100g,c,Margarine omega 3 doux,0.0,,100g,0.42,15.0,0.0,,,,
St Hubert,"Aliments et boissons à base de végétaux,Aliments d'origine végétale,Matières grasses,Produits à tartiner,Pâtes à tartiner végétales,Produits à tartiner salés,Matières grasses à tartiner,Matières grasses végétales,Margarines,Margarines allégées",France,468.0,52.0,on,100g,c,Oméga 3,0.0,,100g,0.42,15.0,0.0,,,,
Lidl,"snacks, zoute-snacks, voorgerechten, da:crackers, en:wheat-crackers",Frankrijk,447.0,19.0,on,100g,c,Bio crackers graines de chia et flocons d’avoine,14.0,12.0,100g,1.8,2.6,2.0,"{'alcohol_100g': 0, 'beta-carotene_100g': 1.036572265625e-05, 'calcium_100g': 0.069148828125, 'cholesterol_100g': 6.15234375e-07, 'copper_100g': 0.000450560546875, 'fructose_100g': 0.0571617578125, 'galactose_100g': 0, 'glucose_100g': 0.103364453125, 'iodine_100g': 1.31482421875e-05, 'iron_100g': 0.00360565234375, 'lactose_100g': 0.05517578125, 'magnesium_100g': 0.1401596875, 'maltose_100g': 0.5778531640625, 'manganese_100g': 0.002667595703125, 'pantothenic-acid_100g': 0.0007260234375, 'phosphorus_100g': 0.313839765625, 'phylloquinone_100g': 2.788515625e-06, 'polyols_100g': 0, 'potassium_100g': 0.34881203125, 'selenium_100g': 1.02048203125e-05, 'starch_100g': 45.63916015625, 'sucrose_100g': 0.79741015625, 'vitamin-a_100g': 1.845703125e-08, 'vitamin-b12_100g': 5.9765625e-10, 'vitamin-b1_100g': 0.00051154296875, 'vitamin-b2_100g': 6.838671875e-05, 'vitamin-b6_100g': 0.00023244921875, 'vitamin-b9_100g': 4.94399609375e-05, 'vitamin-c_100g': 0.000284189453125, 'vitamin-d_100g': 7.5384765625e-08, 'vitamin-e_100g': 0.003609738671875, 'vitamin-pp_100g': 0.00090841015625, 'water_100g': 10, 'zinc_100g': 0.0027248921875}",,,
,"ar:Salim, en:milks",en:Morocco,39.5,0.7,on,100g,b,SALIM LBEN 440G,2.3,,100g,0.2375,0.5,0.0,,,,
CeraVe,"Non food products,Open Beauty Facts",Bulgaria,,,,,not-applicable,Cerave Foaming cleanser Normal to Oily Skin 236ml,,,,,,,,,,
"Lactalis, Président","dairies,fermented-foods,fermented-milk-products,cheeses,goat-cheeses,pasteurized-cheeses,rulo-de-cabra,Rulo de cabra","France, en:morocco",275.0,23.0,on,100g,d,La bûche fondante,17.0,,100g,1.5,16.0,0.5,"{'alcohol_100g': 0, 'beta-carotene_100g': 6.895e-06, 'cholesterol_100g': 0.0024625, 'copper_100g': 1.2945e-05, 'fiber_100g': 0, 'fructose_100g': 0, 'galactose_100g': 0, 'glucose_100g': 0, 'iodine_100g': 3.78855e-05, 'iron_100g': 3.1725e-05, 'lactose_100g': 4.85605, 'magnesium_100g': 0.011449625, 'maltose_100g': 0, 'manganese_100g': 6.3175e-06, 'pantothenic-acid_100g': 0.0003546, 'phosphorus_100g': 0.097575, 'phylloquinone_100g': 0, 'polyols_100g': 0, 'potassium_100g': 0.15477175, 'selenium_100g': 1.63885e-06, 'starch_100g': 0, 'sucrose_100g': 0, 'vitamin-a_100g': 1.7533e-06, 'vitamin-b12_100g': 4.8265e-07, 'vitamin-b1_100g': 4.2355e-05, 'vitamin-b2_100g': 0.0001773, 'vitamin-b6_100g': 4.334e-05, 'vitamin-b9_100g': 4.8265e-06, 'vitamin-c_100g': 0.0012805, 'vitamin-d_100g': 7.3875e-08, 'vitamin-e_100g': 8.865e-06, 'vitamin-pp_100g': 9.062e-05, 'water_100g': 89.4382025, 'zinc_100g': 0.00041436}",,,
BN,"Snacks,Sweet snacks,Biscuits and cakes,Biscuits and crackers,Biscuits",France,381.25,5.0,on,100g,d,"BN - Casse Croute Biscuits, 375g",7.5,2.5,100g,0.0015625,1.875,25.625,,,,
"Carrefour BIO, Carrefour","Petit-déjeuners,Produits à tartiner,Produits à tartiner sucrés,Pâtes à tartiner,Pâtes à tartiner aux noisettes,Pâtes à tartiner au chocolat,Pâtes à tartiner aux noisettes et au cacao","France, Morocco, en:belgium",522.0,28.0,on,100g,e,Pâte à tartiner,6.7,3.7,100g,0.11,4.2,58.0,,,,
gonga,en:light-margarines,"Morocco, en:united-states",532.0,59.0,on,100g,c,540093179616,0.5,,100g,0.5,14.0,0.5,,,,
Original,"Aliments et boissons à base de végétaux, Aliments d'origine végétale, Céréales et pommes de terre, Pains, Pains de seigle","France, en:belgium",214.0,1.2,on,100g,b,Le pain au Seigle,7.1,6.3,100g,1.2,0.3,3.4,,,,
"Nestlé,Nes,Nescafe","Boissons et préparations de boissons,Aliments et boissons à base de végétaux,Boissons,Aliments d'origine végétale,Boissons chaudes,Préparations pour boissons,Cafés,Boissons instantanées,Cafés solubles,en:Freeze-dried instant coffees","France, French Polynesia, en:morocco",118.0,0.2,on,100g,unknown,"NESCAFÉ NES, Café Soluble, Boîte de 200g",7.8,34.1,100g,0.25,0.1,3.1,"{'alcohol_100g': 0, 'calcium_100g': 0.12, 'cholesterol_100g': 0, 'copper_100g': 0.00155, 'iron_100g': 0.0041, 'magnesium_100g': 0.24, 'manganese_100g': 0.00213, 'phosphorus_100g': 0.16, 'polyols_100g': 0, 'potassium_100g': 2.02, 'vitamin-b6_100g': 1e-06, 'vitamin-c_100g': 0, 'vitamin-e_100g': 0.0027, 'water_100g': 5.5, 'zinc_100g': 0.00079}",,,
alter Eco,"Cacao et dérivés,Chocolats,Chocolats noirs,Chocolat noir en tablette extra dégustation à 70% de cacao minimum",France,644.0,56.0,on,100g,d,chocolat 90% Perou,8.5,13.0,100g,0.01,34.0,9.0,,,,
Nestlé,"Snacks, Desserts, Snacks sucrés, Cacao et dérivés, Chocolats, Chocolats noirs, Confiseries, Confiseries chocolatées","Canada,France,Allemagne",551.0,34.6,on,100g,e,NESTLÉ DESSERT Noir 2x205g,5.9,7.2,100g,0.01,20.4,46.4,,,,
Brets,"Aliments et boissons à base de végétaux,Aliments d'origine végétale,Snacks,Céréales et pommes de terre,Snacks salés,Graines,Amuse-gueules,Céréales et dérivés,Chips et frites,Céréales en grains,Chips,Sarrasin,en:Chips-de-sarrasin",France,567.0,38.0,on,100g,b,Chips de Sarrasin au Sel de Guerande,8.9,4.6,100g,1.1,3.1,0.6,"{'alcohol_100g': 0, 'beta-carotene_100g': 8.5e-07, 'calcium_100g': 0.0155845, 'cholesterol_100g': 0, 'copper_100g': 0.00032645, 'fructose_100g': 0, 'galactose_100g': 0, 'glucose_100g': 0.0048375, 'iodine_100g': 3.2848e-05, 'iron_100g': 0.00162535, 'lactose_100g': 0, 'magnesium_100g': 0.10132075, 'maltose_100g': 0.0645, 'manganese_100g': 0.000842, 'pantothenic-acid_100g': 0.00093525, 'phosphorus_100g': 0.170451, 'phylloquinone_100g': 4.651e-06, 'polyols_100g': 0, 'potassium_100g': 0.2512095, 'selenium_100g': 6.568e-06, 'starch_100g': 44.118, 'sucrose_100g': 0.014835, 'vitamin-a_100g': 0, 'vitamin-b12_100g': 0, 'vitamin-b1_100g': 0.0002451, 'vitamin-b2_100g': 9.675e-05, 'vitamin-b6_100g': 0.0002967, 'vitamin-b9_100g': 4.3086e-05, 'vitamin-c_100g': 0.00016125, 'vitamin-d_100g': 4.42e-08, 'vitamin-e_100g': 0.0196884, 'vitamin-pp_100g': 0.00306375, 'water_100g': 7.81, 'zinc_100g': 0.00149332}",,,
amora,"Condiments,Sauces,Mayonnaises,Mayonnaises de Dijon,matières grasses","Belgique,France,Suisse",648.0,70.0,on,100g,c,mayonnaise de Dijon,1.2,0.5,100g,1.8,5.6,1.5,"{'alcohol_100g': 0.0350333333333333, 'beta-carotene_100g': 4.859875e-06, 'calcium_100g': 0.0120696833333333, 'cholesterol_100g': 0, 'copper_100g': 1.54905166666667e-05, 'fructose_100g': 0.0678391666666666, 'galactose_100g': 0, 'glucose_100g': 0.0907091666666666, 'iodine_100g': 7.23791666666667e-07, 'iron_100g': 0.000256616916666667, 'lactose_100g': 0.0135229166666667, 'magnesium_100g': 0.007121935, 'maltose_100g': 0.0135229166666667, 'manganese_100g': 6.3969295e-05, 'pantothenic-acid_100g': 1.81054166666667e-05, 'phosphorus_100g': 0.0157160833333333, 'phylloquinone_100g': 3.20758083333333e-05, 'polyols_100g': 0, 'potassium_100g': 0.0242497558333333, 'selenium_100g': 2.94789166666667e-06, 'starch_100g': 0.247758333333333, 'sucrose_100g': 0.02114625, 'vitamin-a_100g': 0, 'vitamin-b12_100g': 0, 'vitamin-b1_100g': 1.04820833333333e-05, 'vitamin-b2_100g': 4.574e-06, 'vitamin-b6_100g': 6.940875e-06, 'vitamin-b9_100g': 7.146875e-07, 'vitamin-c_100g': 0.000116170833333333, 'vitamin-d_100g': 0, 'vitamin-e_100g': 0.012443905, 'vitamin-pp_100g': 5.431625e-05, 'water_100g': 46.4682875, 'zinc_100g': 8.07306666666667e-05}",,,
Puget,"Aliments et boissons à base de végétaux, Aliments d'origine végétale, Matières grasses, Matières grasses végétales, Produits de l'olivier, Huiles, Huiles d'olive, Huiles d'olive vierges extra, Huiles d'olive vierges","France,Polynésie française,Allemagne,Martinique,La Réunion,Suisse",900.0,100.0,on,100g,b,Huile d'olive,0.0,,100ml,0.0,15.0,0.0,"{'alcohol_100g': 0.0, 'beta-carotene_100g': 0.00021, 'calcium_100g': 0.0001, 'cholesterol_100g': 0.0, 'copper_100g': 5e-06, 'fiber_100g': 0.0, 'fructose_100g': 0.0, 'galactose_100g': 0.0, 'glucose_100g': 0.0, 'iodine_100g': 1e-05, 'iron_100g': 2.5e-05, 'lactose_100g': 0.0, 'magnesium_100g': 2.5e-05, 'maltose_100g': 0.0, 'manganese_100g': 5e-06, 'pantothenic-acid_100g': 0.0, 'phosphorus_100g': 0.00015, 'phylloquinone_100g': 5.81e-05, 'polyols_100g': 0.0, 'potassium_100g': 0.00015, 'selenium_100g': 1e-05, 'starch_100g': 0.0, 'sucrose_100g': 0.0, 'vitamin-a_100g': 0.0, 'vitamin-b12_100g': 0.0, 'vitamin-b1_100g': 0.0, 'vitamin-b2_100g': 0.0, 'vitamin-b6_100g': 0.0, 'vitamin-b9_100g': 0.0, 'vitamin-c_100g': 0.0, 'vitamin-d_100g': 1.3e-07, 'vitamin-e_100g': 0.0223, 'vitamin-pp_100g': 0.0, 'water_100g': 0.1, 'zinc_100g': 2.5e-05}",,,
,en:cheeses,en:morocco,298.0,26.0,on,100g,unknown,,7.0,,100g,,,,,,,
"Nestlé,Nestlé Dessert","Snacks,Sweet snacks,Cocoa and its products,Chocolates,Dark chocolates,Dark chocolate bars for cooking, Confiseries, Confiseries chocolatées, Aides culinaires, Aides culinaires conservables","France,Germany,Martinique,Réunion",554.0,37.3,on,100g,e,NESTLÉ DESSERT Corsé 200g,8.3,10.6,100g,0.02,22.4,34.5,"{'beta-carotene_100g': 1.953125e-07, 'calcium_100g': 0.01186, 'cholesterol_100g': 0, 'copper_100g': 0.0003060625, 'fructose_100g': 0.0078125, 'galactose_100g': 0, 'glucose_100g': 0.0078125, 'iodine_100g': 8.5625e-07, 'iron_100g': 0.0038083125, 'lactose_100g': 0.0078125, 'magnesium_100g': 0.039475, 'maltose_100g': 0.0078125, 'manganese_100g': 0.0003218875, 'pantothenic-acid_100g': 6.40625e-05, 'phosphorus_100g': 0.05390625, 'phylloquinone_100g': 3.046875e-07, 'polyols_100g': 0.01953125, 'potassium_100g': 0.3080625, 'selenium_100g': 2.03125e-06, 'starch_100g': 0.6640625, 'sucrose_100g': 25.0203125, 'vitamin-a_100g': 0, 'vitamin-b12_100g': 0, 'vitamin-b1_100g': 5.9375e-06, 'vitamin-b2_100g': 1.4125e-05, 'vitamin-b6_100g': 3.90625e-07, 'vitamin-b9_100g': 8.359375e-06, 'vitamin-c_100g': 1.953125e-05, 'vitamin-d_100g': 2.1328125e-07, 'vitamin-e_100g': 0.00117265625, 'vitamin-pp_100g': 8.984375e-05, 'water_100g': 0.3159375, 'zinc_100g': 0.000505}",,,
Aiguebelle,"Snacks,Sweet snacks,Cocoa and its products,Chocolates,Dark chocolates,Dark chocolate bar",Morocco,,,on,100g,unknown,NAPOLITAIN,,,100g,,,,,,,
Maille,"Condiments, Sauces, Mayonnaises, Dijon mayonnaises, Groceries","France, Germany, en:morocco",664.0,72.0,on,100g,d,Maille Mayonnaise,1.6,0.5,100g,1.1,5.9,1.0,,,,
Bonne Maman,"Snacks, Desserts, Snacks sucrés, Biscuits et gâteaux, Gâteaux, Quatre-quarts",Francia,429.0,24.0,on,100g,e,"Bonne Maman - Quatre Quarts, 500g (17.6oz)",5.9,1.0,100g,0.88,15.0,28.0,,,,
Briau,"Plats préparés,Réfrigérés,Plats préparés au poisson,Plats préparés réfrigérés,Brandades de morue,Brandades de morue parmentière,Preparations-made-from-fish-meat",France,158.0,10.0,on,100g,b,la Brandade à la Morue,8.2,,100g,0.66,1.3,0.8,"{'alcohol_100g': 0, 'beta-carotene_100g': 2.9194875, 'calcium_100g': 0.012369465125, 'cholesterol_100g': 0.016784775, 'copper_100g': 5.0730445e-05, 'fiber_100g': 0.784243125, 'fructose_100g': 0.177495, 'galactose_100g': 0.0003684375, 'glucose_100g': 0.201379, 'iodine_100g': 4.5078078125e-05, 'iron_100g': 0.0002834802835, 'lactose_100g': 0.301655, 'magnesium_100g': 0.0174437026875, 'maltose_100g': 0.022416875, 'manganese_100g': 5.2249714, 'pantothenic-acid_100g': 0.0002954596875, 'phosphorus_100g': 0.08173989375, 'phylloquinone_100g': 1.153405, 'polyols_100g': 0.0075125, 'potassium_100g': 0.285603707875, 'selenium_100g': 4.734169125e-05, 'starch_100g': 6.06786425, 'sucrose_100g': 0.130973625, 'vitamin-a_100g': 2.48431875, 'vitamin-b12_100g': 5.00605e-07, 'vitamin-b1_100g': 4.0605925e-05, 'vitamin-b2_100g': 3.6310125e-05, 'vitamin-b6_100g': 0.0002121215625, 'vitamin-b9_100g': 2.05668125e-05, 'vitamin-c_100g': 0.001590468375, 'vitamin-d_100g': 4.65164e-07, 'vitamin-e_100g': 0.0091995186875, 'vitamin-pp_100g': 0.0015353310625, 'water_100g': 67.21589193125, 'zinc_100g': 0.0002382732375}",,,
Funkie,"Plant-based foods and beverages,Plant-based foods,Snacks,Breakfasts,Cereals and potatoes,Sweet snacks,Cereals and their products,Breakfast cereals,Extruded cereals,Filled cereals",France,438.0,17.0,on,100g,b,Les Fourrées  -  Beurre de Cacahuète & Cacao,13.0,6.0,100g,0.13,3.0,13.0,,,,
Chergui,"Dairies, Fermented foods, Fermented milk products, Cheeses, en:salted-spreads",en:ma,256.44,24.0,on,100g,d,Douceur fromage frais,7.01,,100g,0.61,14.65,3.0,,,,
LA VIE,"Plant-based foods and beverages,Plant-based foods,Meat alternatives,Meat analogues,fr:Substituts des lardons,fr:substituts de lardon",France,290.666666666667,15.0,on,100g,d,Rostlinná slanina,15.0,3.2,,2.2,1.1,1.2,,,,
Dark Excellente,"Snacks,Sweet snacks,Cocoa and its products,Chocolates,Dark chocolates",Morocco,580.0,49.0,on,100g,e,Chocolat Noir 92% cacao,15.0,,100g,0.0,33.0,10.0,,,,
lotus,"Snacks, Snacks sucrés, Biscuits et gâteaux, Biscuits, Spéculoos, Biscuits sucrés & biscuits apéritifs, en:Biscuits/Cookies (Shelf Stable)","Belgium, France, en:morocco",484.0,19.0,on,100g,e,Spéculoos Biscoff,4.9,1.3,100g,0.92,8.0,38.1,,,,
Céréal BIO,"Plant-based foods and beverages,Plant-based foods,Snacks,Cereals and potatoes,Extruded crispbreads","France,Switzerland",370.0,2.3,on,100g,b,Tartines Craquantes Multi-Céréales,9.9,2.5,,0.32,0.3,2.8,"{'alcohol_100g': 0, 'beta-carotene_100g': 2.08e-07, 'calcium_100g': 0.0147221, 'cholesterol_100g': 0, 'copper_100g': 0.0002857, 'fructose_100g': 0.069182, 'galactose_100g': 0, 'glucose_100g': 0.0751275, 'iodine_100g': 7.4828e-06, 'iron_100g': 0.00139615, 'lactose_100g': 0.0677, 'magnesium_100g': 0.126221, 'maltose_100g': 0.12886, 'manganese_100g': 0.00199598, 'pantothenic-acid_100g': 0.00110736, 'phosphorus_100g': 0.29339, 'phylloquinone_100g': 3.28406e-06, 'polyols_100g': 0, 'potassium_100g': 0.312961, 'selenium_100g': 8.5581e-06, 'starch_100g': 69.062, 'sucrose_100g': 0.619771, 'vitamin-a_100g': 0, 'vitamin-b12_100g': 0, 'vitamin-b1_100g': 0.00034563, 'vitamin-b2_100g': 5.6255e-05, 'vitamin-b6_100g': 0.00023737, 'vitamin-b9_100g': 4.16163e-05, 'vitamin-c_100g': 0.0002435, 'vitamin-d_100g': 8.801e-08, 'vitamin-e_100g': 0.0006053, 'vitamin-pp_100g': 0.00148412, 'water_100g': 11.6573, 'zinc_100g': 0.0017115}",,,
le berger,"Produits laitiers,Produits fermentés,Produits laitiers fermentés,Desserts,Desserts lactés,Desserts lactés fermentés,Fromages blancs","France,Maroc",225.0,21.0,on,100g,b,Ftoury Fromage Blanc,6.0,0.0,100g,0.4,0.0,0.0,,,,
Harry's,"pain de mie, Surgelés, Pains surgelés",en:France,283.0,6.0,on,100g,c,Pain de mie american sandwich nature sans sucres ajoutés maxi 825g,7.4,5.5,100g,1.1,0.5,5.2,"{'alcohol_100g': 0.000830729166666671, 'beta-carotene_100g': 3.42256958007813e-06, 'calcium_100g': 0.0205167446484375, 'cholesterol_100g': 8.17749023437525e-07, 'copper_100g': 0.000192747496940104, 'fructose_100g': 0.101598291015625, 'galactose_100g': 0, 'glucose_100g': 0.125234326171875, 'iodine_100g': 1.72902783203125e-05, 'iron_100g': 0.00148548197070313, 'lactose_100g': 0.0707066243489583, 'magnesium_100g': 0.0494172964973958, 'maltose_100g': 0.699809225260417, 'manganese_100g': 0.00146754374373698, 'pantothenic-acid_100g': 0.000336539853515625, 'phosphorus_100g': 0.149669573567708, 'phylloquinone_100g': 5.7884353515625e-06, 'polyols_100g': 0.00965364583333333, 'potassium_100g': 0.196180355703125, 'selenium_100g': 7.53047623697917e-06, 'starch_100g': 39.3930731998698, 'sucrose_100g': 0.376164293619792, 'vitamin-a_100g': 2.45324707031257e-08, 'vitamin-b12_100g': 7.94384765625024e-10, 'vitamin-b1_100g': 0.000202339703125001, 'vitamin-b2_100g': 5.84969075520841e-06, 'vitamin-b6_100g': 7.61084127604167e-05, 'vitamin-b9_100g': 1.96828092773438e-05, 'vitamin-c_100g': 0.000250533448893229, 'vitamin-d_100g': 8.66287288411459e-08, 'vitamin-e_100g': 0.00266561181477864, 'vitamin-pp_100g': 8.4534860026043e-05, 'water_100g': 30.5273025039063, 'zinc_100g': 0.00129088107552083}",,,
Danone,"Aliments et boissons à base de végétaux,Boissons,Boissons à base de végétaux,Boissons aux fruits,en:Mixed drinks",Morocco,65.0,1.07,on,100g,e,عصري بناشي,0.7,,100g,0.0,0.89,8.0,,,,
Raynal & Roquelaure R&R,"Aliments et boissons à base de végétaux,Aliments d'origine végétale,Légumineuses et dérivés,Conserves,Légumineuses,Graines,Aliments à base de plantes en conserve,Graines de légumineuses,Plats préparés,Légumineuses sèches,Légumineuses en conserve,Lentilles,Plats à base de lentilles,Lentilles en conserve,Lentilles préparées","France,Guadeloupe",207.0,3.2,on,100g,c,Lentilles cuisinées à l'Auvergnate,6.1,2.8,,0.6875,1.1,0.8,"{'alcohol_100g': 0, 'beta-carotene_100g': 5.972984375e-05, 'calcium_100g': 0.012845335, 'cholesterol_100g': 0.016382625, 'copper_100g': 8.8284625e-05, 'fructose_100g': 0.05244375, 'galactose_100g': 0, 'glucose_100g': 0.05284375, 'iodine_100g': 1.92197e-06, 'iron_100g': 0.0005548919, 'lactose_100g': 0.03234375, 'magnesium_100g': 0.0149611925, 'maltose_100g': 0.04033375, 'manganese_100g': 0.00014435959, 'pantothenic-acid_100g': 0.000273505625, 'phosphorus_100g': 0.081766125, 'phylloquinone_100g': 5.214025e-07, 'polyols_100g': 0.0723125, 'selenium_100g': 4.3279625e-06, 'starch_100g': 3.36587875, 'sucrose_100g': 0.16166, 'vitamin-a_100g': 1.1586925e-06, 'vitamin-b12_100g': 7.53725e-08, 'vitamin-b1_100g': 0.0001539068125, 'vitamin-b2_100g': 4.13279375e-05, 'vitamin-b6_100g': 0.000100841, 'vitamin-b9_100g': 5.2638225e-05, 'vitamin-c_100g': 0.000518398125, 'vitamin-d_100g': 2.42745e-07, 'vitamin-e_100g': 9.6925e-05, 'vitamin-pp_100g': 0.00115335375, 'water_100g': 76.4571, 'zinc_100g': 0.000611370125}",,,
Elle et Vire,"Produits laitiers, Matières grasses, Produits à tartiner, Matières grasses à tartiner, Matières grasses animales, Matière grasse laitière, en:dairy-spread, Beurres, Beurres demi-sel, Beurres tendres","Belgium,France,Switzerland",725.0,80.0,on,100g,e,le beurre tendre,0.6,0.0,100g,2.0,56.0,0.7,,,,
"Barilla, Mulino Bianco","Snacks,Snacks sucrés,Biscuits et gâteaux,Biscuits,Biscuits au chocolat,Biscuits fourrés, en:Biscuits/Cookies (Shelf Stable)","France,Italie",510.0,26.0,on,100g,d,Baiocchi nocciola snack mb,8.0,4.0,100g,0.6,5.0,23.0,"{'alcohol_100g': 0, 'beta-carotene_100g': 6.59375e-07, 'calcium_100g': 0.05999125, 'cholesterol_100g': 0.058, 'copper_100g': 7.467578125e-05, 'fructose_100g': 0.0063125, 'galactose_100g': 0.0070625, 'glucose_100g': 0.0365, 'iodine_100g': 1.8918359375e-05, 'iron_100g': 0.0009431953125, 'lactose_100g': 1.784375, 'magnesium_100g': 0.0128048828125, 'maltose_100g': 0.0063125, 'manganese_100g': 0.00033745390625, 'pantothenic-acid_100g': 0.0003828125, 'phosphorus_100g': 0.12058125, 'phylloquinone_100g': 3.021875e-06, 'polyols_100g': 0, 'potassium_100g': 0.13078359375, 'selenium_100g': 1.50134375e-05, 'starch_100g': 20.321484375, 'sucrose_100g': 37.2063125, 'vitamin-a_100g': 1.228125e-05, 'vitamin-b12_100g': 2.5875e-07, 'vitamin-b1_100g': 0.00011753125, 'vitamin-b2_100g': 0.000177421875, 'vitamin-b6_100g': 3.8744140625e-05, 'vitamin-b9_100g': 1.0408203125e-05, 'vitamin-c_100g': 0.000209375, 'vitamin-d_100g': 3.35875e-07, 'vitamin-e_100g': 0.007634109375, 'vitamin-pp_100g': 0.00106387109375, 'water_100g': 8.384546875, 'zinc_100g': 0.000527953125}",,,
,"Snacks, Snacks sucrés, Biscuits et gâteaux, Gâteaux, Financiers","France, Morocco, en:united-states",452.0,22.9,on,100g,e,Petits fours financiers,8.1,,100g,0.13,11.9,31.6,"{'alcohol_100g': 0, 'beta-carotene_100g': 2.5e-06, 'calcium_100g': 0.00378, 'cholesterol_100g': 0, 'copper_100g': 3e-05, 'fiber_100g': 0, 'fructose_100g': 0, 'galactose_100g': 0, 'glucose_100g': 0, 'iodine_100g': 1e-05, 'iron_100g': 6e-05, 'lactose_100g': 0, 'magnesium_100g': 0.00349, 'maltose_100g': 0, 'manganese_100g': 0.00149, 'pantothenic-acid_100g': 0.00013, 'phosphorus_100g': 0.00368, 'phylloquinone_100g': 4e-07, 'polyols_100g': 0, 'potassium_100g': 0.0538, 'selenium_100g': 1e-05, 'starch_100g': 0, 'sucrose_100g': 0, 'vitamin-a_100g': 0, 'vitamin-b12_100g': 0, 'vitamin-b1_100g': 7.5e-06, 'vitamin-b2_100g': 5e-06, 'vitamin-b6_100g': 5e-06, 'vitamin-b9_100g': 6.99e-06, 'vitamin-c_100g': 0.00025, 'vitamin-d_100g': 5e-09, 'vitamin-e_100g': 1e-05, 'vitamin-pp_100g': 0.00021, 'water_100g': 98.5, 'zinc_100g': 2.5e-05}",,,
Grainea,"Aliments et boissons à base de végétaux, Aliments d'origine végétale, Petit-déjeuners, Céréales et pommes de terre, Céréales et dérivés, Céréales pour petit-déjeuner, Céréales au chocolat, Mueslis, Mueslis croustillants, Mueslis au chocolat, Mueslis croustillant au chocolat, Muesli croustillant au chocolat non enrichi en vitamines et minéraux",France,446.0,17.0,on,100g,a,Muesli Chocolat-Noisette,9.9,11.0,100g,0.01,3.2,3.0,,,,
Dark Excelente,"Snacks, Sweet snacks, Cocoa and its products, Chocolates, Dark chocolates, Dark chocolate bar",en:Morocco,569.0,47.0,on,100g,e,Chocolate Negro,14.0,,100g,0.02,30.0,12.0,,,,
"Asta,Café","Boissons et préparations de boissons,Aliments et boissons à base de végétaux,Boissons,Aliments d'origine végétale,Préparations pour boissons,Cafés,Boissons instantanées,Cafés solubles","France, Morocco, en:united-states",8.0,9.0,on,100g,unknown,Asta,2.0,3.0,100g,,4.0,2.7,,,,
Maggi,"Aliments et boissons à base de végétaux, Aliments d'origine végétale, Produits déshydratés, Aliments à base de plantes séchées, Produits lyophilisés à reconstituer, Bouillons, Bouillons déshydratés, Bouillons de légumes, Bouillons cubes, Bouillons en poudre, Bouillons de légumes déshydratés, Bouillon de légumes déshydraté, Condiments, en:Tenderisers",France,,,,100ml,c,MAGGI Bouillon KUB BIO Légumes 80g,,,100g,,,,,,on,
horra,"Aliments et boissons à base de végétaux,Aliments d'origine végétale,Matières grasses,Matières grasses végétales,Produits de l'olivier,Huiles,Huiles d'olive,Huiles d'olive vierges extra,Huiles d'olive vierges","France, en:morocco",900.0,100.0,on,100g,b,Huille,0.0,,100ml,0.0,16.8,0.0,,,,
JANAH FRERES,"Beverages and beverages preparations,Plant-based foods and beverages,Beverages,Hot beverages,Plant-based beverages,Teas,Green teas",Morocco,,,,,unknown,شاي النسمة,,,,,,,,,,
Maille,"Vinaigres balsamiques,Vinaigres balsamiques de Modène,Crèmes de vinaigre balsamique","France,Italie",112.0,0.0,on,100g,not-applicable,Vinaigre Balsamique de Modène 25 cl,0.5,0.0,100ml,0.0,0.0,28.0,,,,
Vittel,"Beverages and beverages preparations, Beverages, Waters, Spring waters, Mineral waters, Natural mineral waters, en:unsweetened-beverages","Belgique,France,Luxembourg",,,on,100g,a,Vittel,,,100ml,0.013,,,,,,
Hacendado,"Alimentos y bebidas de origen vegetal,Alimentos de origen vegetal,Cereales y patatas,Panes,Panes de molde,Panes integrales,Panes de molde integrales","Spain, en:portugal",250.0,4.8,on,100g,a,Pan 100% Integral,11.3,8.3,,0.93,0.8,2.6,,,,
Kara,"Beverages and beverages preparations,Plant-based foods and beverages,Beverages,Plant-based foods,Dairy substitutes,Milk substitutes,Plant-based beverages,Plant-based milk alternatives,Plant-based creams,Plant-based creams for cooking,Coconut-based creams for cooking,Coconut milks and creams","France,Hungary, World",35.0,4.0,on,100g,c,Natural Coconut Cream,0.0,0.0,100ml,0.0,4.0,0.0,,,,
,"Beverages, Waters, en:natural-mineral-waters",en:ma,,,on,100g,a,Ghayt,,,100g,0.025,,,,,,
Isigny Sainte-Mère,"Produits laitiers,Crèmes,Crèmes fouettées,en:cremes-fouettees",France,313.0,29.0,on,100g,e,Crème sous pression à la vanille 250g,2.1,,100g,0.07,21.0,11.0,"{'alcohol_100g': 0, 'beta-carotene_100g': 7.14615e-05, 'calcium_100g': 0.0755082, 'cholesterol_100g': 0.082899, 'copper_100g': 7.3025e-06, 'fiber_100g': 1.27185, 'fructose_100g': 0.04575, 'galactose_100g': 0.04575, 'glucose_100g': 0.04575, 'iodine_100g': 9.723e-06, 'iron_100g': 9.583e-05, 'lactose_100g': 2.42475, 'magnesium_100g': 0.00757095, 'maltose_100g': 0.04575, 'manganese_100g': 3.3405e-06, 'pantothenic-acid_100g': 0.00022875, 'phosphorus_100g': 0.060573, 'phylloquinone_100g': 4.3005e-07, 'polyols_100g': 0, 'potassium_100g': 0.097155, 'selenium_100g': 1.4797e-06, 'starch_100g': 0.05307, 'sucrose_100g': 8.032495, 'vitamin-a_100g': 0.000193065, 'vitamin-b12_100g': 1.647e-07, 'vitamin-b1_100g': 2.562e-05, 'vitamin-b2_100g': 0.00016622, 'vitamin-b6_100g': 3.2025e-05, 'vitamin-b9_100g': 2.04045e-05, 'vitamin-c_100g': 0.0002745, 'vitamin-d_100g': 1.5555e-07, 'vitamin-e_100g': 0.0004758, 'vitamin-pp_100g': 0.00013725, 'water_100g': 62.2336, 'zinc_100g': 0.00024865}",,,
"St Hubert, St hubert omega 3","Aliments et boissons à base de végétaux,Aliments d'origine végétale,Matières grasses,Produits à tartiner,Pâtes à tartiner végétales,Produits à tartiner salés,Matières grasses à tartiner,Matières grasses végétales,Margarines,Margarines allégées,Margarines riche en oméga 3",France,468.0,52.0,on,100g,d,St Hubert Omega 3 Sans Huile de Palme 500g Doux,0.0,,100g,0.42,17.0,0.0,,,,
Andros,"Aliments et boissons à base de végétaux, Aliments d'origine végétale, Aliments à base de fruits et de légumes, Desserts, Fruits et produits dérivés, Fruits, Pommes, Compotes, Compotes de pomme, Compotes pommes nature","France, en:luxembourg",55.0,0.2,on,100g,a,Compote Pomme Nature,0.3,1.9,100g,0.0,0.0,12.0,"{'alcohol_100g': 0, 'beta-carotene_100g': 1.6983e-05, 'calcium_100g': 0.004995, 'cholesterol_100g': 0, 'copper_100g': 3.0969e-05, 'fructose_100g': 6.02397, 'galactose_100g': 0, 'glucose_100g': 3.24675, 'iodine_100g': 9.99e-08, 'iron_100g': 6.993e-05, 'lactose_100g': 0, 'magnesium_100g': 0.003996, 'maltose_100g': 0, 'manganese_100g': 3.7962e-05, 'pantothenic-acid_100g': 7.0929e-05, 'phosphorus_100g': 0.010989, 'phylloquinone_100g': 5.994e-07, 'polyols_100g': 0.58941, 'potassium_100g': 0.08991, 'selenium_100g': 1.4985e-07, 'starch_100g': 0, 'sucrose_100g': 0.81918, 'vitamin-a_100g': 0, 'vitamin-b12_100g': 0, 'vitamin-b1_100g': 1.8981e-05, 'vitamin-b2_100g': 2.7972e-05, 'vitamin-b6_100g': 3.6963e-05, 'vitamin-b9_100g': 0, 'vitamin-c_100g': 0.003996, 'vitamin-d_100g': 0, 'vitamin-e_100g': 4.995e-05, 'vitamin-pp_100g': 9.0909e-05, 'water_100g': 86.6133, 'zinc_100g': 4.995e-05}",,,
fuze tea,"Boissons, Boissons édulcorées, Boissons sans alcool, Boissons au thé, Thés glacés, Thés glacés saveur pêche, Boissons avec sucre ajouté",France,19.0,0.0,on,100g,d,fuzetea saveur pêche 1l25,0.0,,100ml,0.025,0.0,4.3,"{'beta-carotene_100g': 0.0, 'calcium_100g': 0.006822328, 'cholesterol_100g': 0.0, 'copper_100g': 1.62, 'fiber_100g': 0.0, 'fructose_100g': 0.0, 'galactose_100g': 0.0, 'glucose_100g': 0.0, 'iodine_100g': 8.214e-09, 'iron_100g': 3.03515e-05, 'lactose_100g': 0.0, 'magnesium_100g': 0.000979794, 'maltose_100g': 0.0, 'manganese_100g': 1.168292e-06, 'pantothenic-acid_100g': 1.32e-08, 'phosphorus_100g': 1.2e-06, 'phylloquinone_100g': 0.0, 'polyols_100g': 0.0, 'potassium_100g': 0.001076813, 'selenium_100g': 6.0411e-07, 'starch_100g': 0.0, 'sucrose_100g': 2.6447, 'vitamin-a_100g': 0.0, 'vitamin-b12_100g': 0.0, 'vitamin-b1_100g': 0.0, 'vitamin-b2_100g': 5.215e-07, 'vitamin-b6_100g': 0.0, 'vitamin-b9_100g': 5.94e-09, 'vitamin-c_100g': 0.0, 'vitamin-d_100g': 0.0, 'vitamin-e_100g': 0.0, 'vitamin-pp_100g': 1.2e-07, 'water_100g': 94.434265, 'zinc_100g': 1.09341e-05}",,,
"General Mills, Old el Paso","Aliments et boissons à base de végétaux, Aliments d'origine végétale, Céréales et pommes de terre, Pains, Pains plats, Pains blancs, Pains de blé, Tortillas de blé","France,Espagne",299.0,5.2,on,100g,c,8 Tortillas - Blé nature,9.1,1.6,100g,1.0,1.2,2.1,,,,
Hacendado,"Alimentos y bebidas de origen vegetal,Alimentos de origen vegetal,Cereales y patatas,Cereales y derivados,Panes,Panes de centeno","Spain, en:portugal",400.0,7.6,on,100g,a,Pan Fibra & Sésamo,13.0,24.7,,1.13,1.1,3.0,"{'alcohol_100g': 0, 'beta-carotene_100g': 5.934765625e-07, 'calcium_100g': 0.13848600390625, 'chloride_100g': 0.0006125, 'cholesterol_100g': 0.000873359375, 'fructose_100g': 0.19742259375, 'galactose_100g': 0, 'glucose_100g': 0.19218328125, 'iodine_100g': 4.21983359375e-05, 'lactose_100g': 0.005405859375, 'maltose_100g': 0.082266734375, 'pantothenic-acid_100g': 1.4061328125e-05, 'phylloquinone_100g': 1.67890625e-08, 'polyols_100g': 0, 'potassium_100g': 0.667267359375, 'sucrose_100g': 1.555037109375, 'vitamin-b12_100g': 3.7078125e-09, 'vitamin-b1_100g': 8.8672421875e-05, 'vitamin-b2_100g': 2.9175625e-05, 'vitamin-b6_100g': 0.0004633519140625, 'vitamin-b9_100g': 1.094866015625e-05, 'vitamin-d_100g': 4.19453125e-09, 'vitamin-pp_100g': 0.000527519296875, 'water_100g': 9.96824265625}",,,
Kikkoman,"Smaakmakers,Sauzen,Sojasauzen",Spain,77.0,0.0,on,100g,e,Sauce Soja,10.0,0.0,,16.9,0.0,0.6,"{'alcohol_100g': 0, 'beta-carotene_100g': 4.6875e-07, 'calcium_100g': 0.049484375, 'cholesterol_100g': 0, 'copper_100g': 0.0002159375, 'fructose_100g': 0.009375, 'galactose_100g': 0, 'glucose_100g': 0.009375, 'iodine_100g': 0.0001753125, 'iron_100g': 0.0031959375, 'lactose_100g': 0.009375, 'magnesium_100g': 0.0551953125, 'maltose_100g': 0.0975, 'manganese_100g': 0.0006417625, 'pantothenic-acid_100g': 4.5e-05, 'phosphorus_100g': 0.13125, 'phylloquinone_100g': 3.75e-08, 'polyols_100g': 0.09375, 'potassium_100g': 0.354540625, 'selenium_100g': 1.296875e-06, 'starch_100g': 7.865625, 'sucrose_100g': 1.19625, 'vitamin-a_100g': 0, 'vitamin-b12_100g': 0, 'vitamin-b1_100g': 2.4375e-05, 'vitamin-b2_100g': 4.6875e-07, 'vitamin-b6_100g': 8.53125e-05, 'vitamin-b9_100g': 2.409375e-06, 'vitamin-c_100g': 0.0011484375, 'vitamin-d_100g': 1.21875e-08, 'vitamin-e_100g': 0.0002334375, 'vitamin-pp_100g': 4.6875e-06, 'water_100g': 65.12190625, 'zinc_100g': 0.000746375}",,,
"الراعي,Le Berger","Produits laitiers,Produits fermentés,Produits laitiers fermentés,Produits à tartiner,Produits à tartiner salés,Fromages à tartiner,Fromage",Morocco,,,on,100g,unknown,petits frais nature 170g araai,,,100g,,,,,,,
Pagen,"Aliments et boissons à base de végétaux, Aliments d'origine végétale, Céréales et pommes de terre, Pains, Pains grillés, Petits pains grillés",France,397.0,6.2,on,100g,d,Krisprolls,12.0,7.7,100g,1.5725,2.1,7.0,,,,
"Savencia,Tartare",en:Cheese spreads substitutes,"France, Germany, Switzerland, en:belgium",225.0,19.0,on,100g,b,Tartare végétal ail & fines herbes,4.6,4.0,100g,0.0025,1.7,1.1,,,,
Maribel,"Petit-déjeuners,Produits à tartiner,Produits à tartiner sucrés,Produits de la ruche,Produits d'élevages,Édulcorants,Miels,Miels de fleurs,Miels français,Sucres,Miels crémeux,Miel-de-fleurs-de-france,Miel de fleurs crémeux",France,,,on,100g,e,Miel crémeux français & responsable,,,,,,,"{'alcohol_100g': 0, 'beta-carotene_100g': 0, 'calcium_100g': 0.00793, 'carbohydrates_100g': 81.7, 'cholesterol_100g': 0, 'copper_100g': 1.7e-05, 'energy-kcal_100g': 326, 'energy-kj_100g': 1390, 'energy_100g': 1390, 'fat_100g': 0, 'fiber_100g': 0, 'fructose_100g': 39.9, 'galactose_100g': 3.1, 'glucose_100g': 33.5, 'iodine_100g': 5e-07, 'iron_100g': 0.00018, 'lactose_100g': 0, 'magnesium_100g': 0.00426, 'maltose_100g': 1.49, 'manganese_100g': 0.00016, 'pantothenic-acid_100g': 6.9e-05, 'phosphorus_100g': 0.0056, 'phylloquinone_100g': 0, 'polyols_100g': 1.9, 'potassium_100g': 0.0703, 'proteins_100g': 0.56, 'salt_100g': 0.01, 'saturated-fat_100g': 0, 'selenium_100g': 5e-06, 'sodium_100g': 0.00411, 'starch_100g': 0, 'sucrose_100g': 1.24, 'sugars_100g': 79.8, 'vitamin-a_100g': 0, 'vitamin-b12_100g': 0, 'vitamin-b1_100g': 0, 'vitamin-b2_100g': 6.9e-05, 'vitamin-b6_100g': 9.2e-05, 'vitamin-b9_100g': 2e-06, 'vitamin-c_100g': 0.0008, 'vitamin-d_100g': 0, 'vitamin-e_100g': 0, 'vitamin-pp_100g': 0.00011, 'water_100g': 17.6, 'zinc_100g': 9.8e-05}",,,
Finn Crisp,"Pflanzliche Lebensmittel und Getränke,Pflanzliche Lebensmittel,Getreide und Kartoffeln,Getreideprodukte,Brote,Knäckebrote,en:Crispbreads(wholemeal),en:Sourdough crisp bread","Austria, Belgium, Finland, France, Germany, Greece, Romania, Russia, Spain, Sweden, Switzerland, Ukraine, United Kingdom, en:slovakia",350.0,2.6,on,100g,b,Finn Crisp,10.0,20.0,,1.4,0.5,1.6,,,,
"Belin,Mondelez International","Snacks,Surgelés,Snacks salés,Amuse-gueules,Biscuits sucrés & biscuits apéritifs,Biscuits apéritifs,Snacks apéritifs soufflés",France,553.0,36.0,on,100g,e,Monaco Emmental,12.0,2.4,,2.1,18.0,5.6,,,,
Jacquet,"Aliments et boissons à base de végétaux,Aliments d'origine végétale,Céréales et pommes de terre,Pains,Pains de mie,Pains de mie complet",France,243.0,3.0,on,100g,b,Pain complet,8.7,6.6,100g,1.2,0.3,3.8,"{'alcohol_100g': 0, 'beta-carotene_100g': 3.44215e-06, 'calcium_100g': 0.0208491875, 'cholesterol_100g': 3.325e-06, 'copper_100g': 0.0001958732, 'fructose_100g': 0.066792, 'galactose_100g': 0, 'glucose_100g': 0.06955, 'iodine_100g': 1.7805e-05, 'iron_100g': 0.00154897675, 'lactose_100g': 0.06645, 'magnesium_100g': 0.0511332075, 'maltose_100g': 0.70552, 'manganese_100g': 0.0015440029775, 'pantothenic-acid_100g': 0.00037205, 'phosphorus_100g': 0.160838, 'phylloquinone_100g': 7.581845e-06, 'polyols_100g': 0, 'potassium_100g': 0.2060080075, 'selenium_100g': 7.3283e-06, 'starch_100g': 39.01225, 'sucrose_100g': 0.42223, 'vitamin-a_100g': 9.975e-08, 'vitamin-b12_100g': 3.23e-09, 'vitamin-b1_100g': 0.00028926, 'vitamin-b2_100g': 1.4425e-05, 'vitamin-b6_100g': 8.773e-05, 'vitamin-b9_100g': 2.48488e-05, 'vitamin-c_100g': 0.000166125, 'vitamin-d_100g': 8.6385e-08, 'vitamin-e_100g': 0.003417366, 'vitamin-pp_100g': 0.00023088, 'water_100g': 26.671862, 'zinc_100g': 0.001413516}",,,
la source,"Beverages and beverages preparations, Beverages, Waters, Spring waters, en:mineral-waters",en:Morocco,,,,,a,العين,,,,,,,,,,
Lune de Miel,"Petit-déjeuners, Produits à tartiner, Produits à tartiner sucrés, Produits de la ruche, Produits d'élevages, Édulcorants, Miels, Miels de fleurs, Miels liquides","France,Allemagne,La Réunion,Sénégal,Suède,Suisse",320.0,0.0,on,100g,unknown,Miel de Fleurs Liquide Doseur 500g,0.0,,100g,0.02,,80.0,"{'alcohol_100g': 0, 'beta-carotene_100g': 0, 'calcium_100g': 0.00793, 'cholesterol_100g': 0, 'copper_100g': 1.7e-05, 'fiber_100g': 0, 'fructose_100g': 39.9, 'galactose_100g': 3.1, 'glucose_100g': 33.5, 'iodine_100g': 5e-07, 'iron_100g': 0.00018, 'lactose_100g': 0, 'magnesium_100g': 0.00426, 'maltose_100g': 1.49, 'manganese_100g': 0.00016, 'pantothenic-acid_100g': 6.9e-05, 'phosphorus_100g': 0.0056, 'phylloquinone_100g': 0, 'polyols_100g': 1.9, 'potassium_100g': 0.0703, 'saturated-fat_100g': 0, 'selenium_100g': 5e-06, 'starch_100g': 0, 'sucrose_100g': 1.24, 'vitamin-a_100g': 0, 'vitamin-b12_100g': 0, 'vitamin-b1_100g': 0, 'vitamin-b2_100g': 6.9e-05, 'vitamin-b6_100g': 9.2e-05, 'vitamin-b9_100g': 2e-06, 'vitamin-c_100g': 0.0008, 'vitamin-d_100g': 0, 'vitamin-e_100g': 0, 'vitamin-pp_100g': 0.00011, 'water_100g': 17.6, 'zinc_100g': 9.8e-05}",,,
Gerblé,"Snacks,Sweet snacks,Biscuits and cakes,Biscuits and crackers,Biscuits,Chocolate biscuits,Dark chocolate biscuits,Biscuit with a chocolate bar covering,Biscuit with a dark chocolate bar covering",France,427.0,20.0,on,100g,c,Biscuit fondant choco noir sans sucres ajoutés,6.9,8.8,100g,0.26,8.8,0.5,,,,
Les 2 Vaches,"Produits laitiers, Produits fermentés, Desserts, Produits laitiers fermentés, Desserts lactés, Desserts lactés fermentés, Desserts lactés fermentés aux fruits, Yaourts, Yaourts aux fruits, Yaourts brassés, Yaourts à la myrtille, Yaourts au lait de vache, Yaourts brassés aux fruits",France,91.0,2.6,on,100g,c,Yaourt saveur myrtille sauvage,3.5,,100g,0.1375,2.3,13.0,"{'alcohol_100g': 0, 'beta-carotene_100g': 7.64e-06, 'calcium_100g': 0.1049832, 'cholesterol_100g': 0.01054, 'copper_100g': 1.1708e-05, 'fiber_100g': 1.4214, 'fructose_100g': 0.46792, 'galactose_100g': 0.3807, 'glucose_100g': 0.47152, 'iodine_100g': 2.14672e-05, 'iron_100g': 0.00023286, 'lactose_100g': 1.72882, 'magnesium_100g': 0.0108194, 'maltose_100g': 0.0405, 'manganese_100g': 3.4059e-05, 'pantothenic-acid_100g': 0.00026286, 'phosphorus_100g': 0.080808, 'phylloquinone_100g': 1.8218e-06, 'polyols_100g': 0.001204, 'potassium_100g': 0.15089, 'selenium_100g': 1.76744e-06, 'starch_100g': 0.00258, 'sucrose_100g': 8.03396, 'vitamin-a_100g': 8.91712e-06, 'vitamin-b12_100g': 2.6926e-07, 'vitamin-b1_100g': 3.5754e-05, 'vitamin-b2_100g': 0.000216366, 'vitamin-b6_100g': 5.0818e-05, 'vitamin-b9_100g': 2.07856e-05, 'vitamin-c_100g': 0.0010419, 'vitamin-d_100g': 6.483e-07, 'vitamin-e_100g': 0.000110616, 'vitamin-pp_100g': 0.000190388, 'water_100g': 79.384, 'zinc_100g': 0.00033294}",,,
Fleury Michon,"Viandes et dérivés, Charcuteries, Charcuteries cuites, Blancs de volaille en tranches, Blancs de poulet en tranches",France,112.0,2.0,on,100g,b,Filet de poulet 🐔 rôti,23.0,,100g,1.475,0.6,0.5,,,,
,,en:Bahrain,,,,,unknown,Nivea blue cream,,,,,,,,,,
Green and black,"Snacks,Snacks sucrés,Cacao et dérivés,Confiseries,Confiseries chocolatées,Chocolats,Chocolats noirs","Belgium, France, United Kingdom, en:ireland",607.0,50.0,on,100g,d,Dark chocolate,10.0,13.0,100g,0.1275,30.0,14.0,"{'alcohol_100g': 1.645, 'beta-carotene_100g': 2.5e-07, 'calcium_100g': 0.0141845, 'cholesterol_100g': 0, 'copper_100g': 0.000391425, 'fructose_100g': 0.01, 'galactose_100g': 0, 'glucose_100g': 0.01, 'iodine_100g': 1.015e-06, 'iron_100g': 0.00486035, 'lactose_100g': 0.01, 'magnesium_100g': 0.0503325, 'maltose_100g': 0.01, 'manganese_100g': 0.000434315, 'pantothenic-acid_100g': 8.2e-05, 'phosphorus_100g': 0.0701, 'phylloquinone_100g': 3.9e-07, 'polyols_100g': 0.025, 'potassium_100g': 0.395575, 'selenium_100g': 1.25e-06, 'sucrose_100g': 5.08, 'vitamin-a_100g': 0, 'vitamin-b12_100g': 0, 'vitamin-b1_100g': 7.6e-06, 'vitamin-b2_100g': 1.295e-05, 'vitamin-b6_100g': 1.45e-06, 'vitamin-b9_100g': 1.07e-05, 'vitamin-c_100g': 2.5e-05, 'vitamin-d_100g': 2.73e-07, 'vitamin-e_100g': 0.001501, 'vitamin-pp_100g': 0.000115, 'water_100g': 3.5835, 'zinc_100g': 0.000644}",,,
Andros,"Plant-based foods and beverages,Fermented foods,Dairy substitutes,Desserts,Vegan products,Non-dairy desserts,Non-dairy fermented foods,Non-dairy yogurts,Coconutmilk yogurts","France, Switzerland, en:portugal",75.0,4.9,on,100g,c,Gourmand & Végétal Brassé Nature,0.6,,,0.09,4.1,0.3,,,,
Bjorg,"Plant-based foods and beverages,Plant-based foods,Legumes and their products,Meat alternatives,Tofu,Smoked tofu","France,Switzerland",139.0,7.7,on,100g,a,Tofu fumé,15.0,2.7,,0.59,1.4,0.5,"{'alcohol_100g': 0, 'beta-carotene_100g': 2.4e-06, 'calcium_100g': 0.097930625, 'cholesterol_100g': 0, 'copper_100g': 0.00023759, 'fructose_100g': 0.0485625, 'galactose_100g': 0.04815, 'glucose_100g': 0.1756125, 'iodine_100g': 9.60375e-06, 'iron_100g': 0.00242895, 'lactose_100g': 0.0483, 'magnesium_100g': 0.098236125, 'maltose_100g': 0.0485625, 'manganese_100g': 0.0009114955, 'pantothenic-acid_100g': 0.000135675, 'phosphorus_100g': 0.206475, 'phylloquinone_100g': 1.2192e-05, 'polyols_100g': 0.00375, 'potassium_100g': 0.1495195, 'selenium_100g': 9.63125e-06, 'starch_100g': 0.266925, 'sucrose_100g': 0.4207125, 'vitamin-a_100g': 0, 'vitamin-b12_100g': 0, 'vitamin-b1_100g': 2.32125e-05, 'vitamin-b2_100g': 5.4e-06, 'vitamin-b6_100g': 3.05175e-05, 'vitamin-b9_100g': 2.4156e-05, 'vitamin-c_100g': 0.000285, 'vitamin-d_100g': 1.248e-07, 'vitamin-e_100g': 0.000687975, 'vitamin-pp_100g': 0.00013635, 'water_100g': 73.66465, 'zinc_100g': 0.0012719}",,,
Poulain,"Boissons et préparations de boissons,Boissons,Cacao et dérivés,Préparations pour boissons,Cacaos et chocolats en poudre,Boissons instantanées,Cacaos en poudre,Chocolats en poudre,Boissons avec sucre ajouté",France,,,,100g,e,Grand Arôme 32% de Cacao,,,100g,,,,,,on,
Bol&Bol,"Condiments, Sauces, Sauces tomate, Ketchup",Morocco,122.0,0.1,on,100g,e,Bol Bol Ketchup,1.0,0.0,100g,3.5,0.0,25.0,,,,
Petit Navire,"produits-de-la-mer, poissons-et-dérivés, conserves, poissons, poissons-gras, poissons-en-conserve, filets-de-poissons, maquereaux, filets-de-maquereaux, maquereaux-en-conserve, filets-de-maquereaux-grillés, fr:filets-de-maquereaux, en:filets-de-maquereaux-grillés, fr:filets-de-poissons, fr:maquereaux, fr:poissons, fr:produits-de-la-mer",France,233.0,17.0,on,100g,d,Filet de maquereaux grillés nature,20.0,,100g,1.0825,4.5,0.0,"{'alcohol_100g': 0, 'beta-carotene_100g': 0, 'calcium_100g': 0.005174395125, 'chloride_100g': 0.0738, 'cholesterol_100g': 0.04473, 'copper_100g': 9.24198625e-05, 'fiber_100g': 0, 'fructose_100g': 0, 'galactose_100g': 0, 'glucose_100g': 0, 'iodine_100g': 1.006725, 'iron_100g': 0.00043640725, 'lactose_100g': 0, 'magnesium_100g': 0.025670691, 'maltose_100g': 0, 'manganese_100g': 9.072706175e-05, 'pantothenic-acid_100g': 0, 'phosphorus_100g': 0.1710433, 'phylloquinone_100g': 0, 'polyols_100g': 0, 'potassium_100g': 0.306160520125, 'selenium_100g': 5e-08, 'starch_100g': 0, 'sucrose_100g': 0, 'vitamin-a_100g': 0, 'vitamin-b12_100g': 0, 'vitamin-b1_100g': 0, 'vitamin-b2_100g': 0, 'vitamin-b6_100g': 0.000477, 'vitamin-b9_100g': 0, 'vitamin-c_100g': 0.00018, 'vitamin-d_100g': 0, 'vitamin-e_100g': 0.000972, 'vitamin-pp_100g': 0, 'water_100g': 69.2188961375, 'zinc_100g': 0.0005415167625}",,,
President,"Produits laitiers, Produits fermentés, Produits laitiers fermentés, Fromages, Fromages de vache, Fromages à pâte pressée cuite, Emmentals, Fromages râpés, Emmentals râpés","France, Japon, Germany",370.219885277246,29.0,on,100g,d,Emmental râpé,27.0,,100g,0.83,21.0,0.5,"{'alcohol_100g': 0, 'beta-carotene_100g': 6.91285e-06, 'cholesterol_100g': 0.002468875, 'copper_100g': 1.26806e-05, 'fiber_100g': 0.00332, 'fructose_100g': 0, 'galactose_100g': 0, 'glucose_100g': 0, 'iodine_100g': 3.1718955e-05, 'iron_100g': 3.2407e-05, 'lactose_100g': 4.8686215, 'magnesium_100g': 0.0114831775, 'maltose_100g': 0, 'manganese_100g': 8.129025, 'pantothenic-acid_100g': 0.000355518, 'phosphorus_100g': 0.09803305, 'phylloquinone_100g': 0, 'polyols_100g': 0, 'potassium_100g': 0.155132085, 'selenium_100g': 1.653028e-06, 'starch_100g': 0.36105, 'sucrose_100g': 0, 'vitamin-a_100g': 1.757839e-06, 'vitamin-b12_100g': 4.838995e-07, 'vitamin-b1_100g': 4.246465e-05, 'vitamin-b2_100g': 0.0001777922, 'vitamin-b6_100g': 4.347295e-05, 'vitamin-b9_100g': 4.843145e-06, 'vitamin-c_100g': 0.001283815, 'vitamin-d_100g': 7.406625e-08, 'vitamin-e_100g': 8.88795e-06, 'vitamin-pp_100g': 9.09791e-05, 'water_100g': 89.70808105, 'zinc_100g': 0.0004162982}",,,
Hacendado Suave,"Lácteos,Comidas fermentadas,Productos fermentados de la leche,Quesos,Untables,Untables salados,Quesos de vaca,Productos pasteurizados,Queso fresco,Quesos pasteurizados,Quesos para untar","Portugal, Spain, en:morocco",244.0,23.0,on,100g,d,Queso crema suave,4.2,,,1.0,16.0,2.5,,,,
Herta,"Meats and their products, Meats, Prepared meats, fr:Charcuteries cuites, Poultry hams, en:chickens, Préparations de viande, Préparations au poulet, Blancs de poulet en tranches",France,105.6,2.0,on,100g,b,HERTA Blanc Poulet Nature conservation sans nitrite x4 -140g,21.0,0.0,100g,1.5,0.7,0.0,"{'alcohol_100g': 0, 'beta-carotene_100g': 0, 'calcium_100g': 0.00491415625, 'cholesterol_100g': 0.0792857, 'copper_100g': 3.4186875e-05, 'fructose_100g': 0.0923, 'galactose_100g': 0, 'glucose_100g': 0.0923, 'iodine_100g': 8.979125, 'iron_100g': 0.000372530625, 'lactose_100g': 0.0923, 'magnesium_100g': 0.034287434375, 'maltose_100g': 0.0923, 'manganese_100g': 9.8125e-06, 'pantothenic-acid_100g': 0.00160602, 'phosphorus_100g': 0.2495565, 'phylloquinone_100g': 3.692e-07, 'polyols_100g': 0, 'potassium_100g': 0.40685198125, 'selenium_100g': 9.25165625e-06, 'starch_100g': 0, 'sucrose_100g': 0.0923, 'vitamin-a_100g': 9.6915e-06, 'vitamin-b12_100g': 1.6614e-07, 'vitamin-b1_100g': 8.0301e-05, 'vitamin-b2_100g': 4.5227e-05, 'vitamin-b6_100g': 0.00017537, 'vitamin-b9_100g': 8.81465e-06, 'vitamin-c_100g': 0.00131989, 'vitamin-d_100g': 1.1999e-07, 'vitamin-e_100g': 0.00010153, 'vitamin-pp_100g': 0.0108914, 'water_100g': 62.3036694375, 'zinc_100g': 0.0006683715}",,,
,"Produits laitiers,Produits fermentés,Produits laitiers fermentés,Laitier",en:Morocco,,,,,unknown,6111265930385&quot;,,,,,,,,,,
Heinz,"Condiments,Ketchup","en:belgium, en:france, en:germany, en:spain",53.3333333333333,0.1,on,100g,a,"Ketchup zéro sel ajouré, 70% moins de sucres",1.6,,,0.05,0.0,4.4,,,,
Maribel,"Breakfasts,Spreads,Sweet spreads,Bee products,Farming products,Sweeteners,Honeys,Flower honeys,Liquid honeys","Finland,France,Germany,Sweden",302.0,0.5,on,100g,d,Miel de fleurs,0.5,0.5,,0.01,0.1,75.1,"{'alcohol_100g': 0, 'beta-carotene_100g': 0, 'calcium_100g': 0.00793, 'cholesterol_100g': 0, 'copper_100g': 1.7e-05, 'fructose_100g': 39.9, 'galactose_100g': 3.1, 'glucose_100g': 33.5, 'iodine_100g': 5e-07, 'iron_100g': 0.00018, 'lactose_100g': 0, 'magnesium_100g': 0.00426, 'maltose_100g': 1.49, 'manganese_100g': 0.00016, 'pantothenic-acid_100g': 6.9e-05, 'phosphorus_100g': 0.0056, 'phylloquinone_100g': 0, 'polyols_100g': 1.9, 'potassium_100g': 0.0703, 'selenium_100g': 5e-06, 'starch_100g': 0, 'sucrose_100g': 1.24, 'vitamin-a_100g': 0, 'vitamin-b12_100g': 0, 'vitamin-b1_100g': 0, 'vitamin-b2_100g': 6.9e-05, 'vitamin-b6_100g': 9.2e-05, 'vitamin-b9_100g': 2e-06, 'vitamin-c_100g': 0.0008, 'vitamin-d_100g': 0, 'vitamin-e_100g': 0, 'vitamin-pp_100g': 0.00011, 'water_100g': 17.6, 'zinc_100g': 9.8e-05}",,,
Céréales bio,"Aliments et boissons à base de végétaux,Aliments d'origine végétale,Céréales et pommes de terre,Plats préparés,Céréales et dérivés,Plats à base de pâtes,Pâtes alimentaires,Pâtes farcies,Ravioli,Pates farcies aux légumes,Raviolis aux légumes,Plats à base de tofu,Raviolis au tofu",France,111.0,3.1,on,100g,b,"Ravioli au tofu, tomates, basilic",3.8,3.8,100g,0.74,0.4,2.9,"{'alcohol_100g': 0, 'beta-carotene_100g': 0.00048986553125, 'calcium_100g': 0.028788300875, 'cholesterol_100g': 0, 'copper_100g': 0.0001127502853125, 'fructose_100g': 1.2246885625, 'galactose_100g': 0.00580484375, 'glucose_100g': 1.3413280625, 'iodine_100g': 5.18212375, 'iron_100g': 0.000856208425437499, 'lactose_100g': 0.0712263125, 'magnesium_100g': 0.034532694375, 'maltose_100g': 0.4303728125, 'manganese_100g': 0.00030937405875, 'pantothenic-acid_100g': 0.0001443916875, 'phosphorus_100g': 0.0790695375, 'phylloquinone_100g': 7.10274093749997e-06, 'polyols_100g': 0.0380828125, 'potassium_100g': 0.26421328375, 'selenium_100g': 1.933556875e-06, 'starch_100g': 15.1042153125, 'sucrose_100g': 0.458364625, 'vitamin-a_100g': 0, 'vitamin-b12_100g': 0, 'vitamin-b1_100g': 2.519159375e-05, 'vitamin-b2_100g': 3.754049375e-05, 'vitamin-b6_100g': 5.43385e-05, 'vitamin-b9_100g': 1.70786675e-05, 'vitamin-c_100g': 0.000964229375, 'vitamin-d_100g': 2.191e-08, 'vitamin-e_100g': 0.00333898471875, 'vitamin-pp_100g': 0.00058561571875, 'water_100g': 66.70416, 'zinc_100g': 0.000495992575}",,,
Bjorg,"Snacks, Desserts, Snacks sucrés, Biscuits et gâteaux, Biscuits, Biscuits au chocolat, Biscuits fourrés",France,512.906309751433,25.2,on,100g,e,Fourrés chocolat lait noisettes,8.0,4.0,,0.56,7.6,28.0,"{'alcohol_100g': 0, 'beta-carotene_100g': 1.167e-05, 'calcium_100g': 0.0903522, 'cholesterol_100g': 0.0056875, 'copper_100g': 0.000296655, 'fructose_100g': 0.066525, 'galactose_100g': 0.017525, 'glucose_100g': 0.076525, 'iodine_100g': 1.54785e-05, 'iron_100g': 0.002141903, 'lactose_100g': 3.41775, 'magnesium_100g': 0.060383925, 'maltose_100g': 0.527125, 'manganese_100g': 0.001332264, 'pantothenic-acid_100g': 0.00067595, 'phosphorus_100g': 0.19439335, 'phylloquinone_100g': 1.71875e-06, 'polyols_100g': 0, 'potassium_100g': 0.33, 'selenium_100g': 9.41285e-06, 'starch_100g': 29.6785, 'sucrose_100g': 21.059425, 'vitamin-a_100g': 1.0146875e-05, 'vitamin-b12_100g': 1.8525e-07, 'vitamin-b1_100g': 0.000168025, 'vitamin-b2_100g': 9.25e-05, 'vitamin-b6_100g': 8.615e-05, 'vitamin-b9_100g': 2.097175e-05, 'vitamin-c_100g': 0.00060625, 'vitamin-d_100g': 4.56475e-07, 'vitamin-e_100g': 0.0061854375, 'vitamin-pp_100g': 0.000116375, 'water_100g': 6.661275, 'zinc_100g': 0.0013810616}",,,
,Salade de pommes de terre maison,"Saudi Arabia, en:morocco",,,on,100g,unknown,,,,,,,,,,,
Chergui,"Produits laitiers,Produits fermentés,Produits laitiers fermentés,Desserts,Desserts lactés,Laits (fluide et poudre),Desserts lactés fermentés,Laits,Boissons-au-lait",en:Morocco,45.5,1.5,on,100g,b,Chergui Lait,3.1,0.0,100ml,0.1,1.0,0.0,,,,
"Belvita, LU, Mondelez International","Snacks,Petit-déjeuners,Snacks sucrés,Biscuits et gâteaux,Biscuits,Biscuits au chocolat,Biscuits secs,Biscuit aux céréales pour petit déjeuner enrichis en vitamines et minéraux,Biscuit sec pour petit déjeuner","Belgique,France,Maroc,La Réunion,Suisse",200.0,7.0,on,100g,c,Moelleux chocolat,3.0,3.4,,0.22,1.4,9.2,,,,
Maille,"Condiments, Sauces, Moutardes","France, en:belgium",354.0,35.0,on,100g,e,Maille mout fin gour 320g,5.0,2.9,100g,4.0,2.5,1.7,"{'alcohol_100g': 1.7917, 'beta-carotene_100g': 3.61845e-05, 'calcium_100g': 0.061735055, 'cholesterol_100g': 0, 'copper_100g': 6.09516e-05, 'fructose_100g': 0.43989, 'galactose_100g': 0, 'glucose_100g': 0.61017, 'iodine_100g': 1.37592, 'iron_100g': 0.001309394, 'lactose_100g': 0.035475, 'magnesium_100g': 0.0343980375, 'maltose_100g': 0.035475, 'manganese_100g': 0.000282670665, 'pantothenic-acid_100g': 0.000134805, 'phosphorus_100g': 0.092817, 'phylloquinone_100g': 1.742795e-05, 'polyols_100g': 0, 'potassium_100g': 0.106670065, 'selenium_100g': 5.443975e-06, 'starch_100g': 2.6712, 'sucrose_100g': 0.092235, 'vitamin-a_100g': 0, 'vitamin-b12_100g': 0, 'vitamin-b1_100g': 7.8045e-05, 'vitamin-b2_100g': 3.4132e-05, 'vitamin-b6_100g': 5.0422e-05, 'vitamin-b9_100g': 5.33075e-06, 'vitamin-c_100g': 0.00021285, 'vitamin-d_100g': 0, 'vitamin-e_100g': 0.00664027, 'vitamin-pp_100g': 0.0004047, 'water_100g': 49.21318875, 'zinc_100g': 0.0004846725}",,,
HEINZ,"Condiments,Sauces,Sauces tomate,Ketchup,en:groceries","Bulgaria, France, Romania, Serbia, Spain, en:greece",102.0,0.1,on,100g,d,Tomato Ketchup,1.2,,,1.77,0.1,22.8,,,,
Nature Valley,"Snacks,Snacks sucrés,Barres,Barres de céréales,en:Oat bar","Belgique,France,Allemagne,Irlande,Espagne,Royaume-Uni",454.761904761905,19.7619047619048,on,100g,d,Crunchy Oats & Dark Chocolate,8.80952380952381,6.90476190476191,,0.630952380952381,3.33333333333333,26.9047619047619,"{'alcohol_100g': 0, 'beta-carotene_100g': 1.89725e-06, 'calcium_100g': 0.051709799609375, 'cholesterol_100g': 0.0001015, 'copper_100g': 0.00023993634765625, 'fructose_100g': 0.02215234375, 'galactose_100g': 0.00108984375, 'glucose_100g': 0.0198232421875, 'iodine_100g': 2.9893427734375e-06, 'iron_100g': 0.0025462697265625, 'lactose_100g': 0.0217, 'magnesium_100g': 0.0916219146484375, 'maltose_100g': 0.0075315625, 'manganese_100g': 0.00272942525390625, 'pantothenic-acid_100g': 0.0007490945703125, 'phosphorus_100g': 0.251610474609375, 'phylloquinone_100g': 1.213e-06, 'polyols_100g': 0.00066796875, 'potassium_100g': 0.248173818359375, 'selenium_100g': 4.98805859375e-06, 'starch_100g': 32.186, 'sucrose_100g': 22.230594921875, 'vitamin-a_100g': 7.35e-07, 'vitamin-b12_100g': 0, 'vitamin-b1_100g': 0.000251303603515625, 'vitamin-b2_100g': 8.659630859375e-05, 'vitamin-b6_100g': 7.709123046875e-05, 'vitamin-b9_100g': 2.3737703125e-05, 'vitamin-c_100g': 1.078125e-05, 'vitamin-d_100g': 3.0225e-08, 'vitamin-e_100g': 0.0097123, 'vitamin-pp_100g': 0.00057272041015625, 'water_100g': 5.74796080078125, 'zinc_100g': 0.00201275041015625}",,,
Pringles,"Plant-based foods and beverages, Plant-based foods, Snacks, Salty snacks, Appetizers, Chips and fries, Crisps, Salty snacks made from potato, Stacked extruded potato crisps","Armenia, Belarus, Belgium, Bosnia and Herzegovina, Bulgaria, Croatia, France, Hungary, Kuwait, Latvia, Lebanon, Lithuania, Morocco, Poland, Romania, Russia, Serbia, Switzerland, Ukraine, en:slovakia",503.333333333333,31.0,on,100g,d,Pringles Sare,6.1,4.1,,1.0,3.0,0.9,,,,
delfy,"Seafood,Fishes and their products,Fishes,Meals,Fatty fishes,Fish fillets,Meals with fish,Mackerels,Mackerel fillets,Meals with cooked white fish,Cooked marine white fish without skin",Morocco,180.1,15.6,on,100g,b,filets de maquereaux à l'huile végétale,30.1,0.0,100g,1.25,1.5,0.0,"{'beta-carotene_100g': 0, 'calcium_100g': 0.00552859375, 'chloride_100g': 0.0609875, 'cholesterol_100g': 0.036964375, 'copper_100g': 9.40934375e-05, 'fructose_100g': 0, 'galactose_100g': 0, 'glucose_100g': 0, 'iodine_100g': 0.000238415, 'iron_100g': 0.000399409375, 'lactose_100g': 0, 'magnesium_100g': 0.02172084375, 'maltose_100g': 0, 'manganese_100g': 9.1415625e-05, 'pantothenic-acid_100g': 0, 'phosphorus_100g': 0.1423375, 'phylloquinone_100g': 4.638125e-05, 'polyols_100g': 0, 'potassium_100g': 0.25527734375, 'selenium_100g': 7.046875e-07, 'starch_100g': 0, 'sucrose_100g': 0, 'vitamin-a_100g': 0, 'vitamin-b12_100g': 0, 'vitamin-b1_100g': 0, 'vitamin-b2_100g': 0, 'vitamin-b6_100g': 0.0003941875, 'vitamin-b9_100g': 0, 'vitamin-c_100g': 0.00014875, 'vitamin-d_100g': 0, 'vitamin-e_100g': 0.0015848125, 'vitamin-pp_100g': 0, 'water_100g': 49.388459375, 'zinc_100g': 0.00047161875}",,,
Pulco,"Plant-based foods and beverages,Beverages,Plant-based beverages,Fruit-based beverages,Syrups,Flavoured syrups,Sweetened beverages",France,,,,100ml,c,Orange citron,,,100g,,,,,,on,
Fleury Michon,"Plant-based foods and beverages,Plant-based foods,Meat alternatives,Vegetarian patties,Red bean patties,fr:Tranches-vege",France,115.0,6.2,on,100g,c,Les tranches végé haricots rouges,7.0,4.8,100g,1.8,0.5,3.6,,,,
Lindt,"Snacks,Snacks sucrés,Cacao et dérivés,Chocolats,Chocolats noirs,Chocolats au lait,Chocolats au lait extra fin",France,569.0,37.0,on,100g,e,Excellence Lait Extra Fondant,6.4,,,0.28,23.0,50.0,"{'alcohol_100g': 0, 'beta-carotene_100g': 7.79150390625e-06, 'calcium_100g': 0.14062234375, 'cholesterol_100g': 0.0123515625, 'copper_100g': 1.438671875e-05, 'fiber_100g': 0.02880859375, 'fructose_100g': 0.00636328125, 'galactose_100g': 0.006265625, 'glucose_100g': 0.00636328125, 'iodine_100g': 1.0058203125e-05, 'iron_100g': 0.00013216015625, 'lactose_100g': 5.83994140625, 'magnesium_100g': 0.01431328125, 'maltose_100g': 0.00636328125, 'manganese_100g': 1.354453125e-05, 'pantothenic-acid_100g': 0.00041220703125, 'phosphorus_100g': 0.111939453125, 'phylloquinone_100g': 2.7333984375e-07, 'polyols_100g': 0.000244140625, 'potassium_100g': 0.18985553125, 'selenium_100g': 3.958203125e-06, 'starch_100g': 0.00830078125, 'sucrose_100g': 49.90714453125, 'vitamin-a_100g': 6.4576171875e-05, 'vitamin-b12_100g': 3.8171875e-07, 'vitamin-b1_100g': 2.971484375e-05, 'vitamin-b2_100g': 0.0002352421875, 'vitamin-b6_100g': 4.33173828125e-05, 'vitamin-b9_100g': 9.0068359375e-06, 'vitamin-c_100g': 0.000591650390625, 'vitamin-d_100g': 8.4056640625e-08, 'vitamin-e_100g': 0.000700806640625, 'vitamin-pp_100g': 0.000108326171875, 'water_100g': 0.45927734375, 'zinc_100g': 0.000513984375}",,,
Aicha,"Plant-based foods and beverages, Plant-based foods, Fruits and vegetables based foods, Vegetables based foods, Tomatoes and their products, Tomato pastes, Aliments d'origine végétale, Aliments et boissons à base de végétaux, Aliments à base de fruits et de légumes, Canned-double-concentrate-tomato-paste, Concentrés de tomates, Légumes et dérivés, Tomates et dérivés, en:double-concentrate-tomato-paste","France,Maroc",123.0,0.4,on,100g,a,Double concentré de tomates,4.6,3.0,100g,0.5,0.1,9.0,"{'alcohol_100g': 0, 'beta-carotene_100g': 0.0004478775, 'calcium_100g': 0.0081529, 'cholesterol_100g': 0, 'copper_100g': 2.93025e-05, 'fructose_100g': 1.3965, 'galactose_100g': 0, 'glucose_100g': 1.0773, 'iodine_100g': 4.8495e-06, 'iron_100g': 0.000120425, 'lactose_100g': 0, 'magnesium_100g': 0.010082625, 'maltose_100g': 0, 'manganese_100g': 6.6135e-05, 'pantothenic-acid_100g': 0.000209475, 'phosphorus_100g': 0.0265535, 'phylloquinone_100g': 7.88025e-06, 'polyols_100g': 0.0129675, 'potassium_100g': 0.25540225, 'selenium_100g': 4.98875e-06, 'starch_100g': 0, 'sucrose_100g': 0, 'vitamin-a_100g': 0, 'vitamin-b12_100g': 0, 'vitamin-b1_100g': 3.89025e-05, 'vitamin-b2_100g': 1.89525e-05, 'vitamin-b6_100g': 8.1795e-05, 'vitamin-b9_100g': 2.264325e-05, 'vitamin-c_100g': 0.01546125, 'vitamin-d_100g': 0, 'vitamin-e_100g': 0.00065835, 'vitamin-pp_100g': 0.000648375, 'water_100g': 93.8648175, 'zinc_100g': 8.70025e-05}",,,
Garden gourmet,"Plant-based foods and beverages,Plant-based foods,Meat alternatives,Meat analogues,Breaded products,Vegetarian nuggets,Vegan nuggets",France,236.0,12.5,on,100g,a,nuggets soja,13.1,5.7,100g,0.98,0.9,0.7,,,,
"Côte d'Or,Mondelez International","Snacks,Sweet snacks,Cocoa and its products,Chocolates,Dark chocolates,Dark chocolate bar with more than 70% cocoa","Belgium,France,Réunion",580.0,42.0,on,100g,e,Chocolat noir Bio 70%,9.1,10.0,100g,0.08,25.0,29.0,"{'alcohol_100g': 3.7835, 'beta-carotene_100g': 0, 'calcium_100g': 0.00053505, 'cholesterol_100g': 0, 'copper_100g': 3.4425e-06, 'fructose_100g': 0, 'galactose_100g': 0, 'glucose_100g': 0, 'iodine_100g': 4.35e-08, 'iron_100g': 2.6115e-05, 'lactose_100g': 0, 'magnesium_100g': 0.00081425, 'maltose_100g': 0, 'manganese_100g': 5.61135e-05, 'pantothenic-acid_100g': 0, 'phosphorus_100g': 0.00253, 'phylloquinone_100g': 0, 'polyols_100g': 0, 'potassium_100g': 0.0132275, 'selenium_100g': 7.25e-07, 'starch_100g': 0, 'sucrose_100g': 14.471, 'vitamin-a_100g': 0, 'vitamin-b12_100g': 0, 'vitamin-b1_100g': 0, 'vitamin-b2_100g': 2.755e-06, 'vitamin-b6_100g': 2.185e-06, 'vitamin-b9_100g': 0, 'vitamin-c_100g': 0, 'vitamin-d_100g': 0, 'vitamin-e_100g': 0.001332, 'vitamin-pp_100g': 0, 'water_100g': 7.44215, 'zinc_100g': 9.8e-06}",,,
"Hacendado, Mercadona","Botanas,Snacks dulces,Galletas y pasteles,en:Biscuits and crackers,Galletas",Spain,477.0,21.0,on,100g,d,Digestive Avena,7.5,6.8,100g,1.1,2.3,18.0,,,,
Milbona,"Produits laitiers,Produits fermentés,Produits laitiers fermentés,Desserts,Desserts lactés,Desserts lactés fermentés,Yaourts,Desserts lactés fermentés nature,Skyrs,Skyrs nature","France,Royaume-Uni",62.0,0.2,on,100g,a,Skyr,11.0,,100g,0.131666666666667,0.133333333333333,4.0,,,,
"Heudebert,Lu,Mondelez","Plant-based foods and beverages,Plant-based foods,Cereals and potatoes,Breads,Rusks,Common wheat rusks",France,165.0,2.9,on,100g,c,Biscottes,4.6,1.4,100g,0.47,1.4,2.8,"{'alcohol_100g': 0, 'beta-carotene_100g': 4.82463541666667e-06, 'calcium_100g': 0.026556115625, 'cholesterol_100g': 1.34895833333335e-06, 'copper_100g': 0.000271474583333333, 'fructose_100g': 0.0966854166666667, 'galactose_100g': 0, 'glucose_100g': 0.09745625, 'iodine_100g': 1.33717791666667e-05, 'iron_100g': 0.0021357703125, 'lactose_100g': 0.0966854166666667, 'magnesium_100g': 0.0708959140625, 'maltose_100g': 1.01, 'manganese_100g': 0.00212232620833333, 'pantothenic-acid_100g': 0.000482050416666667, 'phosphorus_100g': 0.216115, 'phylloquinone_100g': 5.59408333333333e-07, 'polyols_100g': 0, 'potassium_100g': 0.276328713541667, 'selenium_100g': 9.869921875e-06, 'starch_100g': 57.1201604166667, 'sucrose_100g': 1.30895708333334, 'vitamin-a_100g': 4.046875, 'vitamin-b12_100g': 1.31041666666668e-09, 'vitamin-b1_100g': 0.000295088333333334, 'vitamin-b2_100g': 8.815625, 'vitamin-b6_100g': 0.000109321666666667, 'vitamin-b9_100g': 2.74354541666667e-05, 'vitamin-c_100g': 0.000241713541666667, 'vitamin-d_100g': 1.25691041666667e-07, 'vitamin-e_100g': 0.00110432270833333, 'vitamin-pp_100g': 0.000119452083333334, 'water_100g': 11.96183328125, 'zinc_100g': 0.00186239875}",,,
Bjorg,"Plant-based foods and beverages,Plant-based foods,Cereals and potatoes,Breads,Rye breads,Wholemeal breads",France,198.0,1.3,on,100g,b,Pain complet seigle,4.6,10.0,100g,1.1,0.2,4.0,"{'alcohol_100g': 0, 'beta-carotene_100g': 1.375, 'calcium_100g': 0.02633037, 'cholesterol_100g': 1.925, 'copper_100g': 0.000340153, 'fructose_100g': 0.13625, 'galactose_100g': 0, 'glucose_100g': 0.13145, 'iodine_100g': 5.445, 'iron_100g': 0.002968415, 'lactose_100g': 0.00055, 'magnesium_100g': 0.09795201, 'maltose_100g': 0.0534, 'manganese_100g': 0.00358128218, 'pantothenic-acid_100g': 2.827, 'phylloquinone_100g': 2.2, 'polyols_100g': 0, 'potassium_100g': 0.43323777, 'selenium_100g': 2.5725e-07, 'starch_100g': 0.02035, 'sucrose_100g': 1.05665, 'vitamin-a_100g': 5.775, 'vitamin-b12_100g': 1.87, 'vitamin-b1_100g': 6.38, 'vitamin-b2_100g': 5.5, 'vitamin-b6_100g': 0.00026444, 'vitamin-b9_100g': 3.8335, 'vitamin-c_100g': 1.375, 'vitamin-d_100g': 7.15, 'vitamin-e_100g': 0.001611239, 'vitamin-pp_100g': 0.00010175, 'water_100g': 46.320125, 'zinc_100g': 0.003024673}",,,
Bjorg,"Snacks,Snacks sucrés,Biscuits et gâteaux,Biscuits,Biscuits au chocolat,Biscuits au chocolat noir,Sablés nappés de chocolat",France,471.0,21.0,on,100g,d,Biscuits nappés de chocolat noir,9.7,7.1,100g,0.25,7.3,21.0,,,,
"Les Eaux Minérales d'Oulmès, Oulmès","en:juice,sidi ali","en:morocco, en:spain, en:france",44.0,0.0,on,100g,b,Bul'tropicale,0.0,,100g,0.0,0.0,8.9,,,,
Green & Black's,"Snacks,Snacks sucrés,Cacao et dérivés,Chocolats,Chocolats noirs,Chocolat noir en tablette extra dégustation à 70% de cacao minimum","France,Irlande,Suède,Royaume-Uni",580.0,42.0,on,100g,e,Organic 70% Dark Chocolate Bar,9.1,10.0,,0.01,25.0,29.0,"{'alcohol_100g': 3.7835, 'beta-carotene_100g': 0, 'calcium_100g': 0.00053505, 'cholesterol_100g': 0, 'copper_100g': 3.4425e-06, 'fructose_100g': 0, 'galactose_100g': 0, 'glucose_100g': 0, 'iodine_100g': 4.35e-08, 'iron_100g': 2.6115e-05, 'lactose_100g': 0, 'magnesium_100g': 0.00081425, 'maltose_100g': 0, 'manganese_100g': 5.61135e-05, 'pantothenic-acid_100g': 0, 'phosphorus_100g': 0.00253, 'phylloquinone_100g': 0, 'polyols_100g': 0, 'potassium_100g': 0.0132275, 'selenium_100g': 7.25e-07, 'starch_100g': 0, 'sucrose_100g': 14.471, 'vitamin-a_100g': 0, 'vitamin-b12_100g': 0, 'vitamin-b1_100g': 0, 'vitamin-b2_100g': 2.755e-06, 'vitamin-b6_100g': 2.185e-06, 'vitamin-b9_100g': 0, 'vitamin-c_100g': 0, 'vitamin-d_100g': 0, 'vitamin-e_100g': 0.001332, 'vitamin-pp_100g': 0, 'water_100g': 7.44215, 'zinc_100g': 9.8e-06}",,,
"Fromarsac,Islos,Savencia","Produits laitiers,Produits fermentés,Produits laitiers fermentés,Fromages,Fromages de Grèce,Fromages pasteurisés,Fromages de brebis,Fetan,Blocs de feta","Frankreich, Germany",271.0,23.0,on,100g,d,FETA AOP GRECQUE,16.0,0.0,,2.3,13.8,0.0,"{'alcohol_100g': 0, 'beta-carotene_100g': 0, 'calcium_100g': 0.1714, 'chloride_100g': 0.0543, 'cholesterol_100g': 0.02253, 'copper_100g': 3.77e-05, 'fructose_100g': 0.06, 'galactose_100g': 0.06, 'glucose_100g': 0.06, 'iodine_100g': 1.631e-05, 'iron_100g': 0.000373, 'lactose_100g': 4.353, 'magnesium_100g': 0.01584, 'maltose_100g': 0.06, 'manganese_100g': 1.26e-05, 'pantothenic-acid_100g': 0.000287, 'phosphorus_100g': 0.13388, 'phylloquinone_100g': 0, 'polyols_100g': 0, 'potassium_100g': 0.0721, 'selenium_100g': 2.1e-06, 'starch_100g': 0, 'sucrose_100g': 0.06, 'vitamin-a_100g': 1.421e-05, 'vitamin-b12_100g': 4.97e-07, 'vitamin-b1_100g': 3.99e-05, 'vitamin-b2_100g': 0.000238, 'vitamin-b6_100g': 4.95e-05, 'vitamin-b9_100g': 6.433e-06, 'vitamin-c_100g': 0.003, 'vitamin-d_100g': 1.4e-07, 'vitamin-e_100g': 0.0001218, 'vitamin-pp_100g': 0.000294, 'water_100g': 84.15, 'zinc_100g': 0.000477}",,,
Alesto,"Plant-based foods and beverages,Plant-based foods,Legumes and their products,Snacks,Legumes,Appetizers,Nuts and their products,Nuts,Roasted nuts,Peanuts,Roasted peanuts","France,Spain,Finland",,,on,100g,a,Paahdettu maapähkinä,,,100g,,,,"{'alcohol_100g': 0, 'beta-carotene_100g': 2.5e-06, 'calcium_100g': 0.042775, 'carbohydrates_100g': 11.1, 'cholesterol_100g': 0, 'copper_100g': 0.00034625, 'energy-kcal_100g': 682.75, 'energy-kj_100g': 2815, 'energy_100g': 2815, 'fat_100g': 61.825, 'fiber_100g': 6.45, 'fructose_100g': 0.075, 'galactose_100g': 0, 'glucose_100g': 0.075, 'iodine_100g': 1e-05, 'iron_100g': 0.00120625, 'lactose_100g': 0.075, 'magnesium_100g': 0.14250625, 'maltose_100g': 0.075, 'manganese_100g': 0.00105125, 'pantothenic-acid_100g': 0.00132, 'phosphorus_100g': 0.3, 'phylloquinone_100g': 4e-07, 'polyols_100g': 0, 'potassium_100g': 0.5250375, 'proteins_100g': 17.1625, 'salt_100g': 0.02275, 'saturated-fat_100g': 9.075, 'selenium_100g': 2.5e-05, 'sodium_100g': 0.00895, 'starch_100g': 3.75, 'sucrose_100g': 4.425, 'sugars_100g': 4.425, 'vitamin-a_100g': 0, 'vitamin-b12_100g': 0, 'vitamin-b1_100g': 0.0003225, 'vitamin-b2_100g': 1.8e-05, 'vitamin-b6_100g': 0.0003, 'vitamin-b9_100g': 6.6975e-05, 'vitamin-c_100g': 0.0001875, 'vitamin-d_100g': 3.25e-08, 'vitamin-e_100g': 0.01617, 'vitamin-pp_100g': 0.00795, 'water_100g': 1.65375, 'zinc_100g': 0.00225625}",,,
Ledda,"Plant-based foods and beverages, Plant-based foods, Fats, Spreads, Plant-based spreads, Spreadable fats, Vegetable fats, Margarines, Light margarines, en:salted-spreads",en:Morocco,657.0,73.0,on,100g,d,Margarine patissière,0.0,,100g,0.3,34.0,0.0,,,,
funkie,"Petit-déjeuners, Produits à tartiner, Produits à tartiner sucrés, Pâtes à tartiner, Pâtes à tartiner aux noisettes, Pâtes à tartiner au chocolat, Surgelés",en:fr,253.333333333333,13.0,on,100g,c,Pâte à tartiner praliné,4.4,3.9,,0.21,1.0,27.0,,,,
Herta,"Aliments et boissons à base de végétaux, Aliments d'origine végétale, Céréales et pommes de terre, Produits de boulangerie, Pâtes à pizza, Pâte à pizza fine, Aides culinaires, en:Baking Mixes, en:Refrigerated baking mixes, en:Frozen baking mixes","France,Luxembourg",287.5,5.3,on,100g,c,HERTA Pâte à Pizza Fine et Rectangulaire 390g,8.7,1.0,100g,1.2,0.5,2.9,,,,
"Jardin bio, jardin bio étic Léa Nature","Snacks, Snacks sucrés, Surgelés, Biscuits et gâteaux, Biscuits, Biscuits fourrés",France,489.0,22.0,on,100g,e,Fourrés Chocolat🍫,6.6,4.5,100g,0.88,7.6,26.0,,,,
"Lu, Mondelez","Snacks, Snacks sucrés, Biscuits et gâteaux, Biscuits, Biscuits sablés, Biscuits feuilletés, Palmiers","Belgique,France,Guadeloupe,Nouvelle-Calédonie,La Réunion,Luxembourg",533.0,30.0,on,100g,e,Palmito L'original,6.1,2.4,100g,1.4,15.0,21.0,,,,
Primevère,"Plant-based foods and beverages,Plant-based foods,Fats,Spreads,Plant-based spreads,Salted spreads,Vegetable fats,Spreadable fats,Margarines,Light margarines",France,566.0,63.0,on,100g,c,Tartine & Cuisson 100% végétal,0.0,0.0,100g,0.3,17.0,0.0,,,,
"Carrefour BIO,Carrefour","Produits laitiers,Laits,Laits homogénéisés,Laits demi-écrémés,Laits UHT,Laits demi-écrémés biologiques","France,Suisse",47.0,1.6,on,100g,b,Lait demi-écrémé Stérilisé UHT,3.3,0.0,100ml,0.1,1.0,4.8,"{'alcohol_100g': 0.0, 'beta-carotene_100g': 9.45e-06, 'cholesterol_100g': 0.0057, 'copper_100g': 8.7e-06, 'fructose_100g': 0.05, 'galactose_100g': 0.05, 'glucose_100g': 0.05, 'iodine_100g': 1.21e-05, 'iron_100g': 4.5e-05, 'lactose_100g': 4.66, 'magnesium_100g': 0.0121, 'maltose_100g': 0.05, 'manganese_100g': 3.1e-06, 'pantothenic-acid_100g': 0.00041, 'phosphorus_100g': 0.0891, 'phylloquinone_100g': 2e-07, 'polyols_100g': 0.0, 'potassium_100g': 0.167, 'selenium_100g': 5e-06, 'starch_100g': 0.0, 'sucrose_100g': 0.05, 'vitamin-a_100g': 1.92e-05, 'vitamin-b12_100g': 3.8e-07, 'vitamin-b1_100g': 6e-05, 'vitamin-b2_100g': 0.00018, 'vitamin-b6_100g': 3.7e-05, 'vitamin-b9_100g': 9.49e-06, 'vitamin-c_100g': 0.0015, 'vitamin-d_100g': 2.5e-07, 'vitamin-e_100g': 0.00013, 'vitamin-pp_100g': 9.3e-05, 'water_100g': 89.4, 'zinc_100g': 0.00039}",,,
Danone,"Beverages, Dairies, Fermented foods, Fermented milk products, Desserts, Dairy desserts, Dairy drinks, Fermented dairy desserts, Fermented drinks, Yogurts, Fermented milk drinks, Drinkable-yogurts, en:yogurt-drinks","France,Morocco",246.0,1.28,on,100g,c,Danup fraise,1.75,0.0,100g,0.0,1.06,5.5,,,,
DANONE,ياغورت,en:Morocco,78.8,2.85,on,100g,c,Velouté,1.9,,100g,0.0019,2.351,11.4,,,,
Pagen,"Aliments et boissons à base de végétaux, Aliments d'origine végétale, Céréales et pommes de terre, Pains, Pains grillés, Petits pains grillés",Francia,432.0,10.0,on,100g,c,"Golden Wheat Swedish Krisprolls, 7.9oz (225g)",10.0,3.1,100g,0.66,1.3,9.5,"{'alcohol_100g': 0, 'beta-carotene_100g': 4.525e-06, 'calcium_100g': 0.02586529, 'cholesterol_100g': 3.5e-06, 'copper_100g': 0.000256725, 'fructose_100g': 0.091, 'galactose_100g': 0, 'glucose_100g': 0.093, 'iodine_100g': 1.5256e-05, 'iron_100g': 0.002026577, 'lactose_100g': 0.091, 'magnesium_100g': 0.067309395, 'maltose_100g': 0.958, 'manganese_100g': 0.001989674, 'pantothenic-acid_100g': 0.0004834, 'phosphorus_100g': 0.2090264, 'phylloquinone_100g': 3.64e-07, 'polyols_100g': 0, 'potassium_100g': 0.26986577, 'selenium_100g': 9.40165e-06, 'starch_100g': 53.407, 'sucrose_100g': 6.493, 'vitamin-a_100g': 1.05e-07, 'vitamin-b12_100g': 3.4e-09, 'vitamin-b1_100g': 0.00035, 'vitamin-b2_100g': 1.564e-05, 'vitamin-b6_100g': 0.0001078, 'vitamin-b9_100g': 3.01e-05, 'vitamin-c_100g': 0.0002275, 'vitamin-d_100g': 1.183e-07, 'vitamin-e_100g': 0.00071198, 'vitamin-pp_100g': 0.00023, 'water_100g': 11.2202891, 'zinc_100g': 0.0017954904}",,,
La Boulangère,"Aliments et boissons à base de végétaux,Aliments d'origine végétale,Snacks,Céréales et pommes de terre,Snacks sucrés,en:Sweet pastries and pies,Viennoiseries,Pains briochés",France,327.0,9.1,on,100g,c,4 Baguettes viennoises 340g,9.7,3.1,100g,0.91,1.3,7.8,"{'alcohol_100g': 0, 'beta-carotene_100g': 3.63125968424479e-06, 'calcium_100g': 0.0344, 'cholesterol_100g': 0.0803938141682943, 'copper_100g': 0.000193291070638021, 'fructose_100g': 0.0793370279947917, 'galactose_100g': 0.000143098958333333, 'glucose_100g': 0.120743636067708, 'iodine_100g': 1.33026514973958e-05, 'iron_100g': 0.00181658265559896, 'lactose_100g': 0.0665381217447917, 'magnesium_100g': 0.0500605830208333, 'maltose_100g': 0.695953287760417, 'manganese_100g': 0.00140226403207031, 'pantothenic-acid_100g': 0.000677130686848958, 'phosphorus_100g': 0.192354604817708, 'phylloquinone_100g': 6.38245540364583e-06, 'polyols_100g': 0, 'potassium_100g': 0.223703674635417, 'selenium_100g': 7.32023704427083e-06, 'starch_100g': 37.402019124349, 'sucrose_100g': 4.26133702799479, 'vitamin-a_100g': 3.85297505696615e-05, 'vitamin-b12_100g': 2.95043811848958e-07, 'vitamin-b1_100g': 0.000309710856770833, 'vitamin-b2_100g': 0.000105805459635417, 'vitamin-b6_100g': 0.000109604092447917, 'vitamin-b9_100g': 3.11176254882812e-05, 'vitamin-c_100g': 0.000160406697591146, 'vitamin-d_100g': 4.63400232747396e-07, 'vitamin-e_100g': 0.0031402032014974, 'vitamin-pp_100g': 0.000259425072265624, 'water_100g': 25.5022520677083, 'zinc_100g': 0.00150068578125}",,,
"Nestlé, Lion","Aliments et boissons à base de végétaux, Aliments d'origine végétale, Petit-déjeuners, Céréales et pommes de terre, Céréales et dérivés, Céréales pour petit-déjeuner, Céréales au chocolat, Céréales extrudées, Céréales au caramel","Belgium,France",406.0,7.4,on,100g,c,NESTLE LION Céréales 400g,8.1,7.0,100g,0.4,1.1,24.5,"{'alcohol_100g': 0, 'beta-carotene_100g': 1.2703125e-06, 'cholesterol_100g': 0, 'copper_100g': 6.4097646484375e-05, 'fructose_100g': 0.0222, 'galactose_100g': 0, 'glucose_100g': 0.0222, 'iodine_100g': 4.85913867187497e-06, 'lactose_100g': 0.0222, 'magnesium_100g': 0.0166495517578125, 'maltose_100g': 0.23088, 'manganese_100g': 0.000490519412109375, 'phosphorus_100g': 0.04885786875, 'phylloquinone_100g': 1.1445e-07, 'polyols_100g': 0, 'potassium_100g': 0.065776412109375, 'selenium_100g': 4.19116015625e-06, 'starch_100g': 13.1646, 'sucrose_100g': 26.65903484375, 'vitamin-a_100g': 0, 'vitamin-b12_100g': 0, 'vitamin-b9_100g': 5.7054e-06, 'vitamin-c_100g': 5.55e-05, 'vitamin-e_100g': 0.0038497425, 'water_100g': 2.7989891328125, 'zinc_100g': 0.000428811453125}",,,
"hepar,Nestlé","Beverages and beverages preparations,Beverages,Waters,Spring waters,Mineral waters,Natural mineral waters,Non-carbonated natural mineral waters","Belgium,France",0.0,0.0,on,100g,a,HEPAR,0.0,0.0,100ml,0.00355,0.0,0.0,"{'alcohol_100g': 0.0, 'beta-carotene_100g': 0.0, 'cholesterol_100g': 0.0, 'copper_100g': 1.7e-05, 'fructose_100g': 0.0, 'galactose_100g': 0.0, 'glucose_100g': 0.0, 'iodine_100g': 0.0, 'iron_100g': 3e-05, 'lactose_100g': 0.0, 'magnesium_100g': 0.00099, 'maltose_100g': 0.0, 'manganese_100g': 8.2e-07, 'pantothenic-acid_100g': 0.0, 'phosphorus_100g': 0.0, 'phylloquinone_100g': 0.0, 'polyols_100g': 0.0, 'potassium_100g': 0.00073, 'selenium_100g': 5e-07, 'starch_100g': 0.0, 'sucrose_100g': 0.0, 'vitamin-a_100g': 0.0, 'vitamin-b12_100g': 0.0, 'vitamin-b1_100g': 0.0, 'vitamin-b2_100g': 0.0, 'vitamin-b6_100g': 0.0, 'vitamin-b9_100g': 0.0, 'vitamin-c_100g': 0.0, 'vitamin-d_100g': 0.0, 'vitamin-e_100g': 0.0, 'vitamin-pp_100g': 0.0, 'water_100g': 100.0, 'zinc_100g': 1.1e-05}",,,
Lotus,"Imbiss,Süßer Snack,Kekse und Kuchen,en:Biscuits and crackers,Kekse,Speculoos","Armenia,Bulgaria,Canada,Czech Republic,Greece,Ireland,Italy,Morocco,New Zealand,Portugal,Romania,Spain,United Kingdom,Australia",487.096774193548,10.0,on,100g,d,Lotus Biscoff,6.66666666666667,3.33333333333333,,0.241666666666667,3.33333333333333,23.3333333333333,,,,
la Prairie,"Plant-based foods and beverages, Plant-based foods, Fats, Spreads, Plant-based spreads, Spreadable fats, Vegetable fats, Margarines, en:salted-spreads","France, Morocco, en:united-states",635.0,70.0,on,100g,c,margarine la prairie 225g,1.0,0.0,100g,0.7,0.0,0.0,,,,
Petit Navire,"Vis en zeevruchten,Vis- en afgeleide producten,Conserven,Vis,Vette vissen,Vis in blik/pot,Visfilets,Makreel,Makreelfilets,Makreelfilets in witte wijn en kruiden,Makreel in blik/pot","Frankreich, Germany",155.0,11.0,on,100g,b,Filets de maquereaux vin blanc & aromates,13.0,,,1.0,3.0,0.6,"{'alcohol_100g': 0.9548, 'beta-carotene_100g': 0.00045295, 'calcium_100g': 0.01653038, 'chloride_100g': 0.0492, 'cholesterol_100g': 0.02982, 'copper_100g': 7.7552e-05, 'fiber_100g': 0.57, 'fructose_100g': 0.167, 'galactose_100g': 0.0024, 'glucose_100g': 0.16515, 'iodine_100g': 1.0331e-05, 'iron_100g': 0.0007206195, 'lactose_100g': 0.021055, 'magnesium_100g': 0.02170369, 'maltose_100g': 0.021335, 'manganese_100g': 0.00020669432, 'pantothenic-acid_100g': 4.0055e-05, 'phosphorus_100g': 0.120842, 'phylloquinone_100g': 2.1845e-06, 'polyols_100g': 0.02617, 'potassium_100g': 0.24735618, 'selenium_100g': 9.5015e-07, 'starch_100g': 0.1113, 'sucrose_100g': 0.2853, 'vitamin-a_100g': 0, 'vitamin-b12_100g': 0, 'vitamin-b1_100g': 4.4e-06, 'vitamin-b2_100g': 6.77e-06, 'vitamin-b6_100g': 0.000340634, 'vitamin-b9_100g': 6.103e-06, 'vitamin-c_100g': 0.00185225, 'vitamin-d_100g': 6.5e-10, 'vitamin-e_100g': 0.0006943, 'vitamin-pp_100g': 3.07e-05, 'water_100g': 75.546435, 'zinc_100g': 0.000419411}",,,
HappyVore,"Aliments et boissons à base de végétaux,Aliments d'origine végétale,Alternatives à la viande,Substituts de viande,Produits panés,Susbtituts des escalopes panés",France,232.0,13.0,on,100g,a,Suprêmes panés végétaux et gourmands,9.7,6.8,100g,0.925,1.2,0.6,,,,
"Maille,Unilever","Condiments,Sauces,Moutardes,Moutardes à l'ancienne","France,Allemagne",172.0,10.0,on,100g,e,Moutarde à l’ancienne,6.9,3.5,100g,5.0,0.4,5.9,,,,
Barilla,"Pflanzliche Lebensmittel und Getränke,Pflanzliche Lebensmittel,Teigwaren,Getrocknete Teigwaren,Fusilli","Australia, Austria, Belgium, Bulgaria, Croatia, Czech Republic, France, Germany, Italy, Luxembourg, Morocco, Portugal, Romania, Singapore, Switzerland, United Kingdom, en:ukraine",359.0,2.0,on,100g,a,Fusilli 98,13.0,3.0,100g,0.01,0.5,3.5,"{'alcohol_100g': 0, 'beta-carotene_100g': 0, 'cholesterol_100g': 0, 'fructose_100g': 0, 'galactose_100g': 0, 'glucose_100g': 0, 'iodine_100g': 0, 'lactose_100g': 0, 'maltose_100g': 0, 'pantothenic-acid_100g': 0, 'phosphorus_100g': 0.0765, 'phylloquinone_100g': 0, 'polyols_100g': 0, 'starch_100g': 0, 'sucrose_100g': 0, 'vitamin-a_100g': 0, 'vitamin-b12_100g': 0, 'vitamin-b1_100g': 0, 'vitamin-b2_100g': 0, 'vitamin-b9_100g': 0, 'vitamin-c_100g': 0, 'vitamin-d_100g': 0, 'vitamin-pp_100g': 0, 'water_100g': 34.075}",,,
Lidl,"Grickalice,Slatki zalogaji,Kakao i njegovi proizvodi,Čokolade,Tamne čokolade","Croatia,Czech Republic,France,Germany,Spain,United Kingdom",544.0,35.0,on,100g,e,Čokoláda na vaření,4.8,7.7,,0.01,22.0,45.6,,,,
Ketchup,"Condiments, Sauces, Tomato sauces, Ketchup, Groceries","France, Switzerland, en:morocco",99.0,0.5,on,100g,d,Amora,1.2,0.5,100g,2.0,0.1,21.0,,,,
Pepsi cola,"Boissons et préparations de boissons,Boissons,Eaux,Eaux de table",Maroc,0.0,,on,100g,unknown,Aquafina,0.0,0.0,100ml,0.0005,0.0,0.0,,,,
Tipiak,"Aliments et boissons à base de végétaux,Aliments d'origine végétale,Céréales et pommes de terre,Céréales et dérivés,Plats préparés,Semoules de céréales,Semoules de blé,Semoules de blé dur,en:couscous,Semoules de blé dur pour couscous,Grainé couscous parfumé aux épices du monde",France,,,,100g,a,Tipiak Graine Parfumé,,,,,,,,,on,
"Caprice Des Dieux, Savencia","Dairies, Fermented foods, Fermented milk products, Cheeses, Soft cheeses, Cow cheeses, Pasteurised products, Pasteurized cheeses, Soft cheese with a natural rind, Double cream cheeses, en:soft-cheeses-with-bloomy-rind","Belgique,France,Luxembourg,États-Unis",333.0,30.0,on,100g,d,Caprice des Dieux,15.0,,100g,1.4,21.0,0.1,,,,
candia,"Produits laitiers,Laits (fluide et poudre),Laits,Laits homogénéisés,Produits pasteurisés,Laits demi-écrémés,Laits UHT,en:UHT milk fortified with vitamins,Laits demi-écrémés UHT enrichis en vitamines","France,Guadeloupe",41.0,1.0,on,100g,b,Viva lait 1/2 écrémé,3.3,,100ml,0.1,0.6,4.8,,,,
RIANS,"Produits laitiers, Produits fermentés, Desserts, Produits laitiers fermentés, Fromages, Desserts lactés, Desserts lactés fermentés, Fromages à pâte fraîche, Fromages à la crème, Faisselles",France,76.0,4.5,on,100g,b,faisselle,4.3,0.0,100g,0.1,2.9,4.5,"{'beta-carotene_100g': 7e-06, 'calcium_100g': 0.123, 'cholesterol_100g': 0.0025, 'copper_100g': 1.2e-05, 'fructose_100g': 0, 'galactose_100g': 0, 'glucose_100g': 0, 'iodine_100g': 2.43e-05, 'iron_100g': 3e-05, 'lactose_100g': 4.93, 'magnesium_100g': 0.0116, 'maltose_100g': 0, 'manganese_100g': 5.5e-06, 'pantothenic-acid_100g': 0.00036, 'phosphorus_100g': 0.099, 'phylloquinone_100g': 0, 'polyols_100g': 0, 'potassium_100g': 0.157, 'selenium_100g': 1.66e-06, 'starch_100g': 0, 'sucrose_100g': 0, 'vitamin-a_100g': 1.78e-06, 'vitamin-b12_100g': 4.9e-07, 'vitamin-b1_100g': 4.3e-05, 'vitamin-b2_100g': 0.00018, 'vitamin-b6_100g': 4.4e-05, 'vitamin-b9_100g': 4.9e-06, 'vitamin-c_100g': 0.0013, 'vitamin-d_100g': 7.5e-08, 'vitamin-e_100g': 9e-06, 'vitamin-pp_100g': 9.2e-05, 'water_100g': 90.8, 'zinc_100g': 0.00042}",,,
Brets,"Aliments et boissons à base de végétaux,Aliments d'origine végétale,Snacks,Céréales et pommes de terre,Snacks salés,Amuse-gueules,Chips et frites,Chips,Chips de pommes de terre,Chips de pommes de terre aromatisées,Chips au sel et vinaigre,Chips de pommes de terre à l'huile de tournesol,Chips au sel et vinaigre de malt","Croatie,France",527.0,32.0,on,100g,c,Saveir Sel & Vinaigre,6.4,4.8,,1.0,2.7,1.0,"{'alcohol_100g': 0.000201785714285705, 'beta-carotene_100g': 2.20728571428571e-06, 'calcium_100g': 0.004729685, 'cholesterol_100g': 0, 'copper_100g': 5.98937633928571e-05, 'fructose_100g': 0.192236160714286, 'galactose_100g': 0, 'glucose_100g': 0.236266160714286, 'iodine_100g': 1.43248044642857e-05, 'iron_100g': 0.000256399767857143, 'lactose_100g': 0.00353616071428571, 'magnesium_100g': 0.0134688401785714, 'maltose_100g': 0.036301875, 'manganese_100g': 0.000125558478571428, 'pantothenic-acid_100g': 0.000375261428571429, 'phosphorus_100g': 0.0311730410714286, 'phylloquinone_100g': 1.45884285714286e-06, 'polyols_100g': 0, 'potassium_100g': 0.238327771428571, 'selenium_100g': 6.61635089285714e-06, 'starch_100g': 12.0052285714286, 'sucrose_100g': 0.541844732142854, 'vitamin-a_100g': 0, 'vitamin-b12_100g': 0, 'vitamin-b1_100g': 5.87538571428571e-05, 'vitamin-b2_100g': 1.28309642857143e-05, 'vitamin-b6_100g': 0.000217695294642857, 'vitamin-b9_100g': 2.04577285714286e-05, 'vitamin-c_100g': 0.00184589875, 'vitamin-d_100g': 4.48314285714286e-08, 'vitamin-e_100g': 0.0177968271428571, 'vitamin-pp_100g': 0.00108991285714286, 'water_100g': 49.7821291071428, 'zinc_100g': 0.000168864419642857}",,,
Tropicana,"Plant-based foods and beverages, Beverages, Plant-based beverages, Fruit-based beverages, Juices and nectars, Fruit juices, Non-alcoholic beverages, Orange juices, Squeezed juices, Orange juices without pulp, Squeezed orange juices","Belgien,Frankreich,Luxemburg,Réunion,Schweiz",40.0,0.0,on,100g,c,Orangensaft,0.8,0.6,100ml,0.0,0.0,8.9,"{'alcohol_100g': 0.0, 'beta-carotene_100g': 2.62e-05, 'calcium_100g': 0.00041, 'cholesterol_100g': 0.0, 'copper_100g': 2.2e-05, 'fructose_100g': 2.56, 'galactose_100g': 0.0, 'glucose_100g': 2.47, 'iodine_100g': 7e-07, 'iron_100g': 6.8e-05, 'lactose_100g': 0.0, 'magnesium_100g': 0.01, 'maltose_100g': 0.049, 'manganese_100g': 2.1e-05, 'pantothenic-acid_100g': 0.00024, 'phosphorus_100g': 0.0165, 'phylloquinone_100g': 1e-07, 'polyols_100g': 0.0, 'potassium_100g': 0.165, 'selenium_100g': 3.05e-06, 'starch_100g': 0.0, 'sucrose_100g': 3.46, 'vitamin-a_100g': 0.0, 'vitamin-b12_100g': 0.0, 'vitamin-b1_100g': 8e-05, 'vitamin-b2_100g': 2.1e-05, 'vitamin-b6_100g': 0.0001, 'vitamin-b9_100g': 3e-05, 'vitamin-d_100g': 0.0, 'vitamin-e_100g': 0.0002, 'vitamin-pp_100g': 0.0003, 'water_100g': 88.2, 'zinc_100g': 4.5e-05}",,,
danone,Yaourt velouté pistache,"France,Mauritanie,Maroc",95.0,3.0,on,100g,c,Yawmi velouté pistache,2.3,,100g,0.0,2.0,9.0,,,,
,"Boissons et préparations de boissons,Boissons,Eaux,Eaux de sources,Eaux minérales","France, Morocco, en:united-states",0.0,0.0,on,100g,a,Sidi Harazem,0.0,,100g,,0.0,0.0,,,,
بوني,"Cacao et dérivés, Cacaos et chocolats en poudre, Cacaos en poudre, Boisson cacaotée ou au chocolat instantanée sucrée enrichie en vitamines prête à boire (reconstituée avec du lait demi-écrémé standard)","France, en:morocco",77.0,1.6,on,100g,unknown,Jibi,3.3,0.0,100ml,0.0,1.1,7.1,,,,
"Oasis,Orangina Schweppes France","Beverages and beverages preparations,Plant-based foods and beverages,Beverages,Plant-based beverages,Fruit-based beverages,Sweetened beverages,Aliments-et-boissons-a-base-de-vegetaux,Boissons-a-base-de-vegetaux,Boissons-avec-sucre-ajoute,fr:Aromatisé,fr:Boisson-rafraichissante-aux-fruits-et-à-l'eau-de-source","en:france, en:switzerland, en:belgium, en:La Réunion",28.0,0.0,on,100g,d,PET 2L OASIS TROPICAL,0.1,0.0,,0.03,0.0,6.6,,,,
,"Dairies, Fermented foods, Fermented milk products, Cheeses, en:breads",en:Morocco,,,,,unknown,special burger,,,,,,,,,,
,en:biscuits,en:Morocco,522.0,26.0,on,100g,e,,5.8,,100g,0.75,15.0,37.0,,,,
Elle & vire,"Dairies, Fermented foods, Fermented milk products, Creams, Fermented creams, fr:Crèmes légères, fr:cremes-fraiches, en:Refrigerated creams",France,145.0,12.0,on,100g,d,Elle & vire creme fraiche epaisse legere 12%mg poche 328g,2.8,0.0,100g,0.1,8.4,3.8,,,,
Jacquet,"Aliments et boissons à base de végétaux,Aliments d'origine végétale,Céréales et pommes de terre,Pains,Pains spéciaux,Pains Burger",France,275.0,4.5,on,100g,c,Pain Burger Géant,9.7,3.8,100g,0.9825,0.5,5.4,"{'alcohol_100g': 0, 'beta-carotene_100g': 3.35524375e-06, 'calcium_100g': 0.043905773125, 'cholesterol_100g': 1.3125e-05, 'copper_100g': 0.0002284955625, 'fructose_100g': 0.0666241625, 'galactose_100g': 0, 'glucose_100g': 0.07487075, 'iodine_100g': 1.5825125e-05, 'iron_100g': 0.00186239525, 'lactose_100g': 0.06624125, 'magnesium_100g': 0.05883641, 'maltose_100g': 0.738456025, 'manganese_100g': 0.00143917975375, 'pantothenic-acid_100g': 0.0004967055, 'phosphorus_100g': 0.1927523, 'phylloquinone_100g': 2.9475575e-06, 'polyols_100g': 0, 'potassium_100g': 0.250884495625, 'selenium_100g': 7.72668e-06, 'starch_100g': 37.5193525, 'sucrose_100g': 4.10276875, 'vitamin-a_100g': 3.9375e-07, 'vitamin-b12_100g': 1.275e-08, 'vitamin-b1_100g': 0.00061603225, 'vitamin-b2_100g': 4.72748125e-05, 'vitamin-b6_100g': 0.000120786625, 'vitamin-b9_100g': 4.479968875e-05, 'vitamin-c_100g': 0.000165603125, 'vitamin-d_100g': 8.6113625e-08, 'vitamin-e_100g': 0.001549707125, 'vitamin-pp_100g': 0.000830231875, 'water_100g': 29.2265626375, 'zinc_100g': 0.0016366906125}",,,
Crownfield,"Alimentos e bebidas à base de plantas,Alimentos à base de plantas,Pequenos alomoços,Cereais e batatas,Cereais e seus produtos,Cereias para pequeno-almoçco,Flocos,Flocos de cereais,en:Extruded flakes,en:Rolled flakes,Flocos de aveia","Bélgica,França,Alemanha,Portugal,Espanha,Suíça",298.0,7.0,on,100g,a,Fiocchi di avena integrali,13.5,10.0,,0.02,1.25,0.75,"{'alcohol_100g': 0, 'beta-carotene_100g': 0, 'calcium_100g': 0.0843, 'cholesterol_100g': 0, 'copper_100g': 0.0003, 'fructose_100g': 0, 'galactose_100g': 0, 'glucose_100g': 0, 'iodine_100g': 5e-07, 'iron_100g': 0.00405, 'lactose_100g': 0, 'magnesium_100g': 0.148, 'maltose_100g': 0, 'manganese_100g': 0.00472, 'pantothenic-acid_100g': 0.00131, 'phosphorus_100g': 0.422, 'phylloquinone_100g': 2e-06, 'polyols_100g': 0, 'potassium_100g': 0.377, 'selenium_100g': 3.05e-06, 'starch_100g': 56.9, 'sucrose_100g': 0.97, 'vitamin-a_100g': 0, 'vitamin-b12_100g': 0, 'vitamin-b1_100g': 0.00043, 'vitamin-b2_100g': 0.00014, 'vitamin-b6_100g': 0.00012, 'vitamin-b9_100g': 3.96e-05, 'vitamin-c_100g': 0, 'vitamin-d_100g': 0, 'vitamin-e_100g': 0.00059, 'vitamin-pp_100g': 0.00096, 'water_100g': 10.1, 'zinc_100g': 0.00333}",,,
BJORG,"Plant-based foods and beverages,Plant-based foods,Dairy substitutes,Plant-based creams,Plant-based creams for cooking,Coconut-based creams for cooking,Coconut milks and creams",France,174.0,16.0,on,100g,d,Crème de coco légère,1.2,1.1,100ml,0.08,15.0,1.6,,,,
Poulain,cacao,"France, Galmudug, en:morocco",,,,100g,d,Poulain,,,100g,,,,,,on,
Cuétara,"Snacks,Snacks sucrés,Biscuits et gâteaux,Biscuits","France,Maroc",406.0,18.0,on,100g,c,Cuetara Digesta Light 200G Marie Cookies,6.9,3.9,100g,0.85,2.1,0.0,,,,
Hacendado,"Plant-based foods and beverages,Plant-based foods,Breakfasts,Cereals and potatoes,Cereals and their products,Breakfast cereals,Chocolate cereals,Mueslis,Mueslis with chocolate","Portugal, Spain, en:france",416.0,13.0,on,100g,c,"Muesli con quinoa, chía y chocolate negro",9.8,10.0,,0.11,4.3,18.0,,,,
lio,"ar:6.50dh 1/2litr, en:olive-oils","Morocco, United States, en:france",900.0,100.0,on,100g,b,Lio huile de table,0.0,,100g,0.0,14.0,0.0,,,,
,,en:Morocco,,,,,unknown,,,,,,,,,,,
"Ekibio, Le Pain des Fleurs","Alimentos e bebidas à base de plantas,Alimentos à base de plantas,Lanches comida,Cereais e Batatas,en:Extruded crispbreads","Bélgica,França,Portugal",388.0,2.7,on,100g,a,Tartines Craquantes Sarrasin,13.4,4.5,100g,0.01,0.6,1.7,"{'alcohol_100g': 0, 'beta-carotene_100g': 0, 'calcium_100g': 0.0238, 'cholesterol_100g': 0, 'copper_100g': 0.0005, 'fructose_100g': 0, 'galactose_100g': 0, 'glucose_100g': 0.0075, 'iodine_100g': 2.4e-06, 'lactose_100g': 0, 'maltose_100g': 0.1, 'manganese_100g': 0.0013, 'pantothenic-acid_100g': 0.00145, 'phosphorus_100g': 0.264, 'phylloquinone_100g': 7e-06, 'polyols_100g': 0, 'potassium_100g': 0.389, 'selenium_100g': 4.9e-06, 'starch_100g': 68.4, 'sucrose_100g': 0.023, 'vitamin-a_100g': 0, 'vitamin-b12_100g': 0, 'vitamin-b1_100g': 0.00038, 'vitamin-b2_100g': 0.00015, 'vitamin-b6_100g': 0.00046, 'vitamin-b9_100g': 6.68e-05, 'vitamin-c_100g': 0.00025, 'vitamin-d_100g': 0, 'vitamin-e_100g': 0.00032, 'vitamin-pp_100g': 0.00475, 'water_100g': 12.1, 'zinc_100g': 0.0023}",,,
St Michel,"Snacks,Snacks sucrés,Biscuits et gâteaux,Biscuits sucrés & biscuits apéritifs,Biscuits,Biscuits sablés,Palets",France,515.0,26.0,on,100g,e,Roudor,6.2,2.0,100g,1.1,17.0,26.0,"{'alcohol_100g': 0, 'beta-carotene_100g': 5e-05, 'calcium_100g': 0.02244292, 'cholesterol_100g': 0.078733, 'copper_100g': 0.000156689, 'fructose_100g': 0.0695125, 'galactose_100g': 0.015, 'glucose_100g': 0.076045, 'iodine_100g': 1.66174e-05, 'iron_100g': 0.001225076, 'lactose_100g': 0.301, 'magnesium_100g': 0.039147275, 'maltose_100g': 0.5583125, 'manganese_100g': 0.0011468164, 'pantothenic-acid_100g': 0.000335195, 'phosphorus_100g': 0.128478, 'phylloquinone_100g': 2.31805e-06, 'polyols_100g': 0, 'potassium_100g': 0.16010745, 'selenium_100g': 7.310965e-06, 'starch_100g': 30.836, 'sucrose_100g': 11.5861125, 'vitamin-a_100g': 0.000208597, 'vitamin-b12_100g': 9.9575e-08, 'vitamin-b1_100g': 0.0001388425, 'vitamin-b2_100g': 3.0322e-05, 'vitamin-b6_100g': 6.3275e-05, 'vitamin-b9_100g': 1.5403e-05, 'vitamin-c_100g': 0.00013, 'vitamin-d_100g': 4.6658e-07, 'vitamin-e_100g': 0.001091705, 'vitamin-pp_100g': 4.94105e-05, 'water_100g': 13.6434085, 'zinc_100g': 0.001049479}",,,
Toblerone,"Snacks,Sweet snacks,Cocoa and its products,Confectioneries,Chocolate candies,Chocolates,Milk chocolates,Chocolates with almonds,Flavoured chocolates,Flavoured milk chocolates,Milk chocolate bar with nougat,Swiss chocolates","Algeria,Australia,Belgium,Bolivia,Bulgaria,Denmark,Finland,France,Germany,Italy,Morocco,Norway,Poland,Portugal,Romania,Spain,Sweden,Switzerland,Thailand,Ukraine,United Kingdom",528.211284513806,28.0,on,100g,e,шок.тоблерон с дробл.орехом,5.6,2.4,,0.12,17.0,60.0,"{'alcohol_100g': 0, 'beta-carotene_100g': 4.2564078125e-05, 'calcium_100g': 0.24586365, 'cholesterol_100g': 0.02675, 'fructose_100g': 1.1970075, 'galactose_100g': 0.093004375, 'glucose_100g': 1.005504375, 'iodine_100g': 1.95543125e-06, 'lactose_100g': 9.3750075, 'maltose_100g': 0.0469475, 'pantothenic-acid_100g': 0.000574568125, 'phylloquinone_100g': 1.21875, 'polyols_100g': 0.0570078125, 'potassium_100g': 0.3170350625, 'sucrose_100g': 50.0085925, 'vitamin-b12_100g': 8.12505625e-07, 'vitamin-b1_100g': 8.5542625e-05, 'vitamin-b2_100g': 0.00037796125, 'vitamin-b6_100g': 7.9680375e-05, 'vitamin-b9_100g': 1.00976875e-05, 'vitamin-d_100g': 3, 'vitamin-pp_100g': 0.00022184175, 'water_100g': 1.290744375}",,,
Danone,"Beverages and beverages preparations, Beverages, Dairies, Fermented foods, Fermented milk products, Desserts, Dairy desserts, Dairy drinks, Fermented dairy desserts, Fermented drinks, Fermented milk drinks, Yogurts, Dietary supplements, Bodybuilding supplements, en:artificially-sweetened-beverages","Belgium, France, en:luxembourg",254.666666666667,0.5,on,100g,not-applicable,Yaourt à boire fraise framboise,8.4,0.0,100g,0.18,0.3,5.2,,,,
Milbona,"Produits laitiers,Produits fermentés,Produits laitiers fermentés,Fromages,Fromages à pâte fraîche,Fromages à tartiner",France,66.3333333333333,16.8,on,100g,d,Mon p'tit plaisir,8.2,0.5,,1.0,11.7,3.3,,,,
DANONE,"Produits laitiers,Desserts,Desserts lactés,Skyrs nature",France,57.5,0.2,on,100g,a,SKYR,10.0,0.0,100g,0.09,0.1,3.9,,,,
Harrys,"Plant-based foods and beverages,Plant-based foods,Cereals and potatoes,Cereals and their products,Breads,Sliced breads,Sliced breads without crust","Belgium,France,Germany,Switzerland",268.0,4.3,on,100g,c,Pain de mie nature,7.0,3.8,100g,1.1,0.4,7.7,"{'alcohol_100g': 0.0011, 'beta-carotene_100g': 3.25725e-06, 'calcium_100g': 0.025813105, 'cholesterol_100g': 1.5675e-05, 'copper_100g': 0.0001940717, 'fructose_100g': 0.06440195, 'galactose_100g': 0, 'glucose_100g': 0.0655135, 'iodine_100g': 1.68127e-05, 'iron_100g': 0.00151557, 'lactose_100g': 0.09149, 'magnesium_100g': 0.04945214, 'maltose_100g': 0.67332195, 'manganese_100g': 0.001411792325, 'pantothenic-acid_100g': 0.000335565, 'phosphorus_100g': 0.1498805, 'phylloquinone_100g': 3.00145e-06, 'polyols_100g': 0, 'potassium_100g': 0.19182711, 'selenium_100g': 7.06943, 'starch_100g': 37.7077, 'sucrose_100g': 4.200545, 'vitamin-a_100g': 6.754e-08, 'vitamin-b12_100g': 4.565e-09, 'vitamin-b1_100g': 0.0002336115, 'vitamin-b2_100g': 1.1774, 'vitamin-b6_100g': 7.93375, 'vitamin-b9_100g': 2.07263e-05, 'vitamin-c_100g': 0.00017015, 'vitamin-d_100g': 8.37425e-08, 'vitamin-e_100g': 0.0015704585, 'vitamin-pp_100g': 0.000158891, 'water_100g': 32.1938835, 'zinc_100g': 0.001292425}",,,
"Madame Loïk, Paysan Breton","Dairies,Fermented foods,Fermented milk products,Cheeses,Spreads,Salted spreads,Cow cheeses,Fresh foods,Pasteurised products,French cheeses,Pasteurized cheeses,Cheese spreads,Cream cheeses,Industrial cheese,fr:Fromage fouetté,fr:Fromages à l'échalote et ciboulette","Belgium, France, en:morocco",242.0,23.0,on,100g,d,Paysan Breton - Le Fromage Fouetté Madame Loïk - Echalote Ciboulette,5.5,,100g,1.2,17.0,2.9,"{'alcohol_100g': 0, 'beta-carotene_100g': 0.0001164045, 'calcium_100g': 0.5875829, 'cholesterol_100g': 0.0838732, 'copper_100g': 0.00012733, 'fiber_100g': 0.17193, 'fructose_100g': 0.099464, 'galactose_100g': 0.072378, 'glucose_100g': 0.086864, 'iodine_100g': 3.31248, 'iron_100g': 0.00029325, 'lactose_100g': 0.30488, 'magnesium_100g': 0.0281818, 'maltose_100g': 0.089748, 'manganese_100g': 5.2462e-05, 'pantothenic-acid_100g': 0.00048774, 'phosphorus_100g': 0.4268521, 'phylloquinone_100g': 8.64902e-06, 'polyols_100g': 0.00825, 'potassium_100g': 0.1287344, 'selenium_100g': 7.58095e-06, 'starch_100g': 0.012945, 'sucrose_100g': 0.1257, 'vitamin-a_100g': 0.000211084, 'vitamin-b12_100g': 1.27024e-06, 'vitamin-b1_100g': 3.5633e-05, 'vitamin-b2_100g': 0.000386345, 'vitamin-b6_100g': 0.00010928, 'vitamin-b9_100g': 3.45803e-05, 'vitamin-c_100g': 0.001389138, 'vitamin-d_100g': 2.7086e-07, 'vitamin-e_100g': 0.00054175, 'vitamin-pp_100g': 0.00095599, 'water_100g': 48.313062, 'zinc_100g': 0.002699858}",,,
Kellogg's,"Aliments et boissons à base de végétaux,Aliments d'origine végétale,Petit-déjeuners,Céréales et pommes de terre,Céréales et dérivés,Céréales pour petit-déjeuner,Flocons,Flocons de céréales,Céréales extrudées,Flocons extrudés,Pétales multicéréales,Céréales pour petit déjeuner riches en fibres","Belgique,France,Luxembourg",392.0,1.3,on,100g,c,Cereales special K original,8.0,6.0,100g,0.84,0.3,15.0,,,,
,"Plant-based foods and beverages, Beverages, Plant-based beverages, Carbonated drinks, Fruit-based beverages, Sodas, Sweetened beverages, en:artificially-sweetened-beverages","France, en:morocco",270.0,0.0,on,100g,e,Poms 2,0.0,,100g,0.0,0.0,63.0,,,,
Heinz,"Gewürzmittel,Saucen,Tomatensaucen,Ketchup,Tomatenketchup","Frankreich,Deutschland,Marokko,Spanien,Schweiz",102.0,0.1,on,100g,d,Tomato Ketchup,1.2,,,1.8,0.1,22.2,,,,
Nestlé,"Beverages and beverages preparations,Beverages,Cocoa and its products,Beverage preparations,Cocoa and chocolate powders,Instant beverages,Cocoa powders,Cocoa powder for beverages with sugar fortified with vitamins,Instant chocolate powders","France,Morocco,Spain",,,,100g,d,Nesquik,,,100g,,,,,,on,
Giovanni Rana,"Aliments et boissons à base de végétaux,Aliments d'origine végétale,Plats préparés,Plats à base de pâtes,Pâtes alimentaires,Pâtes farcies,Pâtes fraîches,Ravioles",France,251.0,11.0,on,100g,c,Ricotta & Épinards,11.0,4.1,100g,0.00275,4.5,6.7,,,,
Céréal Bio,"Meat alternatives,Vegetarian patties",France,222.0,7.4,on,100g,c,Galettes boulghour parmesan & tomates confites,8.5,4.8,100g,0.95,1.7,3.5,,,,
Aicha,"Plant-based foods and beverages, Plant-based foods, Fruits and vegetables based foods, Vegetables based foods, Tomatoes and their products, Double concentrate tomato paste, en:tomato-pastes","France,Maroc",117.0,0.4,on,100g,a,Double concentre de tomate,4.6,3.0,100g,0.8,0.0,9.0,"{'alcohol_100g': 0, 'beta-carotene_100g': 0.00044451, 'calcium_100g': 0.0081916, 'cholesterol_100g': 0, 'copper_100g': 3.021e-05, 'fructose_100g': 1.386, 'galactose_100g': 0, 'glucose_100g': 1.0692, 'iodine_100g': 1.8798e-05, 'iron_100g': 0.0001217, 'lactose_100g': 0, 'magnesium_100g': 0.0100305, 'maltose_100g': 0, 'manganese_100g': 6.654e-05, 'pantothenic-acid_100g': 0.0002079, 'phosphorus_100g': 0.026414, 'phylloquinone_100g': 7.821e-06, 'polyols_100g': 0.01287, 'potassium_100g': 0.253609, 'selenium_100g': 4.955e-06, 'starch_100g': 0, 'sucrose_100g': 0, 'vitamin-a_100g': 0, 'vitamin-b12_100g': 0, 'vitamin-b1_100g': 3.861e-05, 'vitamin-b2_100g': 1.881e-05, 'vitamin-b6_100g': 8.118e-05, 'vitamin-b9_100g': 2.2473e-05, 'vitamin-c_100g': 0.015345, 'vitamin-d_100g': 0, 'vitamin-e_100g': 0.0006534, 'vitamin-pp_100g': 0.0006435, 'water_100g': 93.15927, 'zinc_100g': 8.701e-05}",,,
TERRA DELYSSA,"Aliments et boissons à base de végétaux,Aliments d'origine végétale,Matières grasses,Matières grasses végétales,Produits de l'olivier,Huiles,Huiles d'olive,Huiles d'olive vierges extra,Huiles d'olive de Tunisie,Huiles d'olive vierges","France, United States, World, en:united-kingdom",821.0,91.0,on,100g,b,EXTRA VIRGIN OLIVE OIL,0.0,0.0,100ml,0.0,19.0,0.0,"{'alcohol_100g': 0.0, 'beta-carotene_100g': 0.00021, 'copper_100g': 5e-06, 'fructose_100g': 0.0, 'galactose_100g': 0.0, 'glucose_100g': 0.0, 'iodine_100g': 1e-05, 'lactose_100g': 0.0, 'magnesium_100g': 2.5e-05, 'maltose_100g': 0.0, 'manganese_100g': 5e-06, 'pantothenic-acid_100g': 0.0, 'phosphorus_100g': 0.00015, 'phylloquinone_100g': 5.81e-05, 'polyols_100g': 0.0, 'selenium_100g': 1e-05, 'starch_100g': 0.0, 'sucrose_100g': 0.0, 'vitamin-a_100g': 0.0, 'vitamin-b12_100g': 0.0, 'vitamin-b1_100g': 0.0, 'vitamin-b2_100g': 0.0, 'vitamin-b6_100g': 0.0, 'vitamin-b9_100g': 0.0, 'vitamin-c_100g': 0.0, 'vitamin-d_100g': 1.3e-07, 'vitamin-e_100g': 0.0223, 'vitamin-pp_100g': 0.0, 'water_100g': 0.1, 'zinc_100g': 2.5e-05}",,,
Kiri,"Produits laitiers, Produits fermentés, Produits laitiers fermentés, Fromages, Produits à tartiner, Produits à tartiner salés, Fromages à tartiner, Fromages pour enfants, Fromages fondus, en:Cheeses (perishable)","Frankreich,Deutschland,Schweiz",303.0,29.0,on,100g,d,Kiri® Crème 24 portions,9.0,,100g,1.3,19.5,2.0,,,,
Herta,"Viandes et dérivés,Viandes,Charcuteries,Charcuteries diverses,Lardons de porc,Lardons de porc natures, Porc et dérivés, en:Pork (prepared)",France,239.0,19.0,on,100g,e,HERTA Lardons nature conservation sans nitrite - 2x75g,17.0,0.0,100g,2.24,7.0,0.0,"{'alcohol_100g': 0, 'beta-carotene_100g': 0, 'calcium_100g': 0.0099096, 'cholesterol_100g': 0.0753792, 'copper_100g': 6.73952e-05, 'fructose_100g': 0, 'galactose_100g': 0, 'glucose_100g': 0, 'iodine_100g': 2.6321152e-05, 'iron_100g': 0.000844016, 'lactose_100g': 0, 'magnesium_100g': 0.02757768, 'maltose_100g': 0, 'manganese_100g': 1.39072e-05, 'pantothenic-acid_100g': 0.000647488, 'phosphorus_100g': 0.2165632, 'phylloquinone_100g': 1.25632e-07, 'polyols_100g': 0, 'potassium_100g': 0.36548848, 'selenium_100g': 1.527472e-05, 'starch_100g': 0, 'sucrose_100g': 0, 'vitamin-a_100g': 4.416448e-06, 'vitamin-b12_100g': 5.70176e-07, 'vitamin-b1_100g': 0.000782784, 'vitamin-b2_100g': 0.000154624, 'vitamin-b6_100g': 0.000347904, 'vitamin-b9_100g': 6.90976e-06, 'vitamin-c_100g': 0.000260928, 'vitamin-d_100g': 4.92864e-07, 'vitamin-e_100g': 0.000115968, 'vitamin-pp_100g': 0.006465216, 'water_100g': 57.3078224, 'zinc_100g': 0.0023010176}",,,
"Lustucru,Lustucru selection","Aliments et boissons à base de végétaux,Aliments d'origine végétale,Céréales et pommes de terre,Gnocchi,Gnocchi de pommes de terre",France,193.0,2.7,on,100g,c,Gnocchi aux pommes de terre,5.1,2.0,100g,1.1,0.4,1.9,,,,
,,en:Morocco,,,,,unknown,,,,,,,,,,,
Tipiak,Quinoa,"Frankreich, Martinique, Schweiz, Germany",361.67,4.1,on,100g,a,Quinoa Gourmand,14.0,7.6,,0.0,0.5,2.5,"{'alcohol_100g': 0, 'beta-carotene_100g': 4.17375e-06, 'calcium_100g': 0.03781575, 'cholesterol_100g': 0, 'fructose_100g': 0.030945, 'galactose_100g': 0, 'glucose_100g': 0.103875, 'iodine_100g': 1.875e-07, 'lactose_100g': 0.001875, 'maltose_100g': 0.6366, 'pantothenic-acid_100g': 0.0004017, 'phylloquinone_100g': 7.5e-09, 'polyols_100g': 0, 'potassium_100g': 0.44433, 'sucrose_100g': 0.21105, 'vitamin-b12_100g': 0, 'vitamin-b1_100g': 0.000188475, 'vitamin-b2_100g': 0.00016329375, 'vitamin-b6_100g': 0.0003763125, 'vitamin-b9_100g': 9.4321875e-05, 'vitamin-d_100g': 2.4375e-09, 'vitamin-pp_100g': 0.0007761375, 'water_100g': 11.68125}",,,
Bonne Maman,"Plant-based foods and beverages, Plant-based foods, Fruits and vegetables based foods, Breakfasts, Spreads, Fruits based foods, Plant-based spreads, Sweet spreads, Fruit and vegetable preserves, Jams, Berry jams, Mixed fruit jams, Bilberries-jams, Low sugar fruit jam, en:bilberry-jams",France,163.0,0.2,on,100g,d,Myrtille Intense,0.5,1.8,100g,0.0,0.0,39.0,,,,
"Orangina Schweppes,Schweppes","Boissons et préparations de boissons,Aliments et boissons à base de végétaux,Boissons,Boissons à base de végétaux,Boissons gazeuses,Boissons aux fruits,Boissons édulcorées,Sodas,Sodas aux fruits,Boissons sans alcool,Boissons avec sucre ajouté","Belgique,France,Luxembourg,Suisse",24.0,0.0,on,100g,e,Schweppes Agrum',0.0,,100ml,0.01,0.0,5.7,,,,
Star moutarde de Dijon,"Condiments, Sauces, Mustards, Groceries",Morocco,158.7,11.19,on,100g,e,Star moutarde,7.44,,100g,6.54,0.71,1.94,"{'alcohol_100g': 0.021875, 'beta-carotene_100g': 1.115625e-05, 'calcium_100g': 0.024350218, 'cholesterol_100g': 0, 'copper_100g': 3.33528425e-05, 'fiber_100g': 0.109375, 'fructose_100g': 0.14109375, 'galactose_100g': 0, 'glucose_100g': 0.19359375, 'iodine_100g': 6.17778475e-05, 'iron_100g': 0.00046847995, 'lactose_100g': 0.01640625, 'magnesium_100g': 0.0126205215, 'maltose_100g': 0.01640625, 'manganese_100g': 0.0001065291, 'pantothenic-acid_100g': 4.15625e-05, 'phosphorus_100g': 0.030777225, 'phylloquinone_100g': 1.214365e-05, 'polyols_100g': 0, 'potassium_100g': 0.03983, 'selenium_100g': 1.7845375e-06, 'starch_100g': 0.56875, 'sucrose_100g': 0.03390625, 'vitamin-a_100g': 0, 'vitamin-b12_100g': 0, 'vitamin-b1_100g': 2.40625e-05, 'vitamin-b2_100g': 1.05e-05, 'vitamin-b6_100g': 1.5640625e-05, 'vitamin-b9_100g': 1.640625e-06, 'vitamin-c_100g': 0.0001203125, 'vitamin-d_100g': 0, 'vitamin-e_100g': 0.00027822, 'vitamin-pp_100g': 0.0001246875, 'water_100g': 81.2649454, 'zinc_100g': 0.000160865225}",,,
Ekmek,"Aliments et boissons à base de végétaux, Aliments d'origine végétale, Céréales et pommes de terre, Pains, Pains de mie, Pains complets, Pains de mie complet","France,en:morocco",231.0,2.1,on,100g,c,Pain de mie complet,8.0,5.0,100g,1.05,0.12,3.8,,,,
belVita,"Snacks,Petit-déjeuners,Snacks sucrés,Biscuits et gâteaux,Biscuits sucrés & biscuits apéritifs,Biscuits,Biscuits secs,Biscuit aux céréales pour petit déjeuner enrichis en vitamines et minéraux","Belgique,France,Portugal,La Réunion,Suisse",386.0,12.0,on,100g,c,Melloeux Fruit Rouges,5.3,7.2,100g,0.34,1.1,22.0,,,,
Schär,"Plant-based foods and beverages, Plant-based foods, Cereals and potatoes, Specific products, Products for specific diets, Breads, Products without gluten, Gluten-free breads, Sliced breads, Gluten-free sliced breads","Belgium, France, Germany, Netherlands, Spain, Switzerland, en:united-kingdom",248.275862068966,1.0,on,100g,c,,0.01,8.8,,1.0,1.1,0.9,,,,
siggi's,"Produits laitiers,Produits fermentés,Produits laitiers fermentés,Desserts,Desserts lactés,Desserts lactés fermentés,Desserts lactés fermentés aux fruits,Fromages blancs - petit suisses et skyr,Skyrs,Skyrs aux fruits","France,Allemagne",87.8571428571429,1.9,on,100g,b,Skyr framboise,8.9,,,0.1,1.4,8.4,,,,
Excelo,"Snacks, Sweet snacks, Biscuits and cakes, Biscuits and crackers, Biscuits, Food, en:chocolate-biscuits",en:ma,504.0,22.0,on,100g,e,Capri choco,4.4,,100g,0.3,10.8,33.0,,,,
Bimo,"Snacks, Sweet snacks, Biscuits and cakes, Biscuits, Chocolate biscuits, en:filled-biscuits",Maroc,508.0,24.0,on,100g,e,,5.2,0.7,100g,0.45,12.0,20.0,,,,
Mousline,"Purées,Préparations à base de pommes de terre,Purées de pommes de terre en flocons",France,345.0,0.8,on,100g,unknown,Mousline Nature,7.5,7.0,,0.01,0.7,2.3,"{'alcohol_100g': 0, 'beta-carotene_100g': 2.52e-06, 'calcium_100g': 0.0068917, 'cholesterol_100g': 0, 'copper_100g': 8.39066666666667e-05, 'fructose_100g': 0.3, 'galactose_100g': 0, 'glucose_100g': 0.368833333333333, 'iodine_100g': 2.54166666666667e-06, 'iron_100g': 0.000633966666666667, 'lactose_100g': 0, 'magnesium_100g': 0.0185136666666667, 'maltose_100g': 0, 'manganese_100g': 0.00020526, 'pantothenic-acid_100g': 0.0005679, 'phosphorus_100g': 0.0388213333333333, 'phylloquinone_100g': 2.16833333333333e-06, 'polyols_100g': 0, 'potassium_100g': 0.373236666666667, 'selenium_100g': 4.97066666666667e-06, 'starch_100g': 15.7126666666667, 'sucrose_100g': 0.203966666666667, 'vitamin-a_100g': 0, 'vitamin-b12_100g': 0, 'vitamin-b1_100g': 7.85966666666667e-05, 'vitamin-b2_100g': 2.08e-05, 'vitamin-b6_100g': 0.000337333333333333, 'vitamin-b9_100g': 3.09223333333333e-05, 'vitamin-c_100g': 0.00289546666666667, 'vitamin-d_100g': 0, 'vitamin-e_100g': 3.94333333333333e-05, 'vitamin-pp_100g': 0.0017217, 'water_100g': 77.603, 'zinc_100g': 0.0001785}",,,
Carrefour Bio,"Plant-based foods and beverages,Plant-based foods,Cereals and potatoes,Breads,Rusks,Wholemeal rusks","France,French Polynesia,Spain,Kenya",378.0,5.0,on,100g,c,Biscottes Complètes bio,15.0,8.5,100g,1.3,0.5,4.0,"{'alcohol_100g': 0, 'beta-carotene_100g': 4.525625e-06, 'calcium_100g': 0.0256868, 'cholesterol_100g': 6.9125e-06, 'copper_100g': 0.00024724, 'fructose_100g': 0.086975, 'galactose_100g': 0, 'glucose_100g': 0.090925, 'iodine_100g': 2.16985e-05, 'iron_100g': 0.0019566625, 'lactose_100g': 0.086975, 'magnesium_100g': 0.0650682375, 'maltose_100g': 0.92745, 'manganese_100g': 0.001888936, 'pantothenic-acid_100g': 0.000509515, 'phosphorus_100g': 0.208790575, 'phylloquinone_100g': 3.841e-07, 'polyols_100g': 0, 'potassium_100g': 0.271968425, 'selenium_100g': 9.70575e-06, 'starch_100g': 50.478075, 'sucrose_100g': 2.473975, 'vitamin-a_100g': 2.07375e-07, 'vitamin-b12_100g': 6.715, 'vitamin-b1_100g': 0.0004501, 'vitamin-b2_100g': 2.438e-05, 'vitamin-b6_100g': 0.00011088, 'vitamin-b9_100g': 3.561075e-05, 'vitamin-c_100g': 0.0002174375, 'vitamin-d_100g': 1.248325e-07, 'vitamin-e_100g': 0.0058590855, 'vitamin-pp_100g': 0.000407875, 'water_100g': 10.643683, 'zinc_100g': 0.0017841345}",,,
Alesto Selection,"Plant-based foods and beverages, Plant-based foods, Nuts and their products, Nuts, en:pecan-nuts","Bulgaria, France, Germany, Hungary, Italy, Morocco, Netherlands, Poland, Portugal, Romania, Spain, United Kingdom, en:belgium",726.666666666667,71.4,on,100g,a,Pecan Nuts,11.2,10.0,,0.01,6.8,4.1,"{'alcohol_100g': 0, 'calcium_100g': 0.0698, 'cholesterol_100g': 0, 'fructose_100g': 0.04, 'galactose_100g': 0, 'glucose_100g': 0.04, 'iodine_100g': 2e-06, 'iron_100g': 0.00257, 'lactose_100g': 0, 'maltose_100g': 0.025, 'pantothenic-acid_100g': 0.00082, 'phylloquinone_100g': 3.5e-06, 'polyols_100g': 0, 'sucrose_100g': 3.56, 'vitamin-b12_100g': 0, 'vitamin-b2_100g': 0.00012, 'vitamin-b6_100g': 0.0002, 'vitamin-c_100g': 0.00097, 'vitamin-d_100g': 0, 'vitamin-pp_100g': 0.00117, 'water_100g': 2.57}",,,
,Boisson à l'eau minérale aromatisée non sucrée sans édulcorant,en:Morocco,,,,,unknown,,,,,,,,,,,
Blini,"Plant-based foods and beverages,Plant-based foods,Condiments,Spreads,Plant-based spreads,Salted spreads,Sauces,Dips,Hummus,Classic hummus,Groceries","France,Switzerland",271.0,22.2,on,100g,b,Houmous sésame,5.8,7.4,100g,1.19,1.9,0.7,"{'beta-carotene_100g': 6.07357142857143e-06, 'fructose_100g': 0.0178118571428572, 'galactose_100g': 0, 'glucose_100g': 0.016995, 'iodine_100g': 1.36225e-05, 'lactose_100g': 0.00778285714285714, 'maltose_100g': 0.00802971428571429, 'pantothenic-acid_100g': 0.0001540725, 'phylloquinone_100g': 1.36172857142857e-05, 'polyols_100g': 0.125, 'sucrose_100g': 0.245403571428571, 'vitamin-b12_100g': 0, 'vitamin-b1_100g': 6.28832142857143e-05, 'vitamin-b2_100g': 2.26060714285714e-05, 'vitamin-b6_100g': 0.000192906785714286, 'vitamin-b9_100g': 2.41878571428571e-05, 'vitamin-pp_100g': 0.000343557142857143, 'water_100g': 59.92056625}",,,
"Jardin Bio,Jardin biologique,Léa Nature","Aliments et boissons à base de végétaux,Aliments d'origine végétale,Aliments à base de fruits et de légumes,Conserves,Plats préparés,Légumes et dérivés,Aliments à base de plantes en conserve,Légumes en conserve,Légumes préparés,Plats préparés en conserve,Ratatouilles",France,64.0,3.5,on,100g,a,Ratatouille à la provençale,1.2,1.7,100g,0.47,0.5,5.2,,,,
"Maille,Unilever","Condiments,Sauces,Salad dressings,Vinaigrettes,fr:Vinaigrettes allégées en matières grasses,Groceries,fr:Vinaigrettes au sésame","France,Germany",373.0,37.0,on,100g,d,Vinaigrette Légère Huile de Sésame & Sauce Soja Graines de Sésame Torréfiées 36 cl,1.9,0.7,100ml,1.8,3.3,5.5,,,,
Jaouda,"Creme-cuisson, fr:creme cuisson, en:creams",en:ma,190.0,18.0,on,100g,d,crème cuisson,2.5,,100g,0.0,12.7,0.0,,,,
,en:soybean-oils,"Morocco, en:united-states",900.0,100.0,on,100g,c,Oleor,0.0,,100ml,0.0,14.6,0.0,,,,
"HERTA, Trésor de Grand Mère","Aliments et boissons à base de végétaux, Aliments d'origine végétale, Céréales et pommes de terre, Céréales et dérivés, Pâtes à tarte, Pâtes feuilletées, Pâte feuilletée pur beurre, Aides culinaires, en:Baking Mixes, en:Frozen baking mixes, en:Refrigerated baking mixes",en:France,388.8,20.0,on,100g,d,HERTA Trésor de Grand Mère pâte feuilletée pur beurre 280g,7.2,1.0,100g,1.0,14.0,1.6,"{'alcohol_100g': 4.715, 'beta-carotene_100g': 4.071e-05, 'calcium_100g': 0.0190605, 'cholesterol_100g': 0.051214, 'copper_100g': 0.000133835, 'fructose_100g': 0.04825, 'galactose_100g': 0, 'glucose_100g': 0.05585, 'iodine_100g': 1.4705e-05, 'iron_100g': 0.0010559, 'lactose_100g': 0.04412, 'magnesium_100g': 0.03555275, 'maltose_100g': 0.5041, 'manganese_100g': 0.000916546, 'pantothenic-acid_100g': 0.0004, 'phosphorus_100g': 0.132685, 'phylloquinone_100g': 1.896e-06, 'polyols_100g': 0, 'potassium_100g': 0.1808139, 'selenium_100g': 6.14775e-06, 'starch_100g': 23.868, 'sucrose_100g': 0.23165, 'vitamin-a_100g': 0.00016522, 'vitamin-b12_100g': 1.56e-08, 'vitamin-b1_100g': 0.000568405, 'vitamin-b2_100g': 4.3045e-05, 'vitamin-b6_100g': 7.9615e-05, 'vitamin-b9_100g': 3.821e-05, 'vitamin-c_100g': 0.000234, 'vitamin-d_100g': 4.172e-07, 'vitamin-e_100g': 0.00088067, 'vitamin-pp_100g': 0.0007616, 'water_100g': 35.922635, 'zinc_100g': 0.00110204}",,,
Petit Navire,"Produits de la mer,Poissons et dérivés,Conserves,Poissons,Poissons gras,Poissons en conserve,Filets de poissons,Maquereaux,Filets de maquereaux,Filets de maquereaux à la moutarde,Maquereaux en conserve","France,Suisse",211.0,17.0,on,100g,c,Filets de maquereaux moutarde a l'ancienne,13.0,,100g,0.9,3.4,0.4,"{'alcohol_100g': 0.0134, 'beta-carotene_100g': 5.8548125e-06, 'calcium_100g': 0.0144872475, 'chloride_100g': 0.04592, 'cholesterol_100g': 0.027832, 'copper_100g': 7.034925e-05, 'fiber_100g': 0.066125, 'fructose_100g': 0.07369, 'galactose_100g': 0, 'glucose_100g': 0.1002325, 'iodine_100g': 9.45015e-06, 'iron_100g': 0.00051042, 'lactose_100g': 0.0090625, 'magnesium_100g': 0.0223783425, 'maltose_100g': 0.009625, 'manganese_100g': 0.00011556334, 'pantothenic-acid_100g': 2.149375e-05, 'phosphorus_100g': 0.12283315, 'phylloquinone_100g': 1.7965e-07, 'polyols_100g': 0.00028125, 'potassium_100g': 0.21137606, 'selenium_100g': 1.3709e-06, 'starch_100g': 1.0744025, 'sucrose_100g': 0.019485, 'vitamin-a_100g': 0, 'vitamin-b12_100g': 0, 'vitamin-b1_100g': 1.23605e-05, 'vitamin-b2_100g': 5.453625e-06, 'vitamin-b6_100g': 0.0003049765, 'vitamin-b9_100g': 8.60475e-07, 'vitamin-c_100g': 0.0001881, 'vitamin-d_100g': 7.28e-09, 'vitamin-e_100g': 0.003853965, 'vitamin-pp_100g': 6.4335e-05, 'water_100g': 69.889989, 'zinc_100g': 0.000418643}",,,
Fleury Michon,"Viandes et dérivés, Viandes, Charcuteries, en:Specific products, Jambons, en:Products for specific diets, Jambons blancs, Produits à teneur réduite en sel, Charcuteries à teneur réduite en sel, Jambons blancs à teneur réduite en sel","France, en:reunion",115.0,2.8,on,100g,c,Le Torchon - Cuit à l'Etouffée  - 25% de sel*,22.0,,100g,1.2,1.0,0.5,"{'alcohol_100g': 0, 'beta-carotene_100g': 0, 'calcium_100g': 0.00971714, 'cholesterol_100g': 0.074256, 'copper_100g': 6.5669e-05, 'fiber_100g': 0, 'fructose_100g': 0, 'galactose_100g': 0, 'glucose_100g': 0, 'iodine_100g': 1.656916e-05, 'iron_100g': 0.000830442, 'lactose_100g': 0, 'magnesium_100g': 0.0271608, 'maltose_100g': 0, 'manganese_100g': 1.31338e-05, 'pantothenic-acid_100g': 0.00063784, 'phosphorus_100g': 0.213296, 'phylloquinone_100g': 1.2376e-07, 'polyols_100g': 0, 'potassium_100g': 0.3600384, 'selenium_100g': 1.50746e-05, 'starch_100g': 0, 'sucrose_100g': 0.5988, 'vitamin-a_100g': 4.35064e-06, 'vitamin-b12_100g': 5.6168e-07, 'vitamin-b1_100g': 0.00077112, 'vitamin-b2_100g': 0.000152434, 'vitamin-b6_100g': 0.00034272, 'vitamin-b9_100g': 6.8068e-06, 'vitamin-c_100g': 0.00025704, 'vitamin-d_100g': 4.8552e-07, 'vitamin-e_100g': 0.00011424, 'vitamin-pp_100g': 0.00636888, 'water_100g': 56.454782, 'zinc_100g': 0.002266408}",,,
Lu,"Snacks, Snacks sucrés, Barres, Barres de céréales, Barres de céréales au chocolat","France,Guadeloupe",445.0,19.0,on,100g,e,"LU - Grany Chocolate 5 Cereals Bar x6, 125g (4.5oz)",5.4,4.4,100g,0.68,7.6,24.0,,,,
Éthiquable,"Snacks,Snacks sucrés,Cacao et dérivés,Chocolats,Chocolats noirs,Chocolats noirs extra fin",France,580.0,42.0,on,100g,e,Haïti Grand cru Cap haïtien 72% cacaoté et fruité,9.5,9.7,100g,0.0,25.0,27.0,"{'alcohol_100g': 0, 'beta-carotene_100g': 2.125e-07, 'calcium_100g': 0.0125273, 'cholesterol_100g': 0, 'copper_100g': 0.000332435, 'fructose_100g': 0.0085, 'galactose_100g': 0, 'glucose_100g': 0.0085, 'iodine_100g': 9.01e-07, 'iron_100g': 0.00413559, 'lactose_100g': 0.0085, 'magnesium_100g': 0.0427805, 'maltose_100g': 0.0085, 'manganese_100g': 0.000349571, 'pantothenic-acid_100g': 6.97e-05, 'phosphorus_100g': 0.05865, 'phylloquinone_100g': 3.315e-07, 'polyols_100g': 0.02125, 'potassium_100g': 0.333795, 'selenium_100g': 1.7e-06, 'starch_100g': 0.7225, 'sucrose_100g': 17.0425, 'vitamin-a_100g': 0, 'vitamin-b12_100g': 0, 'vitamin-b1_100g': 6.46e-06, 'vitamin-b2_100g': 1.343e-05, 'vitamin-b6_100g': 4.25e-07, 'vitamin-b9_100g': 9.095e-06, 'vitamin-c_100g': 2.125e-05, 'vitamin-d_100g': 2.3205e-07, 'vitamin-e_100g': 0.00139285, 'vitamin-pp_100g': 9.775e-05, 'water_100g': 0.3264, 'zinc_100g': 0.0005474}",,,
Danon,Boissons végétales,"France,Morocco",65.0,1.07,on,100g,e,asiri fraise,0.7,,100g,0.0,0.89,8.0,,,,
Terra Delyssa,"Plant-based foods and beverages, Plant-based foods, Fats, Vegetable fats, Olive tree products, Vegetable oils, Olive oils, Extra-virgin olive oils, Olive oils from Tunisia, Virgin olive oils","France,Switzerland, World",800.0,86.6666666666667,on,100g,b,Organic Extra Virgin Olive Oil,0.0,0.0,100ml,0.0,16.6666666666667,0.0,"{'alcohol_100g': 0.0, 'beta-carotene_100g': 0.00021, 'copper_100g': 5e-06, 'fructose_100g': 0.0, 'galactose_100g': 0.0, 'glucose_100g': 0.0, 'iodine_100g': 1e-05, 'lactose_100g': 0.0, 'magnesium_100g': 2.5e-05, 'maltose_100g': 0.0, 'manganese_100g': 5e-06, 'pantothenic-acid_100g': 0.0, 'phosphorus_100g': 0.00015, 'phylloquinone_100g': 5.81e-05, 'polyols_100g': 0.0, 'selenium_100g': 1e-05, 'starch_100g': 0.0, 'sucrose_100g': 0.0, 'vitamin-a_100g': 0.0, 'vitamin-b12_100g': 0.0, 'vitamin-b1_100g': 0.0, 'vitamin-b2_100g': 0.0, 'vitamin-b6_100g': 0.0, 'vitamin-b9_100g': 0.0, 'vitamin-c_100g': 0.0, 'vitamin-e_100g': 0.0223, 'vitamin-pp_100g': 0.0, 'water_100g': 0.1, 'zinc_100g': 2.5e-05}",,,
Nestle,"Plant-based foods and beverages, Plant-based foods, Cereals and potatoes, Seeds, Cereals and their products, Cereal grains, Wheats, Cerelac, en:cereals-for-babies",en:Morocco,,10.0,on,100g,not-applicable,Cerelac,15.0,2.5,100g,0.51,0.0,0.0,,,,
Leerdammer,"Produits laitiers,Produits fermentés,Produits laitiers fermentés,Fromages,Fromages de vache,Fromages en tranches,Fromage à pâte presse cuite",France,352.0,27.5,on,100g,d,Leerdammer original 8 tranches 200g,26.0,,100g,1.5,18.5,0.1,"{'alcohol_100g': 0, 'beta-carotene_100g': 6.8425e-06, 'cholesterol_100g': 0.00244375, 'copper_100g': 1.2855e-05, 'fiber_100g': 0, 'fructose_100g': 0, 'galactose_100g': 0, 'glucose_100g': 0, 'iodine_100g': 3.770325e-05, 'iron_100g': 3.15e-05, 'lactose_100g': 4.819075, 'magnesium_100g': 0.011362625, 'maltose_100g': 0, 'manganese_100g': 6.27625e-06, 'pantothenic-acid_100g': 0.0003519, 'phosphorus_100g': 0.0968325, 'phylloquinone_100g': 0, 'polyols_100g': 0, 'potassium_100g': 0.15359425, 'selenium_100g': 1.6264e-06, 'starch_100g': 0, 'sucrose_100g': 0, 'vitamin-a_100g': 1.73995e-06, 'vitamin-b12_100g': 4.78975e-07, 'vitamin-b1_100g': 4.20325e-05, 'vitamin-b2_100g': 0.00017595, 'vitamin-b6_100g': 4.301e-05, 'vitamin-b9_100g': 4.78975e-06, 'vitamin-c_100g': 0.00127075, 'vitamin-d_100g': 7.33125e-08, 'vitamin-e_100g': 8.7975e-06, 'vitamin-pp_100g': 8.993e-05, 'water_100g': 88.7572025, 'zinc_100g': 0.00041121}",,,
Kinder,"Snacks, Snacks sucrés, Cacao et dérivés, Confiseries, Confiseries chocolatées, Barres, Barres de céréales, Barres chocolatées, Barres chocolatées au lait et aux céréales","Austria, France, Germany, Italy, Switzerland, en:morocco",561.0,33.8,on,100g,e,Kinder Country,8.6,2.0,100g,0.275,21.9,49.1,"{'alcohol_100g': 0, 'beta-carotene_100g': 1.85618671875e-05, 'calcium_100g': 0.300606383984375, 'cholesterol_100g': 0.0195035, 'fructose_100g': 0.01877796875, 'galactose_100g': 0.01711, 'glucose_100g': 0.01877796875, 'iodine_100g': 1.3323109375e-05, 'lactose_100g': 13.17766796875, 'maltose_100g': 0.0254975, 'pantothenic-acid_100g': 0.0010559125, 'phylloquinone_100g': 2.925184375e-06, 'polyols_100g': 0, 'potassium_100g': 0.479641716875, 'sucrose_100g': 47.359888125, 'vitamin-b12_100g': 9.0488125e-07, 'vitamin-b1_100g': 0.00010308171875, 'vitamin-b2_100g': 0.0003636438671875, 'vitamin-b6_100g': 0.0001, 'vitamin-b9_100g': 1.283821484375e-05, 'vitamin-d_100g': 5.75294296875e-07, 'vitamin-pp_100g': 0.000224571796875, 'water_100g': 0.919026953125}",,,
Bjorg,"Snacks,Sweet snacks,Biscuits and cakes,Biscuits and crackers,Biscuits,Filled biscuits,Biscuit filled with fruit paste","France,Morocco,Switzerland",432.0,15.0,on,100g,e,Biscuits fourrés aux framboises,5.5,3.3,100g,0.48,3.0,38.0,,,,
"Belvita,LU,Mondelez","Snacks,Petit-déjeuners,Snacks sucrés,Biscuits et gâteaux,Biscuits,Biscuits au chocolat,Biscuits secs,Biscuit sec pour petit déjeuner,Biscuit sec pour petit déjeuner au chocolat","Belgique,France,La Réunion,Suisse",439.0,14.0,on,100g,d,"Belvita,LU,Mondelez - Petit Déjeuner Chocolat",7.9,6.8,100g,0.62,3.6,27.0,,,,
,,"Morocco, en:france",0.0,100.0,on,100g,unknown,Lio produit,1.0,,100g,0.0,14.0,0.0,,,,
Hacendado,"Lácteos,Comidas fermentadas,Productos fermentados de la leche,Quesos,Queso fresco,Cottage","Spain, en:portugal",46.5,4.0,on,100g,b,Queso fresco cottage,13.0,0.0,,0.82,2.6,1.6,,,,
Bachman,"Alimentos y bebidas de origen vegetal,Alimentos de origen vegetal,Cereales y patatas,Cereales y derivados,Panes,en:Crispbreads,Pan de trigo de espelta","Portugal, Spain, en:andorra",440.0,14.0,on,100g,c,Trigo Espelta Crackers,15.0,14.0,,1.0,1.4,3.8,,,,
Lactel,"Produits laitiers,Laits (fluide et poudre),Laits,Laits homogénéisés,Produits pasteurisés,Laits demi-écrémés,Laits UHT,en:UHT milk fortified with vitamins,Laits de vache,Laits sans lactose,Laits demi-écrémés UHT enrichis en vitamines","France, Switzerland, en:morocco",43.0,1.2,on,100g,b,Lait 100 % français Matin Léger® Demi-Écrémé,3.3,,100ml,0.1075,0.8,4.8,,,,
"Old El Paso,General Mills","Botanas,Snacks salados,Aperitivos,en:Chips and fries,Chips fritos,Patatas fritas de maíz","Austria,Bélgica,Dinamarca,Finlandia,Francia,Alemania,Grecia,Islandia,Irlanda,Italia,Países Bajos,Noruega,Polonia,España,Suecia,Suiza,Reino Unido",490.0,23.7,on,100g,c,Tortilla Nachips Original,7.67,6.0,100g,0.49,2.33,0.67,"{'alcohol_100g': 0, 'beta-carotene_100g': 5.1746375e-06, 'calcium_100g': 0.031593415, 'cholesterol_100g': 0, 'copper_100g': 0.000169074875, 'fructose_100g': 0.04261035, 'galactose_100g': 0, 'glucose_100g': 0.14951, 'iodine_100g': 0.00023604075, 'iron_100g': 0.002431920875, 'lactose_100g': 0, 'magnesium_100g': 0.075155764375, 'maltose_100g': 0.9045355, 'manganese_100g': 0.000613818125, 'pantothenic-acid_100g': 0.00044853, 'phosphorus_100g': 0.19539173375, 'phylloquinone_100g': 1.39608e-06, 'polyols_100g': 0, 'potassium_100g': 0.24136813625, 'selenium_100g': 1.08940025e-05, 'starch_100g': 47.917955, 'sucrose_100g': 0.104657, 'vitamin-a_100g': 0, 'vitamin-b12_100g': 0, 'vitamin-b1_100g': 0.00029902, 'vitamin-b2_100g': 0.000104657, 'vitamin-b6_100g': 0.000373775, 'vitamin-b9_100g': 8.596825e-05, 'vitamin-c_100g': 0, 'vitamin-d_100g': 1.640925e-08, 'vitamin-e_100g': 0.0085035275, 'vitamin-pp_100g': 0.001569855, 'water_100g': 10.17198145, 'zinc_100g': 0.001434608425}",,,
President,"Produits laitiers,Crèmes,Crèmes UHT,Crèmes sous pression,Crèmes sous pression UHT,Crèmes fouettées","Brazil, France, Hong Kong, Switzerland, en:united-kingdom",305.0,28.0,on,100g,e,La crème des chefs ferme et onctueuse gastronomique,2.2,,100g,0.07,20.0,11.0,,,,
LU,"Plant-based foods and beverages,Plant-based foods,Snacks,Cereals and potatoes,Extruded crispbreads",France,368.0,3.5,on,100g,c,Cracotte fibres,11.0,11.0,100g,1.4,1.1,6.3,"{'alcohol_100g': 0, 'beta-carotene_100g': 4.93766666666667e-06, 'calcium_100g': 0.02826681875, 'cholesterol_100g': 0, 'copper_100g': 0.000304334791666667, 'fructose_100g': 0.11281375, 'galactose_100g': 0, 'glucose_100g': 0.113210416666667, 'iodine_100g': 1.27500333333332e-05, 'iron_100g': 0.002654866875, 'lactose_100g': 0.0933770833333333, 'magnesium_100g': 0.0901656614583333, 'maltose_100g': 0.969988333333333, 'manganese_100g': 0.00260837523958333, 'pantothenic-acid_100g': 0.000540587291666667, 'phosphorus_100g': 0.247681666666667, 'phylloquinone_100g': 2.09204895833333e-06, 'polyols_100g': 0, 'potassium_100g': 0.312914302083333, 'selenium_100g': 9.70572291666667e-06, 'starch_100g': 56.1281541666667, 'sucrose_100g': 2.01009291666666, 'vitamin-a_100g': 0, 'vitamin-b12_100g': 0, 'vitamin-b1_100g': 0.000272820833333333, 'vitamin-b2_100g': 2.38204166666667e-05, 'vitamin-b6_100g': 0.000157143125, 'vitamin-b9_100g': 2.85689625e-05, 'vitamin-c_100g': 0.000233442708333333, 'vitamin-d_100g': 1.21390208333333e-07, 'vitamin-e_100g': 0.000872138333333332, 'vitamin-pp_100g': 0.000906375, 'water_100g': 11.9315207291667, 'zinc_100g': 0.00209313416666667}",,,
Primadonna,"Plant-based foods and beverages,Plant-based foods,Fats,Vegetable fats,Olive tree products,Vegetable oils,Olive oils,Extra-virgin olive oils,Virgin olive oils","Belgium,Bulgaria,France,Netherlands,Romania,Switzerland",828.0,92.0,on,100g,b,Huile d'olive vierge extra,0.0,0.0,100ml,0.0,14.0,0.0,"{'beta-carotene_100g': 0.00021, 'calcium_100g': 0.0001, 'cholesterol_100g': 0.0, 'copper_100g': 5e-06, 'fructose_100g': 0.0, 'galactose_100g': 0.0, 'glucose_100g': 0.0, 'iodine_100g': 1e-05, 'iron_100g': 2.5e-05, 'lactose_100g': 0.0, 'magnesium_100g': 2.5e-05, 'maltose_100g': 0.0, 'manganese_100g': 5e-06, 'pantothenic-acid_100g': 0.0, 'phosphorus_100g': 0.00015, 'phylloquinone_100g': 5.81e-05, 'polyols_100g': 0.0, 'potassium_100g': 0.00015, 'selenium_100g': 1e-05, 'starch_100g': 0.0, 'sucrose_100g': 0.0, 'vitamin-a_100g': 0.0, 'vitamin-b12_100g': 0.0, 'vitamin-b1_100g': 0.0, 'vitamin-b2_100g': 0.0, 'vitamin-b6_100g': 0.0, 'vitamin-b9_100g': 0.0, 'vitamin-c_100g': 0.0, 'vitamin-d_100g': 1.3e-07, 'vitamin-e_100g': 0.0223, 'vitamin-pp_100g': 0.0, 'water_100g': 0.1, 'zinc_100g': 2.5e-05}",,,
Mutti,"Plant-based foods and beverages, Plant-based foods, Fruits and vegetables based foods, Condiments, Vegetables based foods, Cooking helpers, Sauces, Tomatoes and their products, Meal sauces, Pasta sauces, Tomato sauces, Tomato sauces with basil","Belgium, France, Germany, Netherlands, en:united-kingdom",56.0,2.8,on,100g,a,Pasta Sauce with Rossoro Tomatoes,1.6,1.8,,0.81,0.5,4.5,"{'beta-carotene_100g': 0.0004540755, 'fructose_100g': 1.3656875, 'galactose_100g': 0.00405, 'glucose_100g': 1.1198075, 'iodine_100g': 2.50365, 'lactose_100g': 0.008475, 'maltose_100g': 0.020715, 'phylloquinone_100g': 1.52353975e-05, 'polyols_100g': 0.02037075, 'starch_100g': 0.0273225, 'sucrose_100g': 0.069635, 'vitamin-pp_100g': 0.0006735125, 'water_100g': 89.4537344375}",,,
Léonce Blanc,"Aliments et boissons à base de végétaux,Aliments d'origine végétale,Aliments à base de fruits et de légumes,Petit-déjeuners,Produits à tartiner,Fruits et produits dérivés,Pâtes à tartiner végétales,Produits à tartiner sucrés,Confitures et marmelades,Confitures,Confitures de fruits rouges,Confitures de fraises",France,168.0,0.4,on,100g,d,Confiture de fraises allégée en sucres,0.6,1.4,,0.025,0.1,38.0,,,,
"jaouda, Jaouda","Dairies, Fermented foods, Fermented milk products, Desserts, Dairy desserts, Fermented dairy desserts, Yogurts, en:milks",en:Morocco,52.8,2.4,on,100g,b,Leben,3.1,,100g,0.0,1.7,0.0,,,,
"Hormel Foods Corporation, Skippy","Aliments et boissons à base de végétaux, Aliments d'origine végétale, Légumineuses et dérivés, Petit-déjeuners, Produits à tartiner, Fruits à coques et dérivés, Pâtes à tartiner végétales, Produits à tartiner sucrés, Purées d'oléagineux, Beurres de légumineuses, Pâtes à tartiner, Beurres de fruits à coques, Beurres de cacahuètes","Österreich,Frankreich,Französisch-Polynesien,Deutschland,Niederlande,Schweiz",603.0,43.9,on,100g,c,Beurre de Cacahuètes Extra-Crunchy,27.5,7.9,100g,0.82,9.3,10.3,,,,
Kellogg's,"Aliments et boissons à base de végétaux, Aliments d'origine végétale, Petit-déjeuners, Céréales et pommes de terre, Céréales et dérivés, Céréales pour petit-déjeuner, Céréales au chocolat, Pépites de céréales croustillantes, Pépites de céréales au chocolat, en:Aliments d'origine végétale, en:Aliments et boissons à base de végétaux, en:Céréales au chocolat, en:Céréales et dérivés, en:Céréales et pommes de terre, en:Céréales pour petit-déjeuner, en:Petit-déjeuners, en:Pépites de céréales au chocolat, en:Pépites de céréales croustillantes","Belgium,France,Italy,Luxembourg,Réunion,Spain,Switzerland",497.0,25.0,on,100g,e,Céréales Extra Pépites Chocolat Noisettes,8.0,5.8,100g,0.68,12.0,21.0,"{'alcohol_100g': 0, 'beta-carotene_100g': 2.8065e-06, 'calcium_100g': 0.03548775, 'chloride_100g': 0.0336, 'cholesterol_100g': 0.0001595, 'copper_100g': 0.0004514625, 'fructose_100g': 0.017, 'galactose_100g': 0.0015, 'glucose_100g': 0.02, 'iodine_100g': 2.6975e-06, 'iron_100g': 0.002831825, 'lactose_100g': 0.0401, 'magnesium_100g': 0.10413375, 'maltose_100g': 0.0593, 'manganese_100g': 0.00264333375, 'pantothenic-acid_100g': 7.04e-05, 'phosphorus_100g': 0.29002, 'phylloquinone_100g': 1.468e-06, 'polyols_100g': 0, 'potassium_100g': 0.2876825, 'selenium_100g': 3.8875e-06, 'starch_100g': 28.4252, 'sucrose_100g': 21.7392, 'vitamin-a_100g': 1.155e-06, 'vitamin-b12_100g': 0, 'vitamin-b1_100g': 3.345e-05, 'vitamin-b2_100g': 1.202e-05, 'vitamin-b6_100g': 8.11e-05, 'vitamin-b9_100g': 4.5875e-06, 'vitamin-c_100g': 3.15e-05, 'vitamin-d_100g': 2.21e-08, 'vitamin-e_100g': 0.00366495, 'water_100g': 4.71985, 'zinc_100g': 0.0022491}",,,
Lesieur,"Aliments et boissons à base de végétaux, Aliments d'origine végétale, Matières grasses, Matières grasses végétales, Huiles","Madagascar,Morocco",900.0,100.0,on,100g,c,Huile Lesieur 3 Graines,0.0,5.0,100ml,0.0,15.0,0.0,,,,
Nescafé,en:instant-coffees,"Algeria, en:morocco",10.0,1.0,on,100g,unknown,Nescafe classic,0.5,0.5,100g,0.05,10.0,0.5,"{'calcium_100g': 0.12, 'copper_100g': 0.00155, 'iron_100g': 0.0041, 'magnesium_100g': 0.24, 'manganese_100g': 0.00213, 'phosphorus_100g': 0.16, 'polyols_100g': 0, 'potassium_100g': 2.02, 'vitamin-b6_100g': 1e-06, 'vitamin-c_100g': 0, 'water_100g': 5.5, 'zinc_100g': 0.00079}",,,
,"Boissons et préparations de boissons,Boissons,Eaux,Eaux de sources,Eaux minérales,Eaux minérales naturelles",Maroc,0.0,,on,100g,a,Sidi Ali Kids,,,100ml,0.0065,,,,,,
McEnnedy,"Aliments et boissons à base de végétaux,Aliments d'origine végétale,Légumineuses et dérivés,Produits à tartiner,Pâtes à tartiner végétales,Purées d'oléagineux,Beurres de légumineuses,Beurres de cacahuètes,Beurres de cacahuetes croustillants,en:cacahuetes-sucrees","Cyprus, France, Germany, Greece, Hungary, Italy, en:spain",648.0,51.1,on,100g,c,Beurre de cacahuètes crunchy,30.2,3.8,,0.905,11.9,6.0,,,,
"U,U Bio","Aliments et boissons à base de végétaux,Aliments d'origine végétale,Petit-déjeuners,Céréales et pommes de terre,Céréales et dérivés,Céréales pour petit-déjeuner,Céréales au chocolat,Mueslis,Mueslis au chocolat",France,395.0,11.0,on,100g,c,Céréales Muesli croustillant au chocolat noir 500G,9.0,8.1,100g,0.15,2.6,19.0,"{'alcohol_100g': 0, 'beta-carotene_100g': 9.4e-07, 'calcium_100g': 0.03252673, 'cholesterol_100g': 0.0003035, 'copper_100g': 0.0002467985, 'fructose_100g': 0.0246, 'galactose_100g': 0, 'glucose_100g': 0.0246, 'iodine_100g': 3.2111e-06, 'iron_100g': 0.002463504, 'lactose_100g': 0.0246, 'magnesium_100g': 0.071927475, 'maltose_100g': 0.1468, 'manganese_100g': 0.0018617481, 'pantothenic-acid_100g': 0.00051387, 'phosphorus_100g': 0.18407855, 'phylloquinone_100g': 1.14086e-06, 'polyols_100g': 0.01475, 'potassium_100g': 0.23180805, 'selenium_100g': 4.569e-06, 'starch_100g': 27.9275, 'sucrose_100g': 14.9714, 'vitamin-a_100g': 5.25e-07, 'vitamin-b12_100g': 1.75e-08, 'vitamin-b1_100g': 0.000180194, 'vitamin-b2_100g': 4.9318e-05, 'vitamin-b6_100g': 5.5605e-05, 'vitamin-b9_100g': 1.94227e-05, 'vitamin-c_100g': 6.15e-05, 'vitamin-d_100g': 1.6429e-07, 'vitamin-e_100g': 0.00361061, 'vitamin-pp_100g': 0.000313, 'water_100g': 5.190445, 'zinc_100g': 0.001470965}",,,
Hacendado,Pechuga de pavo,en:spain,89.0,1.2,on,100g,c,Pechuga de Pavo Cocida 92%,19.6,,,1.875,0.4,0.8,"{'alcohol_100g': 0, 'beta-carotene_100g': 0, 'calcium_100g': 0.0100131375, 'cholesterol_100g': 0.06026, 'copper_100g': 6.2453125e-05, 'fiber_100g': 0, 'fructose_100g': 0, 'galactose_100g': 0, 'glucose_100g': 0, 'iodine_100g': 2.625e-09, 'iron_100g': 0.00075642375, 'lactose_100g': 0, 'magnesium_100g': 0.0221389875, 'maltose_100g': 0, 'manganese_100g': 1.1132025e-05, 'pantothenic-acid_100g': 0, 'phosphorus_100g': 0.1564, 'phylloquinone_100g': 0, 'polyols_100g': 0, 'potassium_100g': 0.214510975, 'selenium_100g': 6.625e-08, 'sucrose_100g': 0.93765, 'vitamin-a_100g': 0, 'vitamin-b12_100g': 0, 'vitamin-b1_100g': 0, 'vitamin-b2_100g': 1.6625e-07, 'vitamin-b6_100g': 0.0005152, 'vitamin-b9_100g': 0, 'vitamin-c_100g': 0, 'vitamin-d_100g': 0, 'vitamin-e_100g': 0.000138, 'vitamin-pp_100g': 0, 'water_100g': 73.8694875, 'zinc_100g': 0.00204307}",,,
Barilla,"Alimentos y bebidas de origen vegetal,Alimentos de origen vegetal,Cereales y patatas,Cereales y derivados,Pastas alimenticias,en:Cereal pastas,Pasta seca,Pasta de trigo duro,Espaguetis,Pastas de trigo duro integrales,en:Dry durum wheat pasta,Espaguetis de trigo duro,en:whole-durm-wheat-spaghetti,de:Vollkorn Hartweizen","Austria,Bélgica,Brasil,Bulgaria,Francia,Alemania,España,Suiza,Reino Unido",347.0,2.5,on,100g,a,Pâtes spaghetti au blé complet integral 500g,13.0,8.0,100g,0.01,0.5,3.5,"{'alcohol_100g': 0, 'calcium_100g': 0.0169, 'cholesterol_100g': 0, 'copper_100g': 0.0003, 'manganese_100g': 0.00231, 'polyols_100g': 0, 'potassium_100g': 0.152, 'vitamin-b6_100g': 9.4e-05, 'vitamin-c_100g': 0, 'vitamin-e_100g': 0.0001, 'water_100g': 12.1}",,,
Marine,"Seafood, Fishes and their products, Canned foods, Fishes, Fatty fishes, Canned fishes, Sardines, Canned sardines, Sardines in oil, Sardines in sunflower oil, en:sardine-fillets","France,Morocco",249.0,16.1,on,100g,c,filets de sardines sans peau sans arêtes à l'huile végétale,19.8,3.0,100g,1.1,2.11,0.2,,,,
Beiersdorf,ar:مستحقات التجميل,Morocco,,,,,unknown,,,,,,,,,,,
Harrys,"Aliments et boissons à base de végétaux,Aliments d'origine végétale,Céréales et pommes de terre,Pains,Pains de mie,Pains de mie sans croûte","Belgique,France,Suisse",266.0,4.2,on,100g,c,100% mie,7.0,4.0,100g,1.1,0.4,7.7,"{'alcohol_100g': 0.0011, 'beta-carotene_100g': 3.19125e-06, 'calcium_100g': 0.02, 'cholesterol_100g': 1.925e-06, 'copper_100g': 0.0001856897, 'fructose_100g': 0.064375, 'galactose_100g': 0, 'glucose_100g': 0.065475, 'iodine_100g': 1.66653e-05, 'iron_100g': 0.001435765, 'lactose_100g': 0.064375, 'magnesium_100g': 0.04762812, 'maltose_100g': 0.673295, 'manganese_100g': 0.001404960115, 'pantothenic-acid_100g': 0.00033331, 'phosphorus_100g': 0.1460085, 'phylloquinone_100g': 3.00145e-06, 'polyols_100g': 0, 'potassium_100g': 0.18840567, 'selenium_100g': 6.92555e-06, 'starch_100g': 37.7055, 'sucrose_100g': 4.199005, 'vitamin-a_100g': 5.775e-08, 'vitamin-b12_100g': 1.87e-09, 'vitamin-b1_100g': 0.00022903, 'vitamin-b2_100g': 9.409e-06, 'vitamin-b6_100g': 7.47505e-05, 'vitamin-b9_100g': 2.016585e-05, 'vitamin-c_100g': 0.000163, 'vitamin-d_100g': 8.333e-08, 'vitamin-e_100g': 0.001569034, 'vitamin-pp_100g': 0.000133525, 'water_100g': 33.8753435, 'zinc_100g': 0.001258787}",,,
PRÉSIDENT,"Produits laitiers, Produits fermentés, Produits laitiers fermentés, Fromages, Fromages de vache, en:cooked-pressed-cheeses, Emmentals, Fromages de France, Emmentals français",France,370.0,29.0,on,100g,c,President emmental coeur de meule 250g,27.0,0.0,100g,0.6,21.0,0.5,"{'alcohol_100g': 0, 'beta-carotene_100g': 6.958e-06, 'cholesterol_100g': 0.002485, 'copper_100g': 1.2378e-05, 'fructose_100g': 0, 'galactose_100g': 0, 'glucose_100g': 0, 'iodine_100g': 2.97342, 'iron_100g': 3.069e-05, 'lactose_100g': 4.90042, 'magnesium_100g': 0.01153985, 'maltose_100g': 0, 'manganese_100g': 5.827e-06, 'pantothenic-acid_100g': 0.00035784, 'phosphorus_100g': 0.09843, 'phylloquinone_100g': 0, 'polyols_100g': 0, 'potassium_100g': 0.1561087, 'selenium_100g': 1.65154e-06, 'starch_100g': 0, 'sucrose_100g': 0, 'vitamin-a_100g': 1.76932e-06, 'vitamin-b12_100g': 4.8706e-07, 'vitamin-b1_100g': 4.2742e-05, 'vitamin-b2_100g': 0.00017892, 'vitamin-b6_100g': 4.3736e-05, 'vitamin-b9_100g': 4.8706e-06, 'vitamin-c_100g': 0.0012922, 'vitamin-d_100g': 7.455e-08, 'vitamin-e_100g': 8.946e-06, 'vitamin-pp_100g': 9.1448e-05, 'water_100g': 90.255281, 'zinc_100g': 0.000417744}",,,
Bret's,"Plant-based foods and beverages, Plant-based foods, Snacks, Cereals and potatoes, Salty snacks, Appetizers, Chips and fries, Crisps, Potato crisps, Flavoured potato crisps, en:potato-crisps-in-sunflower-oil","France, en:morocco",522.0,31.0,on,100g,d,Chèvre piment d'Espelette,6.3,4.8,100g,1.6,2.6,2.6,,,,
LU,"Snacks,Sweet snacks,Biscuits and cakes,Biscuits,Chocolate biscuits,Filled biscuits","Canada,France,Switzerland",477.0,19.0,on,100g,e,Prince -  Goût Lait -  Choco Au Blé Compet,6.0,3.2,100g,0.52,6.1,34.0,,,,
Heudebert,"Aliments et boissons à base de végétaux,Aliments d'origine végétale,Céréales et pommes de terre,Pains,Biscottes,Pains grillés,Biscottes complètes,Blé complet","France,Nouvelle-Calédonie",170.0,2.0,on,100g,c,Heudebert Blé complet,6.1,2.8,,0.63,0.8,3.2,,,,
Monini,"Aliments et boissons à base de végétaux,Aliments d'origine végétale,Matières grasses,Matières grasses végétales,Produits de l'olivier,Huiles,Huiles d'olive,Huiles d'olive d'Italie,Huiles d'olive vierges extra,Huiles d'olive vierges","France, Switzerland, en:italy",,,on,100g,b,Huile d'olive vierge extra GranFruttato,,,100g,,,,"{'alcohol_100g': 0, 'beta-carotene_100g': 0.00021, 'calcium_100g': 0.0001, 'carbohydrates_100g': 0, 'cholesterol_100g': 0, 'copper_100g': 5e-06, 'energy-kcal_100g': 900, 'energy-kj_100g': 3700, 'energy_100g': 3700, 'fat_100g': 99.9, 'fiber_100g': 0, 'fructose_100g': 0, 'galactose_100g': 0, 'glucose_100g': 0, 'iodine_100g': 1e-05, 'iron_100g': 2.5e-05, 'lactose_100g': 0, 'magnesium_100g': 2.5e-05, 'maltose_100g': 0, 'manganese_100g': 5e-06, 'pantothenic-acid_100g': 0, 'phosphorus_100g': 0.00015, 'phylloquinone_100g': 5.81e-05, 'polyols_100g': 0, 'potassium_100g': 0.00015, 'proteins_100g': 0.25, 'salt_100g': 0.0063, 'saturated-fat_100g': 15.2, 'selenium_100g': 1e-05, 'sodium_100g': 0.0025, 'starch_100g': 0, 'sucrose_100g': 0, 'sugars_100g': 0, 'vitamin-a_100g': 0, 'vitamin-b12_100g': 0, 'vitamin-b1_100g': 0, 'vitamin-b2_100g': 0, 'vitamin-b6_100g': 0, 'vitamin-b9_100g': 0, 'vitamin-c_100g': 0, 'vitamin-d_100g': 1.3e-07, 'vitamin-e_100g': 0.0223, 'vitamin-pp_100g': 0, 'water_100g': 0.1, 'zinc_100g': 2.5e-05}",,,
Findus,"Plant-based foods and beverages, Plant-based foods, Prepared vegetables, Spinach with cream sauce, en:frozen-vegetables",France,78.0,4.4,on,100g,b,Epinards hachés à la crème fraîche,3.5,1.7,100g,0.6,2.8,1.4,"{'beta-carotene_100g': 0.00400523375, 'calcium_100g': 0.10490375, 'cholesterol_100g': 0.00920625, 'fructose_100g': 0.0683325, 'galactose_100g': 0.0554325, 'glucose_100g': 0.0626525, 'iodine_100g': 9.35775e-06, 'lactose_100g': 0.864625, 'maltose_100g': 0.0284225, 'pantothenic-acid_100g': 0.000202975, 'phylloquinone_100g': 0.000369967125, 'polyols_100g': 0, 'potassium_100g': 0.39358405, 'sucrose_100g': 0.0761425, 'vitamin-b12_100g': 6.3225e-08, 'vitamin-b1_100g': 7.52575e-05, 'vitamin-b2_100g': 0.0001840875, 'vitamin-b6_100g': 0.0001598, 'vitamin-b9_100g': 0.000150177625, 'vitamin-d_100g': 2.01275e-08, 'vitamin-pp_100g': 0.0005304625, 'water_100g': 86.6370185}",,,
HACENDADO,"Plant-based foods and beverages,Plant-based foods,Breakfasts,Cereals and potatoes,Cereals and their products,Breakfast cereals,extruded cereals","Portugal,Spain",387.0,5.8,on,100g,a,Avena crunchy,13.0,11.0,,0.2,1.0,4.6,"{'alcohol_100g': 0, 'beta-carotene_100g': 6.6125e-07, 'calcium_100g': 0.046546925, 'chloride_100g': 0.0595, 'cholesterol_100g': 0.000285, 'copper_100g': 0.00054446875, 'fructose_100g': 0.00625, 'galactose_100g': 0.00625, 'glucose_100g': 0.00625, 'iodine_100g': 3.11375e-06, 'iron_100g': 0.0040395025, 'lactose_100g': 0.00625, 'magnesium_100g': 0.150973775, 'maltose_100g': 0.00625, 'manganese_100g': 0.00418594875, 'pantothenic-acid_100g': 6.125e-06, 'phosphorus_100g': 0.446433, 'phylloquinone_100g': 5e-08, 'polyols_100g': 0, 'potassium_100g': 0.36783565, 'selenium_100g': 1.313e-06, 'starch_100g': 46.6225, 'sucrose_100g': 1.26, 'vitamin-a_100g': 0, 'vitamin-b12_100g': 3.75e-09, 'vitamin-b1_100g': 9.375e-07, 'vitamin-b2_100g': 8.625e-07, 'vitamin-b6_100g': 0.000104875, 'vitamin-b9_100g': 3.125e-07, 'vitamin-c_100g': 3.125e-05, 'vitamin-d_100g': 6.25e-09, 'vitamin-e_100g': 0.0009315, 'vitamin-pp_100g': 6.25e-06, 'water_100g': 16.976652, 'zinc_100g': 0.003388588}",,,
Villars,"Snacks,Snacks sucrés,Cacao et dérivés,Chocolats,Chocolats noirs","Croatie,France,Maroc,Suisse",540.0,43.0,on,100g,e,"Chocolat Noir 72%, Collection Pure",6.8,11.0,100g,0.02,26.0,28.0,,,,
arluy,"Snacks, Snacks sucrés, Biscuits et gâteaux, Biscuits, Biscuits fourrés","France,Morocco,New Caledonia",111.0,4.1,on,100g,c,Megachok,1.2,1.0,100g,0.17,2.0,8.0,,,,
St Michel,"Snacks,Snacks sucrés,Surgelés,Biscuits et gâteaux,Gâteaux,Quatre-quarts,Madeleines",France,419.0,22.0,on,100g,c,Petites Madeleines  -30% de sucres,5.8,6.4,100g,0.74,2.1,17.0,,,,
Gerblé,en:biscuits,en:fr,445.0,15.0,on,100g,b,Matin Miel,9.3,8.6,100g,0.0,1.4,14.0,"{'beta-carotene_100g': 2.785e-06, 'fructose_100g': 2.058845, 'galactose_100g': 0.155, 'glucose_100g': 1.74337, 'iodine_100g': 5.643e-06, 'lactose_100g': 0.0557, 'maltose_100g': 0.665545, 'phylloquinone_100g': 8.3577e-06, 'polyols_100g': 0.095, 'sucrose_100g': 9.944335, 'vitamin-b12_100g': 0, 'vitamin-b1_100g': 0.00016159, 'vitamin-b2_100g': 1.35e-05, 'vitamin-b6_100g': 9.1365e-05, 'vitamin-b9_100g': 1.59593e-05, 'water_100g': 9.28285}",,,
Barilla,"en:Condiments,Сосове,Песто,Pesto alla genovese","Albania, Austria, Bulgaria, France, Germany, Greece, Poland, Romania, Switzerland, en:slovenia",492.0,46.0,on,100g,e,Pesto alla Genovese,4.7,5.0,100g,3.2,7.1,5.5,,,,
"Solevita, Italiamo","Bevande e preparati per bevande, Cibi e bevande a base vegetale, Bevande, Bevande a base di piante, Bevande a base di frutta, Succo e nettare, Succhi di frutta, Succo di limone","Belgio,Bulgaria,Francia,Germania,Romania,Svizzera,Regno Unito,Italia",28.0,0.5,on,100g,b,Succo di limone,0.4,0.5,,0.01,0.1,2.2,"{'alcohol_100g': 0, 'beta-carotene_100g': 1.9976e-06, 'calcium_100g': 0.0109868, 'cholesterol_100g': 0, 'copper_100g': 3.69556e-05, 'fructose_100g': 0.84898, 'galactose_100g': 0, 'glucose_100g': 0.769076, 'iodine_100g': 9.988e-07, 'iron_100g': 0.000129844, 'lactose_100g': 0.0239712, 'magnesium_100g': 0.0079904, 'maltose_100g': 0.019976, 'manganese_100g': 1.9976e-05, 'pantothenic-acid_100g': 9.08908e-05, 'phosphorus_100g': 0.0089892, 'phylloquinone_100g': 0, 'polyols_100g': 0, 'potassium_100g': 0.1018776, 'selenium_100g': 3.04634e-06, 'starch_100g': 0, 'sucrose_100g': 0.729124, 'vitamin-a_100g': 0, 'vitamin-b12_100g': 0, 'vitamin-b1_100g': 4.09508e-05, 'vitamin-b2_100g': 8.9892e-06, 'vitamin-b6_100g': 4.29484e-05, 'vitamin-b9_100g': 9.988e-06, 'vitamin-c_100g': 0.02477024, 'vitamin-d_100g': 0, 'vitamin-e_100g': 0.00014982, 'vitamin-pp_100g': 0.00019976, 'water_100g': 92.389, 'zinc_100g': 5.9928e-05}",,,
Cerave,,Marruecos,,,,,unknown,Foaming cleanser,,,,,,,,,,
V.I.P,"Beverages and beverages preparations, Plant-based foods and beverages, Beverages, Plant-based foods, Coffees, Sweetened beverages, en:instant-coffees",Morocco,1.0,0.0,on,100g,unknown,Classic,0.2,0.0,100g,0.0,0.0,0.0,,,,
Terres et Céréales bio,"Plant-based foods and beverages,Plant-based foods,Cereals and potatoes,Extruded crispbreads","France, en:reunion",373.0,2.8,on,100g,b,Tartines craquantes Sarrasin,12.0,3.8,100g,0.5,0.6,3.6,"{'alcohol_100g': 0, 'beta-carotene_100g': 0, 'calcium_100g': 0.0161399975, 'cholesterol_100g': 0, 'copper_100g': 0.001079043875, 'fructose_100g': 0, 'galactose_100g': 0, 'glucose_100g': 0, 'iodine_100g': 1.9068075, 'iron_100g': 0.00215866175, 'lactose_100g': 0, 'magnesium_100g': 0.2263137, 'maltose_100g': 0, 'manganese_100g': 0.001274644575, 'pantothenic-acid_100g': 0, 'phosphorus_100g': 0.354661, 'phylloquinone_100g': 0, 'polyols_100g': 0, 'potassium_100g': 0.4508816, 'selenium_100g': 5.6375e-08, 'starch_100g': 0, 'sucrose_100g': 1.02295, 'vitamin-a_100g': 0, 'vitamin-b12_100g': 0, 'vitamin-b1_100g': 0, 'vitamin-b2_100g': 1.9475e-07, 'vitamin-b6_100g': 0.000205695, 'vitamin-b9_100g': 0, 'vitamin-c_100g': 0, 'vitamin-d_100g': 0, 'vitamin-e_100g': 0, 'vitamin-pp_100g': 0, 'water_100g': 9.89496925, 'zinc_100g': 0.002351907}",,,
,"Beverages and beverages preparations, Beverages, Artificially sweetened beverages, Energy drinks, fr:Laitier, en:sodas","Morocco, en:france",93.6,0.0,on,100g,e,predator,0.0,0.0,100ml,0.14,0.0,22.8,,,,
Crownfield,"Pflanzliche Lebensmittel und Getränke, Pflanzliche Lebensmittel, Frühstücke, Getreide und Kartoffeln, Getreideprodukte, Frühstückscerealien, Getreideflocken, Frühstücksflocken, Gerollte Flocken, Haferflocken","Áustria,França,Alemanha,Países Baixos,Portugal,Espanha,Suíça",372.5,6.7,on,100g,a,Hafer Flocken Zart,13.2,9.7,,0.0,1.1,0.8,"{'alcohol_100g': 0, 'beta-carotene_100g': 0, 'calcium_100g': 0.0843, 'cholesterol_100g': 0, 'fructose_100g': 0, 'galactose_100g': 0, 'glucose_100g': 0, 'iodine_100g': 5e-07, 'lactose_100g': 0, 'maltose_100g': 0, 'pantothenic-acid_100g': 0.00131, 'phylloquinone_100g': 2e-06, 'polyols_100g': 0, 'potassium_100g': 0.377, 'sucrose_100g': 0.97, 'vitamin-b12_100g': 0, 'vitamin-b1_100g': 0.00043, 'vitamin-b2_100g': 0.00014, 'vitamin-b6_100g': 0.00012, 'vitamin-b9_100g': 3.96e-05, 'vitamin-d_100g': 0, 'vitamin-pp_100g': 0.00096, 'water_100g': 10.1}",,,
"Lu,Mondelez International","Snacks,Snacks sucrés,Biscuits et gâteaux,Biscuits","Belgique,France,Suisse",363.0,1.2,on,100g,d,La Paille d'Or aux framboises,4.5,2.4,100g,0.12,0.2,51.0,"{'alcohol_100g': 0, 'beta-carotene_100g': 2.08334838867188e-05, 'calcium_100g': 0.012996155078125, 'cholesterol_100g': 0.00507501196289062, 'copper_100g': 0.000107636666015625, 'fructose_100g': 39.4881264648437, 'galactose_100g': 0, 'glucose_100g': 0.41231376953125, 'iodine_100g': 7.272708984375e-06, 'iron_100g': 0.00087463732421875, 'lactose_100g': 0.05201708984375, 'magnesium_100g': 0.028589419140625, 'maltose_100g': 0.3716888671875, 'manganese_100g': 0.000841258498046875, 'pantothenic-acid_100g': 0.00031640302734375, 'phosphorus_100g': 0.08322535546875, 'phylloquinone_100g': 1.351955859375e-06, 'polyols_100g': 21.1600341796875, 'potassium_100g': 0.12711246953125, 'selenium_100g': 5.652583984375e-06, 'starch_100g': 21.7170811523437, 'sucrose_100g': 3.77395029296875, 'vitamin-a_100g': 3.5888671875e-10, 'vitamin-b12_100g': 1.162109375e-11, 'vitamin-b1_100g': 9.01503125e-05, 'vitamin-b2_100g': 6.13986328125e-06, 'vitamin-b6_100g': 4.493091796875e-05, 'vitamin-b9_100g': 1.56454443359375e-05, 'vitamin-c_100g': 0.00345128881835937, 'vitamin-d_100g': 4.4204443359375e-08, 'vitamin-e_100g': 0.000558749638671875, 'vitamin-pp_100g': 8.116416015625e-05, 'water_100g': 20.1084939453125, 'zinc_100g': 0.00071317234375}",,,
"Carte D'Or,Les Essentiels,Unilever","Desserts,Frozen foods,Frozen desserts,Ice creams and sorbets,Ice creams,Ice cream tubs,Vanilla ice cream tubs","Belgium,France",185.0,8.4,on,100g,d,Crème glacée Vanille de Madagascar,2.4,,100g,0.11,5.7,17.0,,,,
Nestle,,en:Morocco,450.0,14.375,on,100g,unknown,,12.5,2.5,100g,0.609375,7.1875,44.0625,,,,
Brioche Pasquier,"Crêpes et galettes,Pancakes","France,Switzerland",355.0,16.0,on,100g,e,Pancakes sans conservateurs Farine de blé issue de Moulins Français,5.7,1.7,100g,1.45,1.7,28.0,,,,
Hacendado,"Alimentos y bebidas de origen vegetal,Alimentos de origen vegetal,Cereales y patatas,Cereales y derivados,Panes,Panes planos,Panes especiales,Panes blancos,Panes de trigo,en:Wheat flatbreads,Panes integrales","Spain, en:portugal",269.444444444444,5.8,on,100g,c,Tortillas de trigo integrales,9.3,8.5,,1.5,1.9,2.1,,,,
gastro mixte,"Aides culinaires,Crèmes",Maroc,181.0,24.0,on,100g,unknown,Crempro,2.6,,100ml,,,,,,,
SAUPIQUET,"Produits de la mer,Conserves,Poissons,Poissons gras,Poissons en conserve,Filets de poissons,Maquereaux,Filets de maquereaux,Filets de maquereaux au vin blanc et aromates,Maquereaux en conserve","France, Switzerland, Germany",160.0,12.0,on,100g,c,Filets de Maquereaux au Vin Blanc,12.0,0.0,,1.0825,2.8,0.5,,,,
BN,"Snacks,Snacks sucrés,Biscuits et gâteaux,Biscuits,Biscuits au chocolat,Biscuits fourrés","Belgique,France,Maroc,La Réunion,Suisse",492.0,21.7,on,100g,e,Mini BN Chocolat,6.2,3.4,100g,0.05,10.7,30.6,,,,
Alesto,"en:albaricoques-deshidratados,en:alimentos-de-origen-vegetal,en:alimentos-de-origen-vegetal-deshidratados,en:alimentos-y-bebidas-de-origen-vegetal,en:frutas-deshidratadas,en:frutas-y-sus-productos,en:frutas-y-verduras-y-sus-productos,en:productos-deshidratados,en:fruchte,Fruit sec",Deutschland,193.0,0.29,on,100g,c,Dried Soft Apricots,2.03,4.67,100g,0.17,0.1,32.0,,,,
nutella,"Frühstücke,Brotaufstriche,Süße Brotaufstriche,en:Bread coverings,fr:Pâtes à tartiner,Haselnusscremes,Nougatcremes,Schoko- und Haselnussaufstriche","Finnland,Frankreich,Deutschland,Ungarn,Marokko,Niederlande,Schweiz,Türkei",533.333333333333,30.9,on,100g,e,Nutella,6.3,,,0.11,10.6,56.3,,,,
El Baraka,"Plant-based foods and beverages,Plant-based foods,Fruits and vegetables based foods,Breakfasts,Spreads,Fruits based foods,Plant-based spreads,Sweet spreads,Fruit and vegetable preserves,Jams,Apricot jams","France,Morocco",248.0,0.17,on,100g,d,,0.48,0.0,100g,0.06,0.0,60.0,,,,
LURPAK,"Dairies,Fats,Spreads,Spreadable fats,Animal fats,Dairy spreads,Milkfat,Butters",United Kingdom,679.0,75.0,on,100g,e,BLENDED SPREAD 75%,0.5,,,0.885,35.0,0.6,"{'alcohol_100g': 0, 'beta-carotene_100g': 0.00010112, 'calcium_100g': 0.0126124, 'cholesterol_100g': 0.13952, 'copper_100g': 2.402e-05, 'fiber_100g': 0, 'fructose_100g': 0.032, 'galactose_100g': 0.032, 'glucose_100g': 0.032, 'iodine_100g': 6.3735e-05, 'iron_100g': 3.36275e-05, 'lactose_100g': 0.5312, 'magnesium_100g': 0.0015503875, 'maltose_100g': 0.032, 'manganese_100g': 5.4261e-06, 'pantothenic-acid_100g': 7.04e-05, 'phosphorus_100g': 0.01563, 'phylloquinone_100g': 2.05225e-05, 'polyols_100g': 0, 'potassium_100g': 0.0186319, 'selenium_100g': 4.375625e-06, 'starch_100g': 0, 'sucrose_100g': 0.032, 'vitamin-a_100g': 0.000432, 'vitamin-b12_100g': 1.088e-07, 'vitamin-b1_100g': 3.84e-06, 'vitamin-b2_100g': 2.24e-05, 'vitamin-b6_100g': 2.24e-06, 'vitamin-b9_100g': 1.92e-06, 'vitamin-c_100g': 0, 'vitamin-d_100g': 7.168e-07, 'vitamin-e_100g': 0.0075829, 'vitamin-pp_100g': 4.544e-05, 'water_100g': 16.60691125, 'zinc_100g': 6.26825e-05}",,,
Pringles,"Plant-based foods and beverages, Plant-based foods, Snacks, Cereals and potatoes, Salty snacks, Appetizers, Chips and fries, Crisps, Potatoes and their products, Potato crisps, Salty snacks made from potato, Stacked extruded potato crisps","Austria,Bélgica,Francia,Alemania,Marruecos,Países Bajos,España,Suiza,Reino Unido",515.0,30.0,on,100g,d,Pringles sour cream & onion,6.3,4.0,,1.1,2.9,2.0,,,,
"Côte d'or,Mondelez","Snacks,Sweet snacks,Cocoa and its products,Chocolates,Dark chocolates,Chocolates with almonds,Dark chocolates with almonds","France, Morocco, en:algeria",569.0,39.0,on,100g,e,Noir amandes entières,7.3,7.8,100g,0.0,16.0,40.0,"{'alcohol_100g': 0, 'beta-carotene_100g': 3.37484375e-06, 'calcium_100g': 0.0688252875, 'cholesterol_100g': 0.00307859375, 'copper_100g': 0.0002803271875, 'fructose_100g': 5.9375e-06, 'galactose_100g': 5.9375e-06, 'glucose_100g': 0.0081059375, 'iodine_100g': 8.6465625e-07, 'iron_100g': 0.0009146728125, 'lactose_100g': 0.157640625, 'magnesium_100g': 0.07329475, 'maltose_100g': 0.0378059375, 'manganese_100g': 0.0004992479375, 'pantothenic-acid_100g': 9.4209375e-05, 'phosphorus_100g': 0.1327734375, 'phylloquinone_100g': 1.02421875e-07, 'polyols_100g': 0, 'potassium_100g': 0.18781533625, 'selenium_100g': 4.65740625e-06, 'starch_100g': 0.27, 'sucrose_100g': 37.6312059375, 'vitamin-a_100g': 9.8139453125e-06, 'vitamin-b12_100g': 1.2053125e-08, 'vitamin-b1_100g': 5.25884375e-05, 'vitamin-b2_100g': 0.0002031475, 'vitamin-b6_100g': 3.365875e-05, 'vitamin-b9_100g': 1.3335390625e-05, 'vitamin-c_100g': 1.8109375e-05, 'vitamin-d_100g': 2.14284375e-08, 'vitamin-e_100g': 0.00707358015625, 'vitamin-pp_100g': 0.0009477371875, 'water_100g': 1.3033515625, 'zinc_100g': 0.0008225890625}",,,
Crownfield,"Pflanzliche Lebensmittel und Getränke, Pflanzliche Lebensmittel, Frühstücke, Getreide und Kartoffeln, Getreideprodukte, Frühstückscerealien, Schokoflocken, Müslis, Müslis mit Schokolade","Belgium, Croatia, Cyprus, France, Germany, Greece, Hungary, Italy, Lithuania, Serbia, en:switzerland",1490.0,16.2,on,100g,c,Knusper Müsli Schoko,10.9,9.1,,0.41,5.8,13.7,"{'alcohol_100g': 0, 'beta-carotene_100g': 7.337890625, 'calcium_100g': 0.0623670521763393, 'cholesterol_100g': 0.00141411725725447, 'copper_100g': 0.000592813528878348, 'fructose_100g': 0.0437376185825897, 'galactose_100g': 0.0014168875558036, 'glucose_100g': 0.0408630371093754, 'iodine_100g': 3.27118268694199e-06, 'iron_100g': 0.00546137438964844, 'lactose_100g': 0.0280203683035719, 'magnesium_100g': 0.133955792410714, 'maltose_100g': 0.0342297363281251, 'manganese_100g': 0.00300561964983259, 'pantothenic-acid_100g': 0.000821184674944197, 'phosphorus_100g': 0.303457610212054, 'phylloquinone_100g': 2.86477521623884e-06, 'polyols_100g': 0.0625244140625, 'potassium_100g': 0.437442677525112, 'selenium_100g': 5.0934579031808e-06, 'starch_100g': 32.1704493931362, 'sucrose_100g': 16.652950265067, 'vitamin-a_100g': 2.44659075055804e-06, 'vitamin-b12_100g': 8.13724190848214e-08, 'vitamin-b1_100g': 0.000264126447405134, 'vitamin-b2_100g': 0.000104704764229911, 'vitamin-b6_100g': 6.6803466796875e-05, 'vitamin-b9_100g': 3.5160879952567e-05, 'vitamin-c_100g': 6.76433454241073e-05, 'vitamin-d_100g': 5.46329171316964e-07, 'vitamin-e_100g': 0.00215037405831473, 'vitamin-pp_100g': 0.000646824776785714, 'water_100g': 5.85193420410156, 'zinc_100g': 0.00259649658203125}",,,
Lotus,"Desayunos,Untables,Untables dulces,fr:Pâtes à tartiner,Cremas de caramelo","Australia, Bulgaria, Czech Republic, Finland, France, Germany, Italy, Morocco, New Zealand, Portugal, Spain, Sweden, United Kingdom, en:greece",586.666666666667,38.1,on,100g,e,Biscoff Smooth,2.9,0.8,,0.54,7.6,36.8,,,,
Maille,"Condiments,Sauces,Mayonnaises,groceries","France,Luxembourg",653.0,71.0,on,100g,e,MAILLE Mayonnaise Fins Gourmets Bocal 320g,1.9,0.6,100g,1.5,5.8,0.5,"{'alcohol_100g': 0.0097, 'beta-carotene_100g': 2.016175e-05, 'calcium_100g': 0.0288187425, 'cholesterol_100g': 0.06573, 'copper_100g': 3.128975e-05, 'fructose_100g': 0.183735, 'galactose_100g': 0.0049, 'glucose_100g': 0.256655, 'iodine_100g': 2.71515e-05, 'iron_100g': 0.00058541625, 'lactose_100g': 0.0212175, 'magnesium_100g': 0.0142306275, 'maltose_100g': 0.0211875, 'manganese_100g': 0.0001192132075, 'pantothenic-acid_100g': 0.00025369, 'phosphorus_100g': 0.0465715, 'phylloquinone_100g': 3.7598075e-05, 'polyols_100g': 0, 'potassium_100g': 0.0479461675, 'selenium_100g': 1.0152475e-05, 'starch_100g': 0.71305, 'sucrose_100g': 0.0484525, 'vitamin-a_100g': 2.352e-05, 'vitamin-b12_100g': 2.121e-07, 'vitamin-b1_100g': 4.2375e-05, 'vitamin-b2_100g': 3.98315e-05, 'vitamin-b6_100g': 4.014275e-05, 'vitamin-b9_100g': 1.3261875e-05, 'vitamin-c_100g': 0.000292525, 'vitamin-d_100g': 1.4e-07, 'vitamin-e_100g': 0.01481078, 'vitamin-pp_100g': 0.0001634225, 'water_100g': 32.5211775, 'zinc_100g': 0.000276671}",,,
Parle,"Snacks,Sweet snacks,Biscuits and cakes,Biscuits and crackers,Biscuits",India,454.0,13.0,on,100g,e,parle,6.9,,100g,0.74,6.0,25.5,,,,
"Nestlé, Nesquik","Cocoa and its products, Cocoa and chocolate powders, en:instant-beverages, Chocolats en poudre","France, en:belgium",,,,100ml,c,NESQUIK Moins de Sucres Poudre Cacaotée Boîte 350g,,,100g,,,,,,on,
Elle & Vire,"Produits laitiers, Crèmes, Crèmes UHT, Crèmes liquides, Crèmes entières","Frankreich, Germany",292.0,30.0,on,100g,d,La Crème Entière De Normandie 30%MG,2.3,0.0,100ml,0.08,21.0,3.2,,,,
Carrefour BIO,"Produits laitiers,Produits fermentés,Produits laitiers fermentés,Desserts,Desserts lactés,Desserts lactés fermentés,Yaourts,Desserts lactés fermentés nature,Yaourts natures,Yaourts entiers",France,78.75,4.25,on,100g,b,yaourt au lait entier nature,4.875,,100g,0.1625,2.625,5.125,"{'alcohol_100g': 0, 'beta-carotene_100g': 2.1054e-05, 'calcium_100g': 0.1527, 'cholesterol_100g': 0.01239, 'copper_100g': 6.9e-06, 'fiber_100g': 0, 'fructose_100g': 0.14406, 'galactose_100g': 6e-05, 'glucose_100g': 0.14406, 'iodine_100g': 9.81e-06, 'iron_100g': 1.89e-05, 'lactose_100g': 5.625, 'magnesium_100g': 0.012768, 'maltose_100g': 0.14406, 'manganese_100g': 6.3e-06, 'pantothenic-acid_100g': 0.0005178, 'phosphorus_100g': 0.1221, 'phylloquinone_100g': 3.87e-07, 'polyols_100g': 0, 'potassium_100g': 0.2037, 'selenium_100g': 2.439e-05, 'starch_100g': 0, 'sucrose_100g': 0.14406, 'vitamin-a_100g': 3.04365e-05, 'vitamin-b12_100g': 3.51e-07, 'vitamin-b1_100g': 5.226e-05, 'vitamin-b2_100g': 0.0002082, 'vitamin-b6_100g': 3.18e-05, 'vitamin-b9_100g': 2.265e-06, 'vitamin-c_100g': 0.000423, 'vitamin-d_100g': 1.2534e-07, 'vitamin-e_100g': 8.625e-05, 'vitamin-pp_100g': 7.53e-05, 'water_100g': 84.0585, 'zinc_100g': 0.0004893}",,,
Lotus,"Snacks, Sweet snacks, Biscuits and cakes, Cakes, Pastries, Sweet pies, Waffles, Shelf-stable sweet pies, fr:gaufres-liegeoises, en:liege-style-plain-waffles","Belgique,France",442.0,22.0,on,100g,e,Gaufre de Liège - Perles de sucre,5.0,0.9,100g,0.6,11.0,29.0,,,,
"Sante, Nutrition sante","Żywność i napoje na bazie roślin,Żywność na bazie roślin,Produkty śniadaniowe,Zboża i ziemniaki,Zboża i produkty zbożowe,Płatki śniadaniowe,en:Chocolate cereals,Musli,Musli czekoladowe","Armenia,Białoruś,Francja,Włochy,Maroko,Polska",456.0,16.0,on,100g,d,Granola chocolate / pieces of chocolate,8.6,6.7,100g,0.61,3.3,22.0,"{'alcohol_100g': 0, 'beta-carotene_100g': 1.72375083333333e-06, 'calcium_100g': 0.0489879258333333, 'chloride_100g': 0.00924, 'cholesterol_100g': 2.736e-05, 'copper_100g': 0.000223116625, 'fructose_100g': 0.01988175, 'galactose_100g': 0.0006, 'glucose_100g': 0.03815, 'iodine_100g': 2.35668333333333e-06, 'iron_100g': 0.002405654625, 'lactose_100g': 0.0126, 'magnesium_100g': 0.100391048958333, 'maltose_100g': 0.2912575, 'manganese_100g': 0.00292005489166667, 'pantothenic-acid_100g': 0.000665238, 'phosphorus_100g': 0.29537899375, 'phylloquinone_100g': 1.08873333333333e-06, 'polyols_100g': -0.003, 'potassium_100g': 0.24327349375, 'selenium_100g': 5.55085e-06, 'starch_100g': 46.256375, 'sucrose_100g': 11.4892316666667, 'vitamin-a_100g': 0, 'vitamin-b12_100g': 3.6e-10, 'vitamin-b1_100g': 0.000260038, 'vitamin-b2_100g': 7.63813333333333e-05, 'vitamin-b6_100g': 0.000143411, 'vitamin-b9_100g': 3.298645e-05, 'vitamin-c_100g': 3.3e-05, 'vitamin-d_100g': -4.60541666666675e-09, 'vitamin-e_100g': 0.0052808275, 'vitamin-pp_100g': 0.000653355, 'water_100g': 9.51679604166667, 'zinc_100g': 0.002304930625}",,,
Délicia,"Plant-based foods and beverages,Plant-based foods,Fruits and vegetables based foods,Breakfasts,Spreads,Fruits based foods,Plant-based spreads,Sweet spreads,Fruit and vegetable preserves,Jams,Apricot jams",Morocco,272.0,0.12,on,100g,unknown,Délicia - confiture d'abricot,0.41,,100g,,,,,,,
,"fr:produits-laitiers, produits-fermentés, produits-laitiers-fermentés, fr:fromages",en:ma,,,on,100g,unknown,Fromage,,,100g,,,,,,,
Gullón,"Snacks, Sweet snacks, Biscuits and cakes, Biscuits, Chocolate biscuits, Wafers, Stuffed wafers, Chocolate stuffed wafers","Morocco, Romania, Spain, en:bulgaria",434.0,22.0,on,100g,d,Gullon ostya Kakaó 60g,4.4,3.4,100g,0.15,13.0,0.5,,,,
Wasa,"Plant-based foods and beverages,Plant-based foods,Cereals and potatoes,Seeds,Cereals and their products,Cereal grains,Breads,Chia,Crispbreads, Snacks, Snacks salés, Amuse-gueules, Chips et frites, Chips","France,Sweden",339.0,3.0,on,100g,b,Wasa tartine croustillante sensation aux graines de chia & touche de sel 245g,10.0,20.0,100g,1.2,0.4,0.5,"{'alcohol_100g': 0, 'beta-carotene_100g': 5.75, 'calcium_100g': 0.0380137, 'cholesterol_100g': 8.05, 'copper_100g': 0.00052153, 'fructose_100g': 0.21183, 'galactose_100g': 0, 'glucose_100g': 0.20732, 'iodine_100g': 2.383, 'lactose_100g': 0.0023, 'magnesium_100g': 0.15220635, 'maltose_100g': 0.11437, 'manganese_100g': 0.00554305, 'pantothenic-acid_100g': 0.00011822, 'phosphorus_100g': 0.480017, 'phylloquinone_100g': 9.2, 'polyols_100g': 0, 'potassium_100g': 0.6931601, 'selenium_100g': 2.38e-07, 'starch_100g': 0.0851, 'sucrose_100g': 1.63299, 'vitamin-a_100g': 2.415e-07, 'vitamin-b12_100g': 7.82, 'vitamin-b1_100g': 0.0002668, 'vitamin-b2_100g': 2.3e-05, 'vitamin-b6_100g': 0.00042108, 'vitamin-b9_100g': 1.6031e-05, 'vitamin-c_100g': 5.75, 'vitamin-d_100g': 2.99e-09, 'vitamin-e_100g': 0.002489284, 'vitamin-pp_100g': 0.0004255, 'water_100g': 9.980293}",,,
Fromage,"fr:viva, en:cheeses",en:Morocco,246.0,20.0,on,100g,e,Viva - Fromage,7.0,,100g,1.8,15.0,9.0,,,,
Kikkoman,"Smaakmakers,Sauzen,Sojasauzen","Bulgaria, France, Germany, Ireland, Italy, Netherlands, Norway, Portugal, United Kingdom, en:belgium",107.0,0.0,on,100g,e,Salsa di Soia,9.7,,100ml,9.1,0.0,3.9,,,,
Harrys,"Aliments et boissons à base de végétaux,Aliments d'origine végétale,Céréales et pommes de terre,Pains,Pains de mie,Pains de mie blancs nature",France,281.0,5.2,on,100g,c,Pain Extra Moelleux Nature Sans Sucres Ajoutés,8.0,3.5,100g,1.1,0.5,7.0,"{'alcohol_100g': 0.0011, 'beta-carotene_100g': 3.60953125e-06, 'calcium_100g': 0.02472461875, 'cholesterol_100g': 1.1484375e-05, 'copper_100g': 0.000214413125, 'fructose_100g': 0.07410625, 'galactose_100g': 0, 'glucose_100g': 0.08066875, 'iodine_100g': 1.7626875e-05, 'iron_100g': 0.001696833125, 'lactose_100g': 0.07410625, 'magnesium_100g': 0.05669444375, 'maltose_100g': 0.8061825, 'manganese_100g': 0.00158297571875, 'pantothenic-acid_100g': 0.00050729625, 'phosphorus_100g': 0.19145225, 'phylloquinone_100g': 4.9743875e-06, 'polyols_100g': 0, 'potassium_100g': 0.25386569375, 'selenium_100g': 7.798925e-06, 'starch_100g': 41.95755625, 'sucrose_100g': 0.39863625, 'vitamin-a_100g': 3.4453125e-07, 'vitamin-b12_100g': 1.115625e-08, 'vitamin-b1_100g': 0.000564055, 'vitamin-b2_100g': 3.634e-05, 'vitamin-b6_100g': 0.0001064855, 'vitamin-b9_100g': 4.10016625e-05, 'vitamin-c_100g': 0.000187328125, 'vitamin-d_100g': 9.5980625e-08, 'vitamin-e_100g': 0.002378373125, 'vitamin-pp_100g': 0.00064230625, 'water_100g': 26.298361, 'zinc_100g': 0.001620204}",,,
Cassegrain,"Aliments et boissons à base de végétaux,Aliments d'origine végétale,Aliments à base de fruits et de légumes,Légumineuses et dérivés,Conserves,Légumineuses,Graines,Légumes et dérivés,Aliments à base de plantes en conserve,Graines de légumineuses,Plats préparés,Légumes en conserve,Légumineuses sèches,en:Common beans,Légumes préparés,Légumineuses en conserve,Haricots blancs,Haricots à la tomate,Haricots en conserve,Haricots cocos blancs, en:Vegetables - Prepared/Processed (Shelf Stable)",France,74.0,0.3,on,100g,b,Haricots Coco cuisinés aux Tomates,4.7,4.2,100g,0.78,0.0,1.4,,,,
Grillon d'or,"Aliments et boissons à base de végétaux,Aliments d'origine végétale,Petit-déjeuners,Céréales et pommes de terre,Céréales et dérivés,Céréales pour petit-déjeuner,Céréales au chocolat,Mueslis,Mueslis au chocolat,Céréales pour petit déjeuner riches en fibres,Pépites de céréales croustillantes,Pépites de céréales au chocolat,Produits veganes",France,442.0,15.0,on,100g,c,Krounchy chocolat,9.0,7.2,100g,0.01,2.4,18.0,,,,
"Fine gourmande,Poulain","Snacks,Snacks sucrés,Cacao et dérivés,Chocolats,Chocolats édulcorés,Chocolats noirs,Chocolats noirs aux édulcorants,Chocolat noir en tablette extra dégustation à 70% de cacao minimum","France,Maroc",539.0,44.0,on,100g,d,tablette poulain fine et gourmande 70% noir moin 2%sucre,7.6,11.0,100g,0.01,27.0,0.5,,,,
Weetabix,"Plant-based foods and beverages,Plant-based foods,Breakfasts,Cereals and potatoes,Cereals and their products,Breakfast cereals","France,Ireland,United Kingdom",400.0,2.0,on,100g,a,Weetabix,12.0,10.0,,0.28,0.6,4.2,"{'alcohol_100g': 0, 'beta-carotene_100g': 4.75e-06, 'calcium_100g': 0.025708979375, 'cholesterol_100g': 0, 'fructose_100g': 0.095, 'galactose_100g': 0, 'glucose_100g': 0.095, 'iodine_100g': 1.210728125e-05, 'lactose_100g': 0.095, 'maltose_100g': 0.988, 'pantothenic-acid_100g': 0.000456, 'phylloquinone_100g': 3.8e-07, 'polyols_100g': 0, 'potassium_100g': 0.26617131625, 'sucrose_100g': 1.6235625, 'vitamin-b12_100g': 0, 'vitamin-b6_100g': 0.0001045, 'vitamin-d_100g': 1.235e-07, 'water_100g': 11.781897175}",,,
Barilla,"Aliments et boissons à base de végétaux,Aliments d'origine végétale,Condiments,Légumes préparés,Sauces,Sauces pour pâtes,Sauces tomate,en:Cooking Sauces,Sauces provençales,Groceries","France,Italie",66.0,3.5,on,100g,a,Provencale 400g fra,1.4,1.5,100g,1.0,0.3,5.0,"{'alcohol_100g': 0, 'beta-carotene_100g': 0.001401312625, 'calcium_100g': 0.023114296, 'cholesterol_100g': 0, 'copper_100g': 6.29444e-05, 'fructose_100g': 1.8380715, 'galactose_100g': 0.0016275, 'glucose_100g': 1.709865, 'iodine_100g': 2.221825e-05, 'iron_100g': 0.0004684527, 'lactose_100g': 0.107973, 'magnesium_100g': 0.014631898, 'maltose_100g': 0.107973, 'manganese_100g': 8.3108464, 'pantothenic-acid_100g': 6.9192e-05, 'phosphorus_100g': 0.0262259, 'phylloquinone_100g': 9.27344, 'polyols_100g': 0.1827125, 'potassium_100g': 0.281968446, 'selenium_100g': 6.83982e-06, 'starch_100g': 0.159933, 'sucrose_100g': 1.0079005, 'vitamin-a_100g': 6e-09, 'vitamin-b12_100g': 0, 'vitamin-b1_100g': 3.3571e-05, 'vitamin-b2_100g': 2.921275e-05, 'vitamin-b6_100g': 7.3337e-05, 'vitamin-b9_100g': 2.8236035e-05, 'vitamin-c_100g': 0.0090733275, 'vitamin-d_100g': 8.46105e-08, 'vitamin-e_100g': 0.001379729, 'vitamin-pp_100g': 0.0006391145, 'water_100g': 86.9511025, 'zinc_100g': 9.62182}",,,
Beurre planta,"Aliments et boissons à base de végétaux,Aliments d'origine végétale,Matières grasses,Produits à tartiner,Pâtes à tartiner végétales,Matières grasses végétales,Matières grasses à tartiner,Margarines,Margarines allégées",en:france,531.0,59.0,on,100g,d,Beurre planta,0.5,,100g,0.3,22.0,0.5,,,,
Suzi Wan,"Aliments et boissons à base de végétaux,Boissons,Aliments d'origine végétale,Substituts de produits laitiers,Substituts du lait,Boissons à base de végétaux,Boissons végétales,Boissons sans sucre ajouté,Crèmes végétales pour cuisiner,Laits de coco","France,Italie,Suisse",172.0,17.0,on,100g,e,Lait de coco,1.8,1.0,100ml,0.04,14.0,0.6,,,,
Lu,"Snacks,Desserts,Snacks sucrés,Biscuits et gâteaux,Biscuits sucrés & biscuits apéritifs,Biscuits,Gâteaux,Biscuits au chocolat,Génoises fourrées aux fruits et nappées de chocolat","Belgique,France,Maroc,Espagne,Suisse",397.0,13.0,on,100g,e,Pim's - Framboise,3.4,2.8,100g,0.45,5.8,48.0,"{'alcohol_100g': 0, 'beta-carotene_100g': 4.5e-06, 'calcium_100g': 0.012913175, 'cholesterol_100g': 0.03781, 'copper_100g': 5.3639e-05, 'fructose_100g': 33.377125, 'galactose_100g': 0, 'glucose_100g': 0.1194, 'iodine_100g': 5.695e-06, 'iron_100g': 0.0005675225, 'lactose_100g': 0.01875, 'magnesium_100g': 0.013159675, 'maltose_100g': 0.166875, 'manganese_100g': 0.000354145625, 'pantothenic-acid_100g': 0.000253025, 'phosphorus_100g': 0.0535025, 'phylloquinone_100g': 8.115e-07, 'polyols_100g': 18.034375, 'potassium_100g': 0.064588075, 'selenium_100g': 3.46005e-06, 'starch_100g': 8.90175, 'sucrose_100g': 25.059875, 'vitamin-a_100g': 1.729e-05, 'vitamin-b12_100g': 1.3775e-07, 'vitamin-b1_100g': 4.450625e-05, 'vitamin-b2_100g': 4.9e-05, 'vitamin-b6_100g': 3.195e-05, 'vitamin-b9_100g': 8.51375e-06, 'vitamin-c_100g': 0.00073875, 'vitamin-d_100g': 1.981e-07, 'vitamin-e_100g': 0.0006931, 'vitamin-pp_100g': 2.661e-05, 'water_100g': 12.476, 'zinc_100g': 0.000398645}",,,
Jaouda,"Boissons et préparations de boissons,Aliments et boissons à base de végétaux,Boissons,Boissons à base de végétaux,Boissons aux fruits,Jus et nectars,Jus de fruits,eaux",en:ma,,,on,100g,unknown,Jutos cocktail,,,100g,,,,,,,on
Teisseire,"Boissons et préparations de boissons,Boissons,Préparations pour boissons,Sirops,Sirops aromatisés,Sirops de grenadine,Boissons avec sucre ajouté",France,329.0,0.0,on,100g,unknown,TSR GRENADINE 60 CL,0.0,0.0,100ml,0.0,0.0,78.0,,,,
Heinz,"Condiments,Sauces,Tomato sauces,Ketchup,Tomato Ketchup,Groceries","Ireland,Morocco,United Kingdom",,,,100g,a,Heinz Ketchup,,,100g,,,,,,on,
Findus,"Seafood,Frozen foods,Breaded products,Fish preparations,Frozen seafood,Breaded fish,Breaded hake fish",France,207.0,9.5,on,100g,b,Colin d'Alaska MSC façon Fish & Chips,11.0,0.6,100g,0.7275,0.7,0.5,,,,
"Nestlé, Yaos","Produits laitiers, Produits fermentés, Desserts, Produits laitiers fermentés, Desserts lactés, Desserts lactés fermentés, Frais, Yaourts, Desserts lactés fermentés nature, Yaourts natures, Yaourts brassés, Yaourts à la grecque, Yaourts à la grecque nature, Yaourts brassés nature, Yaourts entiers","Belgique,France,Suisse",102.0,7.9,on,100g,c,Yaos le yaourt à la Grecque,3.1,0.0,100g,0.12,5.3,3.5,"{'alcohol_100g': 0, 'beta-carotene_100g': 2.5085e-05, 'calcium_100g': 0.135029, 'cholesterol_100g': 0.017757, 'copper_100g': 6.225e-06, 'fructose_100g': 0.137785, 'galactose_100g': 0.003535, 'glucose_100g': 0.137785, 'iodine_100g': 9.8145e-06, 'iron_100g': 2.1235e-05, 'lactose_100g': 4.87375, 'magnesium_100g': 0.0113001, 'maltose_100g': 0.137785, 'manganese_100g': 5.567e-06, 'pantothenic-acid_100g': 0.0004636, 'phosphorus_100g': 0.108354, 'phylloquinone_100g': 3.9265e-07, 'polyols_100g': 0, 'potassium_100g': 0.179775, 'selenium_100g': 2.26851e-05, 'starch_100g': 0.00406, 'sucrose_100g': 0.137995, 'vitamin-a_100g': 4.3043625e-05, 'vitamin-b12_100g': 2.9775e-07, 'vitamin-b1_100g': 4.618e-05, 'vitamin-b2_100g': 0.000191, 'vitamin-b6_100g': 2.77e-05, 'vitamin-b9_100g': 3.301e-06, 'vitamin-c_100g': 0.0003515, 'vitamin-d_100g': 1.28565e-07, 'vitamin-e_100g': 0.0001165275, 'vitamin-pp_100g': 7.1175e-05, 'water_100g': 83.106625, 'zinc_100g': 0.000428275}",,,
Schweppes,en:sodas,en:morocco,50.0,0.0,on,100g,e,Schweppes tonic 1l,0.5,0.1,100g,0.8125,0.0,11.0,,,,
Classic,"Dairies,Fermented foods,Fermented milk products,Cheeses,Desserts,Dairy desserts,Fermented dairy desserts,Plain fermented dairy desserts,fr:Fromages blancs,fr:Fromages blancs natures",France,70.0,3.0,on,100g,a,Fromage Blanc Nature 3%,7.5,,100g,0.1,1.9,3.3,,,,
"Côte d’or,Mondelez","Snacks,Sweet snacks,Cocoa and its products,Chocolates,Milk chocolates","Belgium,France,Morocco,Switzerland",520.0,28.0,on,100g,e,L'original lait,7.4,3.7,100g,0.23,17.0,55.0,"{'alcohol_100g': 0, 'beta-carotene_100g': 2.693359375e-06, 'calcium_100g': 0.0704896875, 'cholesterol_100g': 0.0042109375, 'copper_100g': 6.935546875e-06, 'fructose_100g': 0.000109375, 'galactose_100g': 0.000109375, 'glucose_100g': 0.000109375, 'iodine_100g': 6.19921875e-07, 'iron_100g': 6.03203125e-05, 'lactose_100g': 2.90390625, 'magnesium_100g': 0.007053125, 'maltose_100g': 0.000109375, 'manganese_100g': 6.278125e-06, 'pantothenic-acid_100g': 0.00019154296875, 'phosphorus_100g': 0.052869140625, 'phylloquinone_100g': 1.23046875e-07, 'polyols_100g': 0, 'potassium_100g': 0.09892190234375, 'selenium_100g': 3.6314453125e-06, 'starch_100g': 0, 'sucrose_100g': 56.137609375, 'vitamin-a_100g': 1.1798828125e-05, 'vitamin-b12_100g': 2.1998046875e-07, 'vitamin-b1_100g': 2.3529296875e-05, 'vitamin-b2_100g': 9.2787109375e-05, 'vitamin-b6_100g': 2.2982421875e-05, 'vitamin-b9_100g': 1.94140625e-06, 'vitamin-c_100g': 0.00033359375, 'vitamin-d_100g': 2.559375e-08, 'vitamin-e_100g': 0.0006303828125, 'vitamin-pp_100g': 4.9806640625e-05, 'water_100g': 0.2227734375, 'zinc_100g': 0.00025583984375}",,,
Hacendado,"Condimentos,Salsas,en:Meal sauces,Salsas de tomate,Salsas de tomate frito,en:Groceries","Morocco, Romania, Spain, en:portugal",81.0,3.5,on,100g,c,Tomate frito,1.5,,,0.9825,0.3,6.9,,,,
"CF&R,Cœur de Lion,Savencia","Dairies,Fermented foods,Fermented milk products,Cheeses,Soft cheeses,Cow cheeses,Soft cheeses with bloomy rind,Pasteurised products,French cheeses,Pasteurized cheeses,Coulommiers","Algeria,France",283.0,23.0,on,100g,d,Coulommiers Doux et Crémeux,18.0,,100g,1.5,16.0,0.1,"{'alcohol_100g': 0, 'beta-carotene_100g': 6.895e-06, 'cholesterol_100g': 0.0024625, 'copper_100g': 1.2945e-05, 'fiber_100g': 0, 'fructose_100g': 0, 'galactose_100g': 0, 'glucose_100g': 0, 'iodine_100g': 3.78855e-05, 'iron_100g': 3.1725e-05, 'lactose_100g': 4.85605, 'magnesium_100g': 0.011449625, 'maltose_100g': 0, 'manganese_100g': 6.3175e-06, 'pantothenic-acid_100g': 0.0003546, 'phosphorus_100g': 0.097575, 'phylloquinone_100g': 0, 'polyols_100g': 0, 'potassium_100g': 0.15477175, 'selenium_100g': 1.63885e-06, 'starch_100g': 0, 'sucrose_100g': 0, 'vitamin-a_100g': 1.7533e-06, 'vitamin-b12_100g': 4.8265e-07, 'vitamin-b1_100g': 4.2355e-05, 'vitamin-b2_100g': 0.0001773, 'vitamin-b6_100g': 4.334e-05, 'vitamin-b9_100g': 4.8265e-06, 'vitamin-c_100g': 0.0012805, 'vitamin-d_100g': 7.3875e-08, 'vitamin-e_100g': 8.865e-06, 'vitamin-pp_100g': 9.062e-05, 'water_100g': 89.4382025, 'zinc_100g': 0.00041436}",,,
evia,"Produits laitiers, Produits fermentés, Desserts, Produits laitiers fermentés, Desserts lactés, Desserts lactés fermentés, Yaourts, Desserts lactés fermentés nature, Yaourts natures, Yaourts brassés, Yaourts à la grecque, Yaourts brassés nature",France,99.3333333333333,8.1,on,100g,c,Yaourt à la grecque,2.9,0.5,,0.0975,5.4,3.6,"{'alcohol_100g': 0, 'beta-carotene_100g': 2.70263333333333e-05, 'calcium_100g': 0.144189533333333, 'cholesterol_100g': 0.0209612666666667, 'copper_100g': 6.97166666666667e-06, 'fructose_100g': 0.130339666666667, 'galactose_100g': 0.00568966666666667, 'glucose_100g': 0.130339666666667, 'iodine_100g': 9.70143333333333e-06, 'iron_100g': 2.8083e-05, 'lactose_100g': 5.28441666666667, 'magnesium_100g': 0.0122144466666667, 'maltose_100g': 0.130339666666667, 'manganese_100g': 5.9126e-06, 'pantothenic-acid_100g': 0.00048408, 'phosphorus_100g': 0.115274533333333, 'phylloquinone_100g': 3.8817e-07, 'polyols_100g': 0, 'potassium_100g': 0.191828333333333, 'selenium_100g': 2.12741133333333e-05, 'starch_100g': 0.00653466666666667, 'sucrose_100g': 0.130677666666667, 'vitamin-a_100g': 5.01406916666667e-05, 'vitamin-b12_100g': 3.3295e-07, 'vitamin-b1_100g': 4.93373333333333e-05, 'vitamin-b2_100g': 0.0002038, 'vitamin-b6_100g': 3.23933333333333e-05, 'vitamin-b9_100g': 4.55113333333334e-06, 'vitamin-c_100g': 0.000413366666666667, 'vitamin-d_100g': 1.27690333333333e-07, 'vitamin-e_100g': 0.000133306166666667, 'vitamin-pp_100g': 8.40816666666667e-05, 'water_100g': 80.4287583333333, 'zinc_100g': 0.000463795}",,,
Panzani,"Condiments, Sauces, Sauces pour pâtes, Sauces tomate, Sauces aux légumes, Sauces tomate aux petits légumes, en:groceries, Sauces pour féculents, Sauces tomates cuisinée aux petits légumes, Kits repas","France, Germany",137.0,7.3,on,100g,d,Sauce Tomate concentrée cuisinée aux petits légumes,2.8,2.0,100g,2.9,0.5,9.3,"{'alcohol_100g': 0, 'beta-carotene_100g': 0.000329985194444444, 'calcium_100g': 0.0374507502777778, 'cholesterol_100g': 0.00144625, 'copper_100g': 4.47242916666667e-05, 'fructose_100g': 2.73351388888889, 'galactose_100g': 0, 'glucose_100g': 2.75785611111111, 'iodine_100g': 3.34778472222222e-05, 'iron_100g': 0.000597668027777778, 'lactose_100g': 0.127719833333333, 'magnesium_100g': 0.0303180383333333, 'maltose_100g': 0.176851944444444, 'manganese_100g': 0.000148573242777778, 'pantothenic-acid_100g': 0.000126406972222222, 'phosphorus_100g': 0.06379725, 'phylloquinone_100g': 8.55529055555556e-06, 'polyols_100g': 0.025875, 'potassium_100g': 0.426319990555556, 'selenium_100g': 1.71740416666667e-06, 'starch_100g': 3.22325, 'sucrose_100g': 1.95072722222222, 'vitamin-a_100g': 3.9325e-06, 'vitamin-b12_100g': 2.5025e-08, 'vitamin-b1_100g': 4.94826111111111e-05, 'vitamin-b2_100g': 4.79165e-05, 'vitamin-b6_100g': 5.38778055555556e-05, 'vitamin-b9_100g': 2.73618722222222e-05, 'vitamin-c_100g': 0.00274921111111111, 'vitamin-d_100g': 1.495e-08, 'vitamin-e_100g': 0.00382543527777778, 'vitamin-pp_100g': 0.000853526944444445, 'water_100g': 72.9472318055556, 'zinc_100g': 0.000202412555555556}",,,
Bjorg,"Plant-based foods and beverages,Plant-based foods,Breakfasts,Cereals and potatoes,Cereals and their products,Breakfast cereals,Cereals with fruits,Mueslis,Bircher-style mueslis,Mueslis with fruits,Bircher-style mueslis with fruits,Bircher-style sugar free muesli flakes with fruits","France,Switzerland",344.0,6.0,on,100g,a,"Muesli fibres - Son de blé, Figues, Pruneaux",12.0,15.0,100g,0.02,0.9,9.0,,,,
Lindt,"Snacks,Snacks sucrés,Cacao et dérivés,Chocolats,Chocolats noirs,Chocolats salés,Chocolats à la fleur de sel,Chocolats noirs salés,Chocolats au caramel,Chocolats noirs en tablette,Chocolats noirs au caramel,Chocolats noirs à la fleur de sel,Chocolats noirs extra fin",France,520.0,29.0,on,100g,e,Excellence Noir Caramel à la pointe de sel,5.4,,100g,0.4,17.0,52.0,,,,
Entremont,"Dairies,Fermented foods,Fermented milk products,Cheeses,Hard cheeses,Unpasteurised products,French cheeses,Unpasteurised cheeses,Comté,Aoc-cheeses,Labeled-cheeses,fr:Produits-aoc,fr:Produits-labellises,Cow cheeses","Belgium, France, Switzerland, en:morocco",410.0,34.0,on,100g,d,Comté,26.0,,,0.8,22.0,0.5,"{'alcohol_100g': 0, 'beta-carotene_100g': 6.916e-06, 'calcium_100g': 0.1215772, 'cholesterol_100g': 0.00247, 'copper_100g': 1.2456e-05, 'fiber_100g': 0, 'fructose_100g': 0, 'galactose_100g': 0, 'glucose_100g': 0, 'iodine_100g': 3.14484e-05, 'iron_100g': 3.08e-05, 'lactose_100g': 4.87084, 'magnesium_100g': 0.0114734, 'maltose_100g': 0, 'manganese_100g': 5.914e-06, 'pantothenic-acid_100g': 0.00035568, 'phosphorus_100g': 0.097844, 'phylloquinone_100g': 0, 'polyols_100g': 0, 'potassium_100g': 0.1551836, 'selenium_100g': 1.64208e-06, 'starch_100g': 0, 'sucrose_100g': 0, 'vitamin-a_100g': 1.75864e-06, 'vitamin-b12_100g': 4.8412e-07, 'vitamin-b1_100g': 4.2484e-05, 'vitamin-b2_100g': 0.00017784, 'vitamin-b6_100g': 4.3472e-05, 'vitamin-b9_100g': 4.8412e-06, 'vitamin-c_100g': 0.0012844, 'vitamin-d_100g': 7.41e-08, 'vitamin-e_100g': 8.892e-06, 'vitamin-pp_100g': 9.0896e-05, 'water_100g': 89.710508, 'zinc_100g': 0.000415312}",,,
Bridélice,"Produits laitiers,Crèmes,Crèmes légères,Crèmes semi-épaisses","France,Suisse",194.0,18.0,on,100g,d,Crème légère semi épaisse 18%,2.3,,100ml,0.12,12.0,3.8,"{'alcohol_100g': 0.0, 'beta-carotene_100g': 7.6538e-05, 'calcium_100g': 0.080631, 'cholesterol_100g': 0.088788, 'fiber_100g': 1.3722, 'fructose_100g': 0.049, 'galactose_100g': 0.049, 'glucose_100g': 0.049, 'iodine_100g': 1.03955e-05, 'lactose_100g': 2.597, 'maltose_100g': 0.049, 'pantothenic-acid_100g': 0.000245, 'phylloquinone_100g': 4.606e-07, 'polyols_100g': 0.0, 'potassium_100g': 0.10295, 'sucrose_100g': 0.05194, 'vitamin-b12_100g': 1.764e-07, 'vitamin-b1_100g': 2.744e-05, 'vitamin-b2_100g': 0.0001765, 'vitamin-b6_100g': 3.43625e-05, 'vitamin-b9_100g': 2.18665e-05, 'vitamin-d_100g': 1.666e-07, 'vitamin-pp_100g': 0.000147375, 'water_100g': 66.75575}",,,
Bonne Maman,"Snacks, Desserts, Snacks sucrés, Biscuits et gâteaux, Biscuits, Gâteaux, Gâteaux au chocolat, Madeleines, Gâteaux marbrés",France,454.0,28.0,on,100g,e,Gâteau marbré au chocolat,5.5,1.8,100g,0.38,11.0,27.0,"{'alcohol_100g': 0, 'beta-carotene_100g': 2.3621e-05, 'calcium_100g': 0.025446655, 'cholesterol_100g': 0.110556, 'fructose_100g': 0.0458, 'galactose_100g': 0.0071, 'glucose_100g': 0.0848, 'iodine_100g': 6.8652e-06, 'lactose_100g': 0.14156, 'maltose_100g': 0.26858, 'pantothenic-acid_100g': 0.00044338, 'phylloquinone_100g': 9.38395e-06, 'polyols_100g': 0, 'potassium_100g': 0.100882355, 'sucrose_100g': 27.5, 'vitamin-b12_100g': 3.1414e-07, 'vitamin-b1_100g': 7.3472e-05, 'vitamin-b2_100g': 0.000101361, 'vitamin-b6_100g': 5.6567e-05, 'vitamin-b9_100g': 1.33169e-05, 'vitamin-d_100g': 5.6585e-07, 'vitamin-pp_100g': 3.4532e-05, 'water_100g': 20.43218}",,,
Lesieur,"Aliments et boissons à base de végétaux,Aliments d'origine végétale,Matières grasses,Matières grasses végétales,Huiles,Huiles de colza","France,Guadeloupe,Martinique,Suisse",900.0,100.0,on,100g,b,Fleur de Colza,0.0,0.0,100g,0.0,7.2,0.0,"{'beta-carotene_100g': 0, 'calcium_100g': 0.00129, 'cholesterol_100g': 0, 'copper_100g': 5.2e-06, 'fructose_100g': 0, 'galactose_100g': 0, 'glucose_100g': 0, 'iodine_100g': 0, 'iron_100g': 2.3e-05, 'lactose_100g': 0, 'magnesium_100g': 0.00029, 'maltose_100g': 0, 'manganese_100g': 7.5e-07, 'pantothenic-acid_100g': 0, 'phosphorus_100g': 0, 'phylloquinone_100g': 7.13e-05, 'polyols_100g': 0, 'potassium_100g': 0.00041, 'selenium_100g': 5e-06, 'starch_100g': 0, 'sucrose_100g': 0, 'vitamin-a_100g': 0, 'vitamin-b12_100g': 0, 'vitamin-b1_100g': 0, 'vitamin-b2_100g': 0, 'vitamin-b6_100g': 0, 'vitamin-b9_100g': 0, 'vitamin-c_100g': 0, 'vitamin-d_100g': 0, 'vitamin-pp_100g': 0, 'water_100g': 0, 'zinc_100g': 2.6e-05}",,,
"Délisse, Marque Repère","Produits laitiers, Produits fermentés, Desserts, Produits laitiers fermentés, Fromages, Desserts lactés, Desserts lactés fermentés, Desserts lactés fermentés nature, Fromages blancs, Fromages blancs natures",France,69.0,3.0,on,100g,a,"Fromage blanc au lait demi-écrémé, 3% de Mat. Gr.",6.4,0.0,100g,0.125,1.9,4.0,"{'alcohol_100g': 0, 'beta-carotene_100g': 1.237825e-05, 'calcium_100g': 0.1122375, 'cholesterol_100g': 0.0110625, 'copper_100g': 3.25875e-06, 'fructose_100g': 0.048125, 'galactose_100g': 0.048125, 'glucose_100g': 0.048125, 'iodine_100g': 1.67725e-05, 'iron_100g': 3.4025e-05, 'lactose_100g': 4.494625, 'magnesium_100g': 0.010498125, 'maltose_100g': 0.048125, 'manganese_100g': 1.99375e-06, 'pantothenic-acid_100g': 0.000321625, 'phosphorus_100g': 0.0905375, 'phylloquinone_100g': 2.9375e-08, 'polyols_100g': 0, 'potassium_100g': 0.1442625, 'selenium_100g': 1.58575e-06, 'starch_100g': 0.003625, 'sucrose_100g': 0.0483125, 'vitamin-a_100g': 2.50675e-05, 'vitamin-b12_100g': 4.5225e-07, 'vitamin-b1_100g': 4.405e-05, 'vitamin-b2_100g': 0.00017325, 'vitamin-b6_100g': 4.53875e-05, 'vitamin-b9_100g': 1.174375e-05, 'vitamin-c_100g': 0.00118875, 'vitamin-d_100g': 8.7125e-08, 'vitamin-e_100g': 6.94e-05, 'vitamin-pp_100g': 9.6675e-05, 'water_100g': 84.71, 'zinc_100g': 0.000385875}",,,
Ethiquable,"Édulcorants,Sucres,Sucres roux,Sucres de canne,Sucres complets","France,Sénégal",384.0,0.0,on,100g,e,Sucre complet de canne,0.0,0.0,100g,0.1,0.0,96.0,"{'alcohol_100g': 0, 'beta-carotene_100g': 0, 'calcium_100g': 0.00369, 'cholesterol_100g': 0, 'copper_100g': 5.5e-06, 'fructose_100g': 0, 'galactose_100g': 0, 'glucose_100g': 0, 'iodine_100g': 3e-07, 'lactose_100g': 0, 'magnesium_100g': 0.00165, 'maltose_100g': 0, 'manganese_100g': 6.3e-06, 'pantothenic-acid_100g': 0, 'phosphorus_100g': 0, 'phylloquinone_100g': 0, 'polyols_100g': 0, 'potassium_100g': 0.0135, 'selenium_100g': 5e-06, 'starch_100g': 0, 'sucrose_100g': 99.8, 'vitamin-a_100g': 0, 'vitamin-b12_100g': 0, 'vitamin-b1_100g': 0, 'vitamin-b2_100g': 1.9e-05, 'vitamin-b6_100g': 0, 'vitamin-b9_100g': 0, 'vitamin-c_100g': 0, 'vitamin-d_100g': 0, 'vitamin-e_100g': 0, 'vitamin-pp_100g': 0, 'water_100g': 0.17, 'zinc_100g': 2e-05}",,,
Hacendado,"Bebidas y preparaciones de bebidas,Alimentos y bebidas de origen vegetal,Bebidas,Alimentos de origen vegetal,en:Dairy substitutes,Sustitutos de la leche,Frutos de cáscara y derivados,Bebidas de origen vegetal,Bebidas vegetales,Leches de frutos de cáscara,Productos pasteurizados,Bebidas no azucaradas,Leches de almendras","Portugal,España",16.0,1.5,on,100g,b,Bebida de almendra 0% azúcares,0.5,0.0,100ml,0.08,0.3,0.0,"{'alcohol_100g': 0.0, 'beta-carotene_100g': 1.2e-07, 'calcium_100g': 0.013885914, 'cholesterol_100g': 0.0, 'copper_100g': 4.71746e-05, 'fructose_100g': 0.0, 'galactose_100g': 0.0, 'glucose_100g': 0.0009, 'iodine_100g': 8.19e-07, 'iron_100g': 0.00012713, 'lactose_100g': 0.0, 'magnesium_100g': 0.008985522, 'maltose_100g': 0.0042, 'manganese_100g': 5.6030116e-05, 'pantothenic-acid_100g': 9.3e-06, 'phosphorus_100g': 0.0144332, 'phylloquinone_100g': 0.0, 'polyols_100g': 0.0, 'potassium_100g': 0.020473034, 'selenium_100g': 7.771e-07, 'starch_100g': 0.03, 'sucrose_100g': 0.1338, 'vitamin-a_100g': 0.0, 'vitamin-b12_100g': 0.0, 'vitamin-b1_100g': 5.7e-06, 'vitamin-b2_100g': 2.13e-05, 'vitamin-b6_100g': 3.6e-06, 'vitamin-b9_100g': 1.47e-06, 'vitamin-c_100g': 0.0, 'vitamin-d_100g': 0.0, 'vitamin-e_100g': 0.000714, 'vitamin-pp_100g': 0.000105, 'water_100g': 95.5153108, 'zinc_100g': 9.9627e-05}",,,
BRIOCHE PASQUIER,"Aliments et boissons à base de végétaux,Aliments d'origine végétale,Céréales et pommes de terre,Céréales et dérivés,Pains,Pains grillés,B",France,388.0,3.5,on,100g,c,Pain Grillé l'Original,11.0,4.3,100g,1.3,0.4,4.1,,,,
"Lidl,Sondey","Snacks,Sweet snacks,Frozen foods,Biscuits and cakes,Biscuits,Chocolate biscuits",France,467.0,18.0,on,100g,d,Biscuits Germe de Blé et Pépites de Chocolat,9.1,4.2,100g,0.69,2.8,21.0,,,,
Amora,"Condiments,Sauces,Mayonnaises,Mayonnaises de Dijon,en:groceries,matières grasses",France,697.0,76.0,on,100g,c,AMORA Mayonnaise 5 Ingrédients 400g,1.5,0.8,100g,1.2,6.0,0.5,,,,
Nestlé,Lait 1er âge en poudre soluble,Maroc,,,,100g,not-applicable,nido,,,100g,,,,,,on,
Petit Navire,"Produits de la mer, Poissons et dérivés, Conserves, Poissons, Poissons gras, Poissons en conserve, Filets de poissons, Maquereaux, Filets de maquereaux, Filets de maquereaux au vin blanc et aromates, Maquereaux en conserve",France,154.0,11.0,on,100g,b,Filets de maquereaux,13.0,0.0,100g,0.8,3.0,0.0,"{'alcohol_100g': 1.25581153846154, 'beta-carotene_100g': 9.97520961538457e-05, 'calcium_100g': 0.0109235234615384, 'chloride_100g': 0.0492, 'cholesterol_100g': 0.02982, 'copper_100g': 7.03616442307692e-05, 'fructose_100g': 0.0253401923076923, 'galactose_100g': 0.00315865384615383, 'glucose_100g': 0.0291167307692307, 'iodine_100g': 1.09660884615385e-05, 'iron_100g': 0.000474097307692307, 'lactose_100g': 0.0104278846153846, 'magnesium_100g': 0.0203930492307692, 'maltose_100g': 0.0104278846153846, 'manganese_100g': 0.000142756036153846, 'pantothenic-acid_100g': 1.40351923076923e-05, 'phosphorus_100g': 0.119250846153846, 'phylloquinone_100g': 2.40881846153845e-05, 'polyols_100g': 0.007375, 'potassium_100g': 0.231245227307692, 'selenium_100g': 4.3, 'starch_100g': 0.501710769230769, 'sucrose_100g': 0.0113578846153846, 'vitamin-a_100g': 1.95576923076922e-08, 'vitamin-b12_100g': 0, 'vitamin-b1_100g': 3.63976923076922e-06, 'vitamin-b2_100g': 4.11053846153844e-06, 'vitamin-b6_100g': 0.000323749711538462, 'vitamin-b9_100g': 3.49328076923076e-06, 'vitamin-c_100g': 0.00491724038461537, 'vitamin-d_100g': 3.9e-10, 'vitamin-e_100g': 0.000685909807692307, 'vitamin-pp_100g': 3.18621153846152e-05, 'water_100g': 75.1172323461538, 'zinc_100g': 0.000393045519230769}",,,
Herta,"Viandes et dérivés,Viandes,Charcuteries,Porc et dérivés,Charcuteries diverses,Allumettes de porc,Lardons de porc,en:Pork (prepared),Allumettes de porc fumées",France,239.0,19.0,on,100g,d,HERTA Allumettes Fumées conservation sans nitrite - 2x75g,17.0,0.0,100g,2.2,7.0,0.0,,,,
Heudebert,"Aliments et boissons à base de végétaux,Aliments d'origine végétale,Céréales et pommes de terre,Pains,Biscottes,Pains grillés","France, en:reunion",432.0,5.0,on,100g,c,Biscotte gout brioche heudebert,5.0,1.7,,0.5,2.2,5.4,,,,
Bjorg,"Beverages and beverages preparations,Plant-based foods and beverages,Beverages,Plant-based foods,Dairy substitutes,Milk substitutes,Nuts and their products,Plant-based beverages,Plant-based milk alternatives,Nut-based drinks,Almond-based drinks,Sweetened plain almond-based drinks","France,Martinique,Morocco,Réunion",61.0,4.0,on,100g,d,Amande intense,1.2,0.9,100ml,0.09,0.4,4.0,"{'alcohol_100g': 0.0, 'beta-carotene_100g': 2.8e-07, 'calcium_100g': 0.0245421665, 'cholesterol_100g': 0.0, 'copper_100g': 8.85261e-05, 'fructose_100g': 0.0, 'galactose_100g': 0.0, 'glucose_100g': 0.0021, 'iodine_100g': 1.02015, 'iron_100g': 0.00026019175, 'lactose_100g': 0.0, 'magnesium_100g': 0.0239892545, 'maltose_100g': 0.0098, 'manganese_100g': 0.000130866031, 'pantothenic-acid_100g': 2.17e-05, 'phosphorus_100g': 0.0337518, 'phylloquinone_100g': 0.0, 'polyols_100g': 0.0, 'potassium_100g': 0.0480879465, 'selenium_100g': 1.2398875e-06, 'starch_100g': 0.07, 'sucrose_100g': 2.3082, 'vitamin-a_100g': 0.0, 'vitamin-b12_100g': 0.0, 'vitamin-b1_100g': 1.33e-05, 'vitamin-b2_100g': 5.008e-05, 'vitamin-b6_100g': 8.4e-06, 'vitamin-b9_100g': 3.43e-06, 'vitamin-c_100g': 0.0, 'vitamin-d_100g': 0.0, 'vitamin-e_100g': 0.001666, 'vitamin-pp_100g': 0.000245, 'water_100g': 87.31244375, 'zinc_100g': 0.00021876485}",,,
Céréal Bio,"Plant-based foods and beverages,Plant-based foods,Cereals and vegetables patties",France,189.0,5.2,on,100g,b,Galettes millet et boulghour aux champignons,6.8,5.3,,1.0,0.6,3.7,"{'alcohol_100g': 0, 'beta-carotene_100g': 3.3525e-06, 'calcium_100g': 0.0256076, 'chloride_100g': 0, 'cholesterol_100g': 0, 'copper_100g': 0.000307846175, 'fructose_100g': 0.2399, 'galactose_100g': 0, 'glucose_100g': 0.3218, 'iodine_100g': 1.30675e-06, 'iron_100g': 0.002014828465, 'lactose_100g': 0.036175, 'magnesium_100g': 0.091642, 'maltose_100g': 0.093245, 'manganese_100g': 0.002013525, 'pantothenic-acid_100g': 0.00033505, 'phosphorus_100g': 0.2111105, 'phylloquinone_100g': 1.21425e-07, 'polyols_100g': 0.096125, 'potassium_100g': 0.3217165, 'selenium_100g': 1.102525e-06, 'starch_100g': 33.535425, 'sucrose_100g': 0.446215, 'vitamin-a_100g': 0, 'vitamin-b12_100g': 0, 'vitamin-b1_100g': 4.13025e-05, 'vitamin-b2_100g': 6.82425e-05, 'vitamin-b6_100g': 0.00027467, 'vitamin-b9_100g': 1.03513e-05, 'vitamin-c_100g': 0.0009879, 'vitamin-d_100g': 3.589e-08, 'vitamin-e_100g': 0.0004218125, 'vitamin-pp_100g': 0.0006928475, 'water_100g': 30.89361, 'zinc_100g': 0.00178115}",,,
Bonne Maman,"Aliments et boissons à base de végétaux, Aliments d'origine végétale, Aliments à base de fruits et de légumes, Petit-déjeuners, Produits à tartiner, Fruits et produits dérivés, Pâtes à tartiner végétales, Produits à tartiner sucrés, Confitures et marmelades, Confitures, Confitures d'abricot","France, Suisse, en:us",164.0,0.2,on,100g,d,Confiture Abricot INTENSE,0.8,1.6,100g,0.0,0.0,39.0,,,,
Nixe,"Frutti di mare,en:Fishes and their products,Alimenti in scatola,Pesci,en:Fatty fishes,Pesce in scatola,Tonno,Tonno in scatola","Австрия,Белгия,Франция,Германия,Гърция,Италия,Нидерландия,Румъния,Швейцария,България",57.062619502868,0.9,on,100g,a,Fisch Thunfisch Filets in eigenem Saft,27.8,0.0,,0.89,0.3,0.0,"{'alcohol_100g': 0, 'beta-carotene_100g': 0, 'calcium_100g': 0.0152963565, 'cholesterol_100g': 0.02618, 'copper_100g': 0.00010460185, 'fructose_100g': 0, 'galactose_100g': 0, 'glucose_100g': 0, 'iodine_100g': 2.899, 'iron_100g': 0.001370957, 'lactose_100g': 0, 'magnesium_100g': 0.027110312, 'maltose_100g': 0, 'manganese_100g': 1.8428951e-05, 'pantothenic-acid_100g': 0.0005082, 'phosphorus_100g': 0.1763656, 'phylloquinone_100g': 0, 'polyols_100g': 0, 'potassium_100g': 0.3305698565, 'selenium_100g': 7.4882e-05, 'sucrose_100g': 0, 'vitamin-a_100g': 0.00020405, 'vitamin-b12_100g': 2.9183e-06, 'vitamin-b1_100g': 0.0001001, 'vitamin-b2_100g': 9.24e-05, 'vitamin-b6_100g': 0.0004158, 'vitamin-b9_100g': 1.0472e-05, 'vitamin-c_100g': 0.0010549, 'vitamin-d_100g': 6.006e-06, 'vitamin-e_100g': 0.000924, 'vitamin-pp_100g': 0.00847, 'water_100g': 73.83712015, 'zinc_100g': 0.00042637265}",,,
"Gerblé, Gerblé Bio","Biscuits and cakes,Biscuits",France,465.0,18.0,on,100g,c,Biscuits Petit déj Bio Céréales Miel,7.4,6.7,100g,0.37,1.8,16.0,,,,
SONDEY,Biscuits,France,457.0,16.0,on,100g,c,Biscuits au Germe de Blé Soja et Orange,11.0,4.4,100g,0.35,1.3,18.0,,,,
Marie,"Plats préparés,Plats préparés au poisson,Plats au cabillaud","France,Suisse",1415.9,5.9,on,100g,b,Cabillaud sauce Citron riz aux petits légumes,8.6,0.8,100g,0.67,1.5,0.7,"{'alcohol_100g': 0, 'beta-carotene_100g': 0.00116639415, 'calcium_100g': 0.022885309, 'cholesterol_100g': 0.0184108, 'copper_100g': 9.18895, 'fructose_100g': 0.2177525, 'galactose_100g': 0.00265, 'glucose_100g': 0.232553, 'iodine_100g': 3.98321e-05, 'iron_100g': 0.000963633, 'lactose_100g': 0.188394, 'magnesium_100g': 0.0216210745, 'maltose_100g': 0.082974, 'manganese_100g': 0.000450118011, 'pantothenic-acid_100g': 0.000119459, 'phosphorus_100g': 0.09727655, 'phylloquinone_100g': 8.06189e-06, 'polyols_100g': 0.03675, 'potassium_100g': 0.208465789, 'selenium_100g': 4.4165e-05, 'starch_100g': 22.651724, 'sucrose_100g': 0.658952, 'vitamin-a_100g': 1.1493e-05, 'vitamin-b12_100g': 4.1874e-07, 'vitamin-b1_100g': 1.93513e-05, 'vitamin-b2_100g': 3.00925e-05, 'vitamin-b6_100g': 0.0001089855, 'vitamin-b9_100g': 2.07521e-05, 'vitamin-c_100g': 0.004654745, 'vitamin-d_100g': 4.4845e-07, 'vitamin-e_100g': 0.0014056655, 'vitamin-pp_100g': 0.0007246675, 'water_100g': 59.44295545, 'zinc_100g': 0.0006209721}",,,
"Heudebert, Lu, Mondelez","Plant-based foods and beverages, Plant-based foods, Cereals and potatoes, Specific products, Products for specific diets, Breads, Products with reduced salt, Rusks, fr:biscottes-pauvres-en-sel, en:rusks-without-salt","France,Polynésie française,La Réunion,Suisse",407.0,6.1,on,100g,c,Biscottes Pleine vie Sans sel ajouté,12.0,3.7,100g,0.01,2.7,4.8,"{'alcohol_100g': 0, 'beta-carotene_100g': 3.046875e-06, 'cholesterol_100g': 1.82291666666667e-05, 'copper_100g': 0.00018703125, 'fructose_100g': 19.8552083333333, 'galactose_100g': 0, 'glucose_100g': 0.0739583333333333, 'iodine_100g': 7.97395833333334e-06, 'iron_100g': 0.00152239583333333, 'lactose_100g': 0.0635416666666667, 'magnesium_100g': 0.0504869791666667, 'maltose_100g': 0.72125, 'manganese_100g': 0.00134565104166667, 'pantothenic-acid_100g': 0.000547708333333333, 'phosphorus_100g': 0.187104166666667, 'phylloquinone_100g': 1.0875e-06, 'polyols_100g': 10.7291666666667, 'potassium_100g': 0.252041666666667, 'selenium_100g': 7.3125e-06, 'starch_100g': 37.05, 'sucrose_100g': 0.331875, 'vitamin-a_100g': 5.46875, 'vitamin-b12_100g': 1.77083333333333e-08, 'vitamin-b1_100g': 0.000755833333333333, 'vitamin-b2_100g': 5.52083333333333e-05, 'vitamin-b6_100g': 0.000110130208333333, 'vitamin-b9_100g': 5.13197916666666e-05, 'vitamin-c_100g': 0.000158854166666667, 'vitamin-d_100g': 8.26041666666667e-08, 'water_100g': 7.7765625}",,,
سنطرال,"منتجات`الألبان, حليب, en:Homogenized milks, en:Pasteurised milks, en:Whole milks, es:Leche entera esterilizada","France,Maroc",,1.5,on,100g,unknown,,,,100ml,,,,,,,
gullón,"Snacks, Sweet snacks, Biscuits and cakes, Biscuits","Bulgaria, France, Italy, Morocco, en:romania",459.0,19.0,on,100g,c,Cuor di Cereale,7.2,11.0,,0.75,1.7,21.0,,,,
,en:cheeses,en:ma,253.0,21.0,on,100g,a,Original Doux & crémeux,10.0,,100g,0.0,0.0,0.0,,,,
Yoplait,"Produits laitiers,Produits fermentés,Produits laitiers fermentés,Fromages,Desserts,Desserts lactés,Desserts lactés fermentés,Fromages blancs - petit suisses et skyr,Skyrs",France,78.8718929254301,0.5,on,100g,a,Skyr vanille,7.8,,,0.12,0.1,10.0,"{'alcohol_100g': 1.16795, 'beta-carotene_100g': 0.000293934305555556, 'calcium_100g': 0.0656750891666667, 'cholesterol_100g': 0.00629922222222222, 'copper_100g': 1.43816444444444e-05, 'fiber_100g': 0.864195833333333, 'fructose_100g': 0.0859902777777778, 'galactose_100g': 0.227741111111111, 'glucose_100g': 0.0969535, 'iodine_100g': 1.31728833333333e-05, 'iron_100g': 0.000165781722222222, 'lactose_100g': 1.02677394444444, 'magnesium_100g': 0.00737588916666667, 'maltose_100g': 0.0284475, 'manganese_100g': 4.33097216666667e-05, 'pantothenic-acid_100g': 0.000160462166666667, 'phosphorus_100g': 0.0513470833333333, 'phylloquinone_100g': 2.00798888888889e-07, 'polyols_100g': 0.00877430555555558, 'potassium_100g': 0.101750096388889, 'selenium_100g': 1.86157555555556e-06, 'starch_100g': 3.10253888888889, 'sucrose_100g': 7.27633166666667, 'vitamin-a_100g': 5.33011111111111e-06, 'vitamin-b12_100g': 1.59903333333333e-07, 'vitamin-b1_100g': 2.18204444444444e-05, 'vitamin-b2_100g': 0.000128112430555556, 'vitamin-b6_100g': 3.32622083333333e-05, 'vitamin-b9_100g': 1.45891638888889e-05, 'vitamin-c_100g': 0.00107348819444444, 'vitamin-d_100g': 3.87644444444444e-07, 'vitamin-e_100g': 5.16274722222222e-05, 'vitamin-pp_100g': 0.000101985416666667, 'water_100g': 78.7129875, 'zinc_100g': 0.000213859416666667}",,,
"Carrefour BIO, Carrefour","Aliments et boissons à base de végétaux, Boissons, Aliments d'origine végétale, Substituts de produits laitiers, Substituts du lait, Fruits à coques et dérivés, Boissons à base de végétaux, Boissons végétales, Boissons végétales de fruits à coque, Boissons sans sucre ajouté, Laits d'amande","France, Italy, Poland, Romania, Spain, en:belgium",26.0,1.7,on,100g,b,Amande Sans sucres,0.7,0.5,100ml,0.1,0.2,0.5,"{'alcohol_100g': 0.0, 'beta-carotene_100g': 1.12e-07, 'calcium_100g': 0.014559085, 'cholesterol_100g': 0.0, 'copper_100g': 4.6429e-05, 'fructose_100g': 0.0, 'galactose_100g': 0.0, 'glucose_100g': 0.00084, 'iodine_100g': 7.1834, 'iron_100g': 0.0001271475, 'lactose_100g': 0.0, 'magnesium_100g': 0.011547205, 'maltose_100g': 0.00392, 'manganese_100g': 6.057219e-05, 'pantothenic-acid_100g': 8.68e-06, 'phosphorus_100g': 0.01431, 'phylloquinone_100g': 0.0, 'polyols_100g': 0.0, 'potassium_100g': 0.019933285, 'selenium_100g': 7.87575e-07, 'starch_100g': 1.246, 'sucrose_100g': 0.12488, 'vitamin-a_100g': 0.0, 'vitamin-b12_100g': 0.0, 'vitamin-b1_100g': 5.32e-06, 'vitamin-b2_100g': 1.9992e-05, 'vitamin-b6_100g': 3.43e-06, 'vitamin-b9_100g': 1.386e-06, 'vitamin-c_100g': 0.0, 'vitamin-d_100g': 0.0, 'vitamin-e_100g': 0.0006664, 'vitamin-pp_100g': 9.842e-05, 'water_100g': 93.2331075, 'zinc_100g': 9.79425e-05}",,,
Paysan breton,"Produits laitiers, Produits fermentés, Produits laitiers fermentés, Produits à tartiner, Fromages, Produits à tartiner salés, Fromages à tartiner, Fromage fouetté",France,252.0,24.0,on,100g,d,Fromage tartinable Nature,5.9,0.0,100g,1.1,17.3,3.0,"{'alcohol_100g': 0, 'beta-carotene_100g': 7.7142e-05, 'calcium_100g': 0.620995, 'cholesterol_100g': 0.0888122, 'copper_100g': 0.00013022, 'fructose_100g': 0.070219, 'galactose_100g': 0.071208, 'glucose_100g': 0.070219, 'iodine_100g': 3.36259, 'iron_100g': 0.00027022, 'lactose_100g': 0.31648, 'magnesium_100g': 0.0335428, 'maltose_100g': 0.071208, 'manganese_100g': 2.9012e-05, 'pantothenic-acid_100g': 0.00050439, 'phosphorus_100g': 0.449094, 'phylloquinone_100g': 1.71097e-06, 'polyols_100g': 0, 'potassium_100g': 0.121791, 'selenium_100g': 7.67025e-06, 'starch_100g': 0.0074175, 'sucrose_100g': 0.074175, 'vitamin-a_100g': 0.000223514, 'vitamin-b12_100g': 1.34504e-06, 'vitamin-b1_100g': 3.4615e-05, 'vitamin-b2_100g': 0.00040549, 'vitamin-b6_100g': 0.00010879, 'vitamin-b9_100g': 3.40216e-05, 'vitamin-c_100g': 5.6373e-05, 'vitamin-d_100g': 2.8681e-07, 'vitamin-e_100g': 0.00054395, 'vitamin-pp_100g': 0.000989, 'water_100g': 45.73305, 'zinc_100g': 0.002839398}",,,
Alpro,"Plantaardige drinks, Plantaardige zuivel alternatieven, Sojadrink, Vegetarisch, Vegan en plantaardig, en:milk-substitutes",Belgium,33.0,1.9,on,100g,a,Soja Milch,3.3,0.6,100g,0.09,0.3,0.0,,,,
Coca-Cola,"Boissons,Boissons gazeuses,Sodas,Sodas au cola,Boissons avec sucre ajouté","Morocco, en:belgium",42.0,0.0,on,100g,e,Coca-Cola slim 25cl,0.0,0.0,100g,0.0208,0.0,10.6,,,,
,"Boissons,Eaux,Eaux de sources,Eaux minérales","France, en:morocco",0.0,0.0,on,100g,a,Eau minérale,0.0,,100g,0.0,0.0,0.0,,,,
Kinder,"Snacks,Snacks sucrés,Cacao et dérivés,Confiseries,Confiseries chocolatées,Barres,Barres chocolatées,Barres chocolatées biscuitées,Barres chocolatées biscuitées aux noisettes","Algérie,Belgique,Allemagne,Italie,Maroc,Espagne,Suisse,Tunisie,Royaume-Uni,États-Unis,France",,,,100g,a,bueno,,,100g,,,,,,on,
Mont blanc,"Boissons, Eaux, Eaux de sources, Eaux minérales, Boissons sans alcool, Eaux minérales naturelles, Boissons et préparations de boissons",France,0.0,0.0,on,100g,a,MONT BLANC Eau Minérale Naturelle 1.50 L,0.0,0.0,100ml,0.0005,0.0,0.0,"{'beta-carotene_100g': 0.0, 'cholesterol_100g': 0.0, 'copper_100g': 1.7e-05, 'fructose_100g': 0.0, 'galactose_100g': 0.0, 'glucose_100g': 0.0, 'iodine_100g': 0.0, 'iron_100g': 3e-05, 'lactose_100g': 0.0, 'maltose_100g': 0.0, 'manganese_100g': 8.2e-07, 'pantothenic-acid_100g': 0.0, 'phosphorus_100g': 0.0, 'phylloquinone_100g': 0.0, 'polyols_100g': 0.0, 'selenium_100g': 5e-07, 'starch_100g': 0.0, 'sucrose_100g': 0.0, 'vitamin-a_100g': 0.0, 'vitamin-b12_100g': 0.0, 'vitamin-b1_100g': 0.0, 'vitamin-b2_100g': 0.0, 'vitamin-b6_100g': 0.0, 'vitamin-b9_100g': 0.0, 'vitamin-c_100g': 0.0, 'vitamin-d_100g': 0.0, 'vitamin-e_100g': 0.0, 'vitamin-pp_100g': 0.0, 'water_100g': 100.0, 'zinc_100g': 1.1e-05}",,,
"Heinz, Fach 3","Condiments,Sauces,Tomato sauces,Ketchup,Tomato Ketchup,Groceries","Belgium,France,Germany,Switzerland",102.0,0.1,on,100g,d,Tomato Ketchup 910g,1.2,,,1.8,0.1,22.8,"{'alcohol_100g': 0.05, 'beta-carotene_100g': 0.0002245390625, 'calcium_100g': 0.0082375, 'cholesterol_100g': 0, 'fiber_100g': 0.6703125, 'fructose_100g': 0.7140625, 'galactose_100g': 0, 'glucose_100g': 0.5540625, 'iodine_100g': 0.00011716875, 'lactose_100g': 0.0140625, 'maltose_100g': 0.0140625, 'pantothenic-acid_100g': 0.00011421875, 'phylloquinone_100g': 3.95625e-06, 'polyols_100g': 0.040875, 'potassium_100g': 0.15225625, 'sucrose_100g': 12.5125, 'vitamin-b12_100g': 0, 'vitamin-b1_100g': 2.0421875e-05, 'vitamin-b2_100g': 1.2515625e-05, 'vitamin-b6_100g': 4.4375e-05, 'vitamin-b9_100g': 1.1959375e-05, 'vitamin-d_100g': 0, 'vitamin-pp_100g': 0.0003296875, 'water_100g': 71.6854375}",,,
Terres et Céréales,"Aliments et boissons à base de végétaux,Aliments d'origine végétale,Petit-déjeuners,Céréales et pommes de terre,Céréales et dérivés,Surgelés,Céréales pour petit-déjeuner,Céréales au chocolat,Mueslis,Mueslis au chocolat",France,407.0,11.0,on,100g,c,Muesli au chocolat,11.0,9.3,100g,0.15,4.6,7.9,,,,
Brets,"Plant-based foods and beverages,Plant-based foods,Snacks,Cereals and potatoes,Salty snacks,Appetizers,Chips and fries,Crisps,Potato crisps,Flavoured potato crisps,Wavy potato crisps",France,522.0,31.0,on,100g,d,Chips saveur Pesto Mozzarella,6.3,4.8,100g,1.4,2.6,3.4,"{'alcohol_100g': 0, 'beta-carotene_100g': 6.04465e-05, 'calcium_100g': 0.01554559, 'cholesterol_100g': 0.0011816, 'copper_100g': 5.427785e-05, 'fructose_100g': 0.197687, 'galactose_100g': 0.003794, 'glucose_100g': 0.239827, 'iodine_100g': 1.8199e-05, 'iron_100g': 0.00025161033, 'lactose_100g': 0.00959, 'magnesium_100g': 0.01172785, 'maltose_100g': 0.003304, 'manganese_100g': 6.94381e-05, 'pantothenic-acid_100g': 0.00035518, 'phosphorus_100g': 0.0301689, 'phylloquinone_100g': 1.286666e-05, 'polyols_100g': 0.0035, 'potassium_100g': 0.2314623, 'selenium_100g': 6.41485e-06, 'starch_100g': 9.5171825, 'sucrose_100g': 0.829255, 'vitamin-a_100g': 2.807, 'vitamin-b12_100g': 2.548, 'vitamin-b1_100g': 5.0526e-05, 'vitamin-b2_100g': 1.9145e-05, 'vitamin-b6_100g': 0.000216279, 'vitamin-b9_100g': 2.08159e-05, 'vitamin-c_100g': 0.003127789, 'vitamin-d_100g': 4.604e-08, 'vitamin-e_100g': 0.017792505, 'vitamin-pp_100g': 0.001066555, 'water_100g': 50.247129, 'zinc_100g': 0.000157256}",,,
"LU,Mondelez","Snacks,Sweet snacks,Biscuits and cakes,Biscuits and crackers,Biscuits,Filled biscuits",France,340.12354758,1.53846153846154,on,100g,d,Chamonix,4.15384615384615,1.53846153846154,100g,0.0192307692307692,0.769230769230769,42.3076923076923,"{'alcohol_100g': 0, 'beta-carotene_100g': 2.2918e-06, 'calcium_100g': 0.015346545, 'cholesterol_100g': 0.01624, 'copper_100g': 0.00010812215, 'fructose_100g': 43.92434, 'galactose_100g': 0, 'glucose_100g': 0.17107, 'iodine_100g': 6.42805e-06, 'iron_100g': 0.0009101105, 'lactose_100g': 0.041, 'magnesium_100g': 0.027395155, 'maltose_100g': 0.380086, 'manganese_100g': 0.000799565, 'pantothenic-acid_100g': 0.00018416, 'phosphorus_100g': 0.08823705, 'phylloquinone_100g': 6.645e-07, 'polyols_100g': 23.72825, 'potassium_100g': 0.11473777, 'selenium_100g': 4.67045e-06, 'starch_100g': 21.357, 'sucrose_100g': 5.66454, 'vitamin-a_100g': 0, 'vitamin-b12_100g': 0, 'vitamin-b1_100g': 9.697e-05, 'vitamin-b2_100g': 3.3415e-06, 'vitamin-b6_100g': 4.65e-05, 'vitamin-b9_100g': 1.0967e-05, 'vitamin-c_100g': 0.002983, 'vitamin-d_100g': 4.68e-08, 'vitamin-e_100g': 0.00052427, 'vitamin-pp_100g': 4.07e-05, 'water_100g': 10.184915, 'zinc_100g': 0.000747277}",,,
U,"Produits laitiers, Produits fermentés, Desserts, Produits laitiers fermentés, Fromages, Desserts lactés, Desserts lactés fermentés, Desserts lactés fermentés nature, Réfrigérés, Fromages blancs, Fromages blancs natures",France,74.0,3.0,on,100g,a,"Fromage blanc nature 3,0%mg pot 900g",7.3,0.5,100g,0.19,2.0,4.3,"{'alcohol_100g': 0, 'beta-carotene_100g': 1.04250666666667e-05, 'cholesterol_100g': 0.0069004, 'copper_100g': 1.1468e-05, 'fructose_100g': 0.00253333333333333, 'galactose_100g': 0.00253333333333333, 'glucose_100g': 0.00253333333333333, 'iodine_100g': 2.29902666666667e-05, 'iron_100g': 3.26853333333333e-05, 'lactose_100g': 4.68958666666667, 'magnesium_100g': 0.01113032, 'maltose_100g': 0.00253333333333333, 'manganese_100g': 5.23906666666667e-06, 'pantothenic-acid_100g': 0.000345306666666667, 'phosphorus_100g': 0.0948301333333333, 'phylloquinone_100g': 2.38133333333333e-08, 'polyols_100g': 0, 'potassium_100g': 0.150388, 'selenium_100g': 1.59362666666667e-06, 'starch_100g': 0.00293866666666666, 'sucrose_100g': 0.00268533333333333, 'vitamin-a_100g': 1.23353866666667e-05, 'vitamin-b12_100g': 4.6188e-07, 'vitamin-b1_100g': 4.11506666666667e-05, 'vitamin-b2_100g': 0.00017544, 'vitamin-b6_100g': 4.24293333333333e-05, 'vitamin-b9_100g': 5.65746666666667e-06, 'vitamin-c_100g': 0.0012164, 'vitamin-e_100g': 3.46626666666666e-05, 'vitamin-pp_100g': 9.2608e-05, 'water_100g': 87.3445333333333, 'zinc_100g': 0.00040176}",,,
Lotus,"Breakfasts, Spreads, Sweet spreads, fr:Pâtes à tartiner, Confectionary based spreads, Speculoos spreads, en:biscuits","France, en:morocco",584.0,38.1,on,100g,e,Biscoff Creamy,2.9,0.8,100g,0.54,7.6,36.8,,,,
"Crownfield, Lidl","Aliments et boissons à base de végétaux,Aliments d'origine végétale,Petit-déjeuners,Céréales et pommes de terre,Céréales et dérivés,Céréales pour petit-déjeuner,Flocons,Flocons de céréales,Céréales extrudées,Flocons extrudés,Corn-flakes,Corn flakes natures","France,Allemagne,Suisse",386.0,1.2,on,100g,d,Corn Flakes,8.0,1.9,,1.95,0.6,3.0,"{'alcohol_100g': 0, 'beta-carotene_100g': 6.241625e-06, 'calcium_100g': 0.0386299375, 'cholesterol_100g': 0, 'copper_100g': 0.00019398875, 'fructose_100g': 0.05473425, 'galactose_100g': 0, 'glucose_100g': 0.19205, 'iodine_100g': 2.3022, 'lactose_100g': 0, 'magnesium_100g': 0.09608873125, 'maltose_100g': 1.1619025, 'manganese_100g': 0.0007697795, 'pantothenic-acid_100g': 0.00057615, 'phosphorus_100g': 0.249764, 'phylloquinone_100g': 1.72845e-06, 'polyols_100g': 0, 'selenium_100g': 1.23723875e-05, 'starch_100g': 61.552025, 'sucrose_100g': 1.631435, 'vitamin-a_100g': 0, 'vitamin-b12_100g': 0, 'vitamin-b1_100g': 0.0003841, 'vitamin-b2_100g': 0.00013472, 'vitamin-b6_100g': 0.000480125, 'vitamin-b9_100g': 0.00011042875, 'vitamin-c_100g': 0, 'vitamin-d_100g': 0, 'vitamin-e_100g': 0.001632425, 'vitamin-pp_100g': 0.002016525, 'water_100g': 13.062284125, 'zinc_100g': 0.001825864}",,,
Saupiquet,"Seafood, Fishes and their products, Canned foods, Fishes, Fatty fishes, Canned fishes, Fish fillets, Mackerels, Mackerel fillets, Mackerel fillets in mustard sauce, en:tinned-mackerels",France,201.0,17.0,on,100g,d,Filets de Maquereaux à la moutarde,11.0,0.6,,1.3,3.2,0.3,"{'alcohol_100g': 0.008, 'beta-carotene_100g': 8.13075e-06, 'calcium_100g': 0.01498693, 'chloride_100g': 0.04592, 'cholesterol_100g': 0.027832, 'copper_100g': 7.49545e-05, 'fructose_100g': 0.053095, 'galactose_100g': 0.000975, 'glucose_100g': 0.07236, 'iodine_100g': 1.28939e-05, 'iron_100g': 0.0005530725, 'lactose_100g': 0.006, 'magnesium_100g': 0.0217778025, 'maltose_100g': 0.006, 'manganese_100g': 0.00019532012, 'pantothenic-acid_100g': 2.703e-05, 'phosphorus_100g': 0.119086925, 'phylloquinone_100g': 1.0638e-06, 'polyols_100g': 0, 'potassium_100g': 0.215309705, 'selenium_100g': 1.08595e-06, 'starch_100g': 0.8424, 'sucrose_100g': 0.01253, 'vitamin-a_100g': 0, 'vitamin-b12_100g': 0, 'vitamin-b1_100g': 9.58e-06, 'vitamin-b2_100g': 3.9245e-06, 'vitamin-b6_100g': 0.0003040475, 'vitamin-b9_100g': 7.482e-07, 'vitamin-c_100g': 0.000157625, 'vitamin-d_100g': 5.98e-09, 'vitamin-e_100g': 0.002909495, 'vitamin-pp_100g': 4.8785e-05, 'water_100g': 70.551458, 'zinc_100g': 0.0004026655}",,,
TERRES ET CÉRÉALES,"Aliments et boissons à base de végétaux, Aliments d'origine végétale, Petit-déjeuners, Céréales et pommes de terre, Céréales et dérivés, Céréales pour petit-déjeuner, Céréales au chocolat, Mueslis, Mueslis au chocolat",France,456.0,17.0,on,100g,c,Muesli avoine amandes chocolat,8.7,6.8,100g,0.05,4.0,22.0,,,,
"nutella, Ferrero","Frühstücke,Brotaufstriche,Süße Brotaufstriche,fr:Pâtes à tartiner,Haselnusscremes,Nougatcremes,en:fruhstucke,en:haselnusscremes,en:schoko-und-haselnussaufstriche,en:susse-brotaufstriche","Kroatien,Frankreich,Deutschland,Marokko,Niederlande,Türkei",538.0,30.9,on,100g,e,Nutella Nuss-Nugat-Creme,6.3,,,0.11,10.6,56.3,,,,
Excelo,"Snacks, Snacks sucrés, Biscuits et gâteaux, Biscuits, Biscuits fourrés",Maroc,522.0,26.0,on,100g,e,Chocup,5.7,,100g,0.28,12.9,33.0,,,,
Hemani,"Plant-based foods and beverages, Plant-based foods, Fats, Vegetable fats, Vegetable oils, Fruit and fruit seed oils, Coconut oils","France, en:morocco, en:algeria",126.0,14.0,on,100g,d,Hemani Coconut Oil Pure & Natural (400ML),0.0,,100g,0.0,13.0,0.0,,,,
Siggi's,"Produits laitiers,Produits fermentés,Produits laitiers fermentés,Desserts,Desserts lactés,Desserts lactés fermentés,Desserts lactés fermentés aux fruits,Fromages blancs - petit suisses et skyr,Skyrs,Skyrs aux fruits",France,90.0,2.0,on,100g,b,Skyr myrtille,9.0,,100g,0.1,1.42857142857143,8.42857142857143,,,,
Hacendado,"Lácteos,Comidas fermentadas,Productos fermentados de la leche,Desayunos,Quesos,Untables,Untables salados,Untables dulces,fr:Pâtes à tartiner,Quesos para untar","Portugal, Spain, en:morocco",43.3333333333333,8.3,on,100g,c,Light,9.0,,,0.7475,6.0,4.8,,,,
Star,en:wine-vinegars,en:ma,,,on,100g,not-applicable,,,,,,,,"{'alcohol_100g': 0.2, 'beta-carotene_100g': 0, 'calcium_100g': 0.009, 'carbohydrates_100g': 0.62, 'cholesterol_100g': 0, 'copper_100g': 7.5e-06, 'energy-kcal_100g': 22.6, 'energy-kj_100g': 97.4, 'energy_100g': 97.4, 'fat_100g': 0.1, 'fiber_100g': 0, 'fructose_100g': 0.05, 'galactose_100g': 0, 'glucose_100g': 0.05, 'iodine_100g': 2.5e-06, 'iron_100g': 0.00037, 'lactose_100g': 0.05, 'magnesium_100g': 0.0123, 'maltose_100g': 0.05, 'manganese_100g': 0.00015, 'pantothenic-acid_100g': 0, 'phosphorus_100g': 0.019, 'phylloquinone_100g': 0, 'polyols_100g': 0, 'potassium_100g': 0.0548, 'proteins_100g': 0.04, 'salt_100g': 0.033, 'saturated-fat_100g': 0, 'selenium_100g': 1e-07, 'sodium_100g': 0.0131, 'starch_100g': 0, 'sucrose_100g': 0.05, 'sugars_100g': 0.04, 'vitamin-a_100g': 0, 'vitamin-b12_100g': 0, 'vitamin-b1_100g': 0, 'vitamin-b2_100g': 0, 'vitamin-b6_100g': 1e-06, 'vitamin-b9_100g': 0, 'vitamin-c_100g': 0.0005, 'vitamin-d_100g': 0, 'vitamin-e_100g': 0, 'vitamin-pp_100g': 0, 'water_100g': 92.9, 'zinc_100g': 1.5e-05}",,,
Kara,"Plant-based foods and beverages, Beverages, Plant-based foods, Dairy substitutes, Milk substitutes, Plant-based beverages, Plant-based milk alternatives, Plant-based creams, Plant-based creams for cooking, Coconut milks and creams","France,Singapore",,,on,100g,e,Organic Coconut Milk,,,100g,,,,"{'alcohol_100g': 0, 'beta-carotene_100g': 0, 'calcium_100g': 0.018, 'carbohydrates_100g': 3.4, 'cholesterol_100g': 0, 'copper_100g': 0.00022, 'energy-kcal_100g': 188, 'energy-kj_100g': 775, 'energy_100g': 775, 'fat_100g': 18.4, 'fiber_100g': 0.57, 'fructose_100g': 0.15, 'galactose_100g': 0, 'glucose_100g': 0.15, 'iodine_100g': 1e-06, 'iron_100g': 0.0033, 'lactose_100g': 0, 'magnesium_100g': 0.046, 'maltose_100g': 0.15, 'manganese_100g': 0.00077, 'pantothenic-acid_100g': 0.00015, 'phosphorus_100g': 0.096, 'phylloquinone_100g': 0, 'polyols_100g': 0, 'potassium_100g': 0.22, 'proteins_100g': 1.77, 'salt_100g': 0.075, 'saturated-fat_100g': 16.5, 'selenium_100g': 3e-06, 'sodium_100g': 0.03, 'starch_100g': 0, 'sucrose_100g': 2, 'sugars_100g': 2.1, 'vitamin-a_100g': 0, 'vitamin-b12_100g': 0, 'vitamin-b1_100g': 2.2e-05, 'vitamin-b2_100g': 0, 'vitamin-b6_100g': 2.8e-05, 'vitamin-b9_100g': 1.4e-05, 'vitamin-c_100g': 0.001, 'vitamin-d_100g': 0, 'vitamin-e_100g': 0.0007, 'vitamin-pp_100g': 0.00064, 'water_100g': 75.1, 'zinc_100g': 0.00056}",,,
Jordans,"Aliments et boissons à base de végétaux, Aliments d'origine végétale, Petit-déjeuners, Céréales et pommes de terre, Céréales et dérivés, Surgelés, Céréales pour petit-déjeuner, Céréales au chocolat, Mueslis, Mueslis au chocolat",France,460.0,13.3,on,100g,a,Granola chocolat noir - faible en sucre,11.1,16.9,100g,0.03,3.8,3.8,,,,
Scan Explore,"Aliments et boissons à base de végétaux,Aliments d'origine végétale,Petit-déjeuners,Céréales et pommes de terre,Céréales et dérivés,Céréales pour petit-déjeuner,Céréales au chocolat,Céréales extrudées,Céréales pour petit déjeuner riches en fibres,Pétales de céréales au chocolat","Belgique,France",423.333333333333,6.1,on,100g,d,Special K Chocolat Noir,8.2,6.0,,0.64,3.2,17.0,,,,
"Lay's, Lays","Aliments et boissons à base de végétaux, Aliments d'origine végétale, Snacks, Céréales et pommes de terre, Snacks salés, Amuse-gueules, Chips et frites, Chips, Chips de pommes de terre, Chips de pommes de terre à l'huile de tournesol",en:fr,508.0,30.0,on,100g,d,Chips nature,6.1,4.3,100g,1.1,3.2,0.5,,,,
Fleury Michon,"Viandes et dérivés, Viandes, Poulet et dérivés, Volailles, Poulets, Aiguillettes de poulet",en:fr,118.666666666667,1.5,on,100g,b,Aiguillettes de Poulet Rôti,24.0,,,1.5,0.2,2.0,,,,
DéLisse,"Produits laitiers,Laits,Laits homogénéisés,Laits demi-écrémés,Laits UHT,Laits demi-écrémés UHT","France, en:reunion",47.0,1.6,on,100g,b,Lait demi-écrémé,3.3,0.5,100ml,0.1,1.0,4.8,"{'alcohol_100g': 0.0, 'beta-carotene_100g': 9.45e-06, 'cholesterol_100g': 0.0057, 'copper_100g': 8.7e-06, 'fructose_100g': 0.05, 'galactose_100g': 0.05, 'glucose_100g': 0.05, 'iodine_100g': 1.21e-05, 'iron_100g': 4.5e-05, 'lactose_100g': 4.66, 'magnesium_100g': 0.0121, 'maltose_100g': 0.05, 'manganese_100g': 3.1e-06, 'pantothenic-acid_100g': 0.00041, 'phosphorus_100g': 0.0891, 'phylloquinone_100g': 2e-07, 'polyols_100g': 0.0, 'potassium_100g': 0.167, 'selenium_100g': 5e-06, 'starch_100g': 0.0, 'sucrose_100g': 0.05, 'vitamin-a_100g': 1.92e-05, 'vitamin-b12_100g': 3.8e-07, 'vitamin-b1_100g': 6e-05, 'vitamin-b2_100g': 0.00018, 'vitamin-b6_100g': 3.7e-05, 'vitamin-b9_100g': 9.49e-06, 'vitamin-c_100g': 0.0015, 'vitamin-d_100g': 2.5e-07, 'vitamin-e_100g': 0.00013, 'vitamin-pp_100g': 9.3e-05, 'water_100g': 89.4, 'zinc_100g': 0.00039}",,,
Mivolis,"en:health-beauty,en:health-care,en:fitness-nutrition,en:vitamins-supplements,Nahrungsergänzungsmittel","Algeria, Austria, Germany, Morocco, en:france",174.0,0.5,on,100g,not-applicable,Magnesium,0.5,0.0,,14.9,0.1,0.5,,,,
ITALIAMO,"Fűszerek,Szószok,Pestók,Zöld pestók,en:condimentos","Autriche,Bulgarie,Allemagne,Portugal,Espagne,Suisse",464.0,45.4,on,100g,e,Pesto alla Genovese,4.5,1.4,,3.2,5.9,4.3,,,,
Pasquier,"Snacks,Snacks sucrés,en:Sweet pastries and pies,Viennoiseries,Pains au chocolat",France,379.0,17.0,on,100g,d,Pains au chocolat,7.2,4.8,100g,0.82,10.0,14.0,,,,
Aiguebelle,"Snacks,Snacks sucrés,Cacao et dérivés,Chocolats,Chocolats noirs,Chocolats noirs aux fèves de cacao","France,Maroc",512.0,39.3,on,100g,e,,9.2,,100g,0.01,24.4,25.3,"{'alcohol_100g': 0, 'beta-carotene_100g': 3.125e-07, 'calcium_100g': 0.0184225, 'cholesterol_100g': 0, 'copper_100g': 0.000488875, 'fiber_100g': 3.6875, 'fructose_100g': 0.0125, 'galactose_100g': 0, 'glucose_100g': 0.0125, 'iodine_100g': 1.325e-06, 'iron_100g': 0.00608175, 'lactose_100g': 0.0125, 'magnesium_100g': 0.0629125, 'maltose_100g': 0.0125, 'manganese_100g': 0.000514075, 'pantothenic-acid_100g': 0.0001025, 'phosphorus_100g': 0.08625, 'phylloquinone_100g': 4.875e-07, 'polyols_100g': 0.03125, 'potassium_100g': 0.490875, 'selenium_100g': 2.5e-06, 'starch_100g': 1.0625, 'sucrose_100g': 25.0625, 'vitamin-a_100g': 0, 'vitamin-b12_100g': 0, 'vitamin-b1_100g': 9.5e-06, 'vitamin-b2_100g': 1.975e-05, 'vitamin-b6_100g': 6.25e-07, 'vitamin-b9_100g': 1.3375e-05, 'vitamin-c_100g': 3.125e-05, 'vitamin-d_100g': 3.4125e-07, 'vitamin-e_100g': 0.00120125, 'vitamin-pp_100g': 0.00014375, 'water_100g': 0.48, 'zinc_100g': 0.000805}",,,
Jaouda,"Dairies, Fermented foods, Fermented milk products, Desserts, Dairy desserts, Fermented dairy desserts, Yogurts, en:fermented-dairy-desserts-with-fruits",Morocco,109.0,3.0,on,100g,a,,3.6,,100g,0.0,1.0,1.0,,,,
Brioche Pasquier,"Snacks,Snacks sucrés,en:Sweet pastries and pies,Viennoiseries,Pains au lait",France,349.0,11.0,on,100g,d,Pains au lait Bio,10.4,4.6,100g,1.1,2.0,11.0,,,,
Céréal BIO,"Plant-based foods and beverages,Plant-based foods,Cereals and potatoes,Cereals and their products,Frozen foods,Meals,Pasta dishes,Pastas,Noodles,Chinese noodles,Microwave meals,Pad thai",France,121.363636363636,4.5,on,100g,b,"céréales et légumes, façon pad thaï, bio",5.8,5.1,,0.98,0.5,1.1,"{'alcohol_100g': 0, 'beta-carotene_100g': 0.0008815625, 'calcium_100g': 0.023599785, 'chloride_100g': 0.00078, 'cholesterol_100g': 0, 'copper_100g': 0.0001677879875, 'fructose_100g': 0.348975, 'galactose_100g': 0.0055, 'glucose_100g': 0.39125, 'iodine_100g': 6.11825e-06, 'iron_100g': 0.0008650369525, 'lactose_100g': 0.0484205, 'magnesium_100g': 0.03709393, 'maltose_100g': 0.5907225, 'manganese_100g': 0.00043849819, 'pantothenic-acid_100g': 5.0937e-05, 'phosphorus_100g': 0.0923541, 'phylloquinone_100g': 4.318325e-07, 'polyols_100g': 0.072875, 'potassium_100g': 0.187673135, 'selenium_100g': 2.6554e-06, 'starch_100g': 25.1123875, 'sucrose_100g': 0.88437, 'vitamin-a_100g': 0, 'vitamin-b12_100g': 0, 'vitamin-b1_100g': 1.017325e-05, 'vitamin-b2_100g': 2.00355e-05, 'vitamin-b6_100g': 8.1083e-05, 'vitamin-b9_100g': 1.299605e-05, 'vitamin-c_100g': 0.0047860625, 'vitamin-d_100g': 5.5575e-09, 'vitamin-e_100g': 0.00288329125, 'vitamin-pp_100g': 0.00013915125, 'water_100g': 54.8155025, 'zinc_100g': 0.000709512}",,,
,en:cheeses,en:Morocco,,,,,unknown,30 u,,,,,,,,,,
"Nescafe, Cappuccino","Beverages and beverages preparations,Plant-based foods and beverages,Plant-based foods,Beverage preparations,Coffees,Instant beverages,Instant coffees","France, Martinique, Réunion, Switzerland, en:morocco",,,,100ml,c,Cappuccino soluble,,,100g,,,,,,on,
Contrex,"Boissons et préparations de boissons,Boissons,Eaux,Eaux de sources,Eaux minérales,Boissons sans sucre ajouté,Eaux minérales naturelles","Belgique,France,Suisse,en:En",0.0001,0.0001,on,100g,a,CONTREX eau minérale naturelle,0.0001,0.0,100ml,0.0001,0.0001,0.0001,,,,
OLUF LORENTZEN AS,"Produits laitiers,Produits fermentés,Produits laitiers fermentés,Fromages,Fromages de vache,Frais,Fromages à pâte pressée cuite,Fromages italiens,Fromages râpés,Parmigiano Reggiano","Belgium, France, Germany, Italy, Luxembourg, Norway, Switzerland, en:portugal",402.0,30.0,on,100g,d,Parmigiano Reggiano Revet Fersk Parmesan DOP 60g,32.0,0.0,100g,1.6,20.0,0.0,,,,
Mcennedy,"Aliments et boissons à base de végétaux,Aliments d'origine végétale,Légumineuses et dérivés,Produits à tartiner,Fruits à coques et dérivés,Pâtes à tartiner végétales,Purées d'oléagineux,Beurres de légumineuses,Beurres de fruits à coques,Beurres de cacahuètes,en:alimentos-a-base-de-plantas,en:alimentos-e-bebidas-a-base-de-plantas,en:produtos-para-barrar-a-base-de-plantas","Bulgarie,France,Allemagne,Slovaquie",653.0,55.6,on,100g,b,Peanut Butter,23.1,5.9,100g,0.6,7.6,5.1,"{'beta-carotene_100g': 7.441e-06, 'calcium_100g': 0.0640925, 'cholesterol_100g': 0.0015045, 'copper_100g': 0.00093925, 'fructose_100g': 0, 'galactose_100g': 0, 'glucose_100g': 0.0425, 'iodine_100g': 4.976e-05, 'iron_100g': 0.0029, 'lactose_100g': 0, 'magnesium_100g': 0.13608125, 'maltose_100g': 0.0425, 'manganese_100g': 0.00166101875, 'pantothenic-acid_100g': 0.0005865, 'phosphorus_100g': 0.371665, 'phylloquinone_100g': 1.277e-06, 'polyols_100g': 0, 'potassium_100g': 0.5401875, 'selenium_100g': 9.7e-06, 'starch_100g': 10.285, 'sucrose_100g': 3.145, 'vitamin-a_100g': 0, 'vitamin-b12_100g': 0, 'vitamin-b1_100g': 0.000289, 'vitamin-b2_100g': 0.0001275, 'vitamin-b6_100g': 0.000187, 'vitamin-b9_100g': 5.6015e-05, 'vitamin-c_100g': 0.00051, 'vitamin-d_100g': 1.3e-08, 'vitamin-e_100g': 0.0075555, 'vitamin-pp_100g': 0.0018955, 'water_100g': 1.702175, 'zinc_100g': 0.0025122}",,,
Andros,"Plant-based foods and beverages, Plant-based foods, Fruits and vegetables based foods, Desserts, Fruits based foods, Compotes, Apple compotes, Light compotes","France, en:reunion",63.0,0.2,on,100g,a,Compote de pomme allégée,0.3,1.9,100g,0.0,0.0,14.0,"{'alcohol_100g': 0, 'beta-carotene_100g': 1.615e-05, 'calcium_100g': 0.004888375, 'cholesterol_100g': 0, 'copper_100g': 2.965625e-05, 'fructose_100g': 5.7285, 'galactose_100g': 0, 'glucose_100g': 3.0875, 'iodine_100g': 1.0625e-07, 'iron_100g': 6.93875e-05, 'lactose_100g': 0, 'magnesium_100g': 0.003861875, 'maltose_100g': 0, 'manganese_100g': 3.633625e-05, 'pantothenic-acid_100g': 6.745e-05, 'phosphorus_100g': 0.01045, 'phylloquinone_100g': 5.7e-07, 'polyols_100g': 0.5605, 'potassium_100g': 0.08600625, 'selenium_100g': 3.3e-07, 'starch_100g': 0, 'sucrose_100g': 4.5215, 'vitamin-a_100g': 0, 'vitamin-b12_100g': 0, 'vitamin-b1_100g': 1.805e-05, 'vitamin-b2_100g': 2.73125e-05, 'vitamin-b6_100g': 3.515e-05, 'vitamin-b9_100g': 0, 'vitamin-c_100g': 0.0038, 'vitamin-d_100g': 0, 'vitamin-e_100g': 4.75e-05, 'vitamin-pp_100g': 8.645e-05, 'water_100g': 82.371375, 'zinc_100g': 4.825e-05}",,,
Kellogg's,"Aliments et boissons à base de végétaux,Aliments d'origine végétale,Petit-déjeuners,Céréales et pommes de terre,Céréales et dérivés,Céréales pour petit-déjeuner,Céréales extrudées,Céréales pour petit déjeuner riches en fibres,Bâtonnets de son de blé,Céréales pour petit déjeuner à base de son de blé","Belgique,France,Allemagne,Guadeloupe,Italie,Luxembourg,Pays-Bas,Espagne,Suisse,Royaume-Uni",334.0,3.5,on,100g,c,Céréales All Bran Kellogg's Fibre Plus,14.0,27.0,100g,0.95,0.7,18.0,,,,
Fleury Michon,"Meats and their products,Meats,Prepared meats,Hams,White hams",France,116.0,2.8,on,100g,c,ZERO NITRITE - LE SUPERIEUR,22.0,,100g,2.0,1.0,0.7,,,,
Marie,"Plant-based foods and beverages,Plant-based foods,Cereals and potatoes,Cereals and their products,Pie dough,Shortcrust pastry,Raw shortcrust pastry with pure butter",France,367.0,19.0,on,100g,d,Pâte à tarte brisée - Pur beurre,6.9,2.3,100g,0.94,13.0,2.3,"{'alcohol_100g': 0.004, 'beta-carotene_100g': 3.846825e-05, 'calcium_100g': 0.01816266, 'cholesterol_100g': 0.047361855, 'copper_100g': 0.000160987, 'fructose_100g': 0.05653, 'galactose_100g': 0, 'glucose_100g': 0.05759, 'iodine_100g': 1.5273e-05, 'iron_100g': 0.001248753, 'lactose_100g': 0.05653, 'magnesium_100g': 0.041445055, 'maltose_100g': 0.58466, 'manganese_100g': 0.0012185285, 'pantothenic-acid_100g': 0.000293092, 'phosphorus_100g': 0.1278026, 'phylloquinone_100g': 1.81312e-06, 'polyols_100g': 0, 'potassium_100g': 0.16448505, 'selenium_100g': 7.18135e-06, 'starch_100g': 32.63461, 'sucrose_100g': 1.30753, 'vitamin-a_100g': 0.00015249565, 'vitamin-b12_100g': 3.652e-09, 'vitamin-b1_100g': 0.000204665, 'vitamin-b2_100g': 9.165, 'vitamin-b6_100g': 6.5369e-05, 'vitamin-b9_100g': 1.78291e-05, 'vitamin-c_100g': 0.000148825, 'vitamin-d_100g': 4.05189e-07, 'vitamin-e_100g': 0.0009530194, 'vitamin-pp_100g': 0.000126105, 'water_100g': 31.4838269, 'zinc_100g': 0.0010947586}",,,
,"Desserts, Frozen foods, Frozen desserts, Ice creams and sorbets, Ice creams, en:chocolate-candies","Germany, en:morocco",542.0,32.9,on,100g,e,Noisetta,3.1,,100g,0.05,7.3,57.3,,,,
Sodebo,"Meals, Prepared salads, en:pasta-dishes",en:fr,62.7390057361376,9.6875,on,100g,c,Salade Roma,6.875,2.90625,,0.6875,2.8125,4.6875,,,,
Fruit d’or riche en oméga 3,"Aliments et boissons à base de végétaux,Aliments d'origine végétale,Matières grasses,Produits à tartiner,Pâtes à tartiner végétales,Produits à tartiner salés,Matières grasses à tartiner,Matières grasses végétales,Margarines,Margarines allégées,Margarines sans sel,Margarines riche en oméga 3",France,450.0,50.0,on,100g,c,Margarine,0.0,,,0.5,10.0,,,,,
"Dr. Oetker, ANCEL","snacks, snacks-sales, amuse-gueules, biscuits-aperitifs, bretzels",France,391.0,4.8,on,100g,d,Sticks et bretzels d'Alsace,10.0,6.2,100g,2.8,0.4,3.2,,,,
J.D. Gross,"Snacks, Snacks sucrés, Cacao et dérivés, Chocolats, Chocolats noirs, Chocolat noir en tablette extra dégustation à 70% de cacao minimum","Франция,Германия,Италия,Испания,Обединено кралство Великобритания и Северна Ирландия,България",544.0,35.2,on,100g,c,NOIR DEGUSTATION 70% CARAMEL,7.1,1.2,,0.03,2.8,4.4,"{'alcohol_100g': 0.0642578125, 'beta-carotene_100g': 6.0361328125e-06, 'calcium_100g': 0.001451171875, 'cholesterol_100g': 0.00801185546875, 'copper_100g': 5.505859375e-06, 'fructose_100g': 0.0001953125, 'galactose_100g': 0, 'glucose_100g': 0.0001953125, 'iodine_100g': 7.53515625e-06, 'iron_100g': 4.705859375e-05, 'lactose_100g': 0.0001953125, 'magnesium_100g': 0.0009283203125, 'maltose_100g': 0.0001953125, 'manganese_100g': 6.6953125e-06, 'pantothenic-acid_100g': 1.171875e-06, 'phosphorus_100g': 0.00071484375, 'phylloquinone_100g': 2.8318359375e-07, 'polyols_100g': 0.00048828125, 'potassium_100g': 0.005941078125, 'selenium_100g': 1.830859375e-06, 'starch_100g': 0.00859375, 'sucrose_100g': 31.2224609375, 'vitamin-a_100g': 2.57705078125e-05, 'vitamin-b12_100g': 9.9609375e-10, 'vitamin-b1_100g': 2.8515625e-07, 'vitamin-b2_100g': 6.30859375e-06, 'vitamin-b6_100g': 7.8125e-08, 'vitamin-b9_100g': 1.015625e-07, 'vitamin-c_100g': 4.8828125e-07, 'vitamin-d_100g': 6.046875e-08, 'vitamin-e_100g': 0.00121380859375, 'vitamin-pp_100g': 1.05078125e-06, 'water_100g': 0.22783984375, 'zinc_100g': 1.28828125e-05}",,,
Bellarom,"Boissons et préparations de boissons,Aliments et boissons à base de végétaux,Boissons,Boissons à base de végétaux,Préparations pour boissons,Boissons instantanées,Chicorée et café en poudre soluble","France,Luxembourg,Portugal,Suisse",322.0,0.5,on,100g,unknown,Chicorée Café,11.0,20.0,100g,0.48,0.1,7.5,"{'alcohol_100g': 0, 'beta-carotene_100g': 0, 'calcium_100g': 0.1258, 'cholesterol_100g': 0, 'copper_100g': 7.8e-05, 'fructose_100g': 9.48, 'galactose_100g': 0, 'glucose_100g': 1.8, 'iodine_100g': 5e-07, 'iron_100g': 0.005064, 'lactose_100g': 0.15, 'magnesium_100g': 0.1826, 'maltose_100g': 0.15, 'manganese_100g': 0.000714, 'pantothenic-acid_100g': 0.000115, 'phosphorus_100g': 0.2646, 'phylloquinone_100g': 1.9e-06, 'polyols_100g': 0, 'potassium_100g': 3.608, 'selenium_100g': 5.78e-06, 'starch_100g': 0.15, 'sucrose_100g': 1.74, 'vitamin-a_100g': 0, 'vitamin-b12_100g': 0, 'vitamin-b1_100g': 2.72e-05, 'vitamin-b2_100g': 0.0001088, 'vitamin-b6_100g': 0.00018, 'vitamin-b9_100g': 2.026e-05, 'vitamin-c_100g': 0, 'vitamin-d_100g': 0, 'vitamin-e_100g': 0, 'vitamin-pp_100g': 0.0161, 'water_100g': 3.6, 'zinc_100g': 0.000214}",,,
Lucien Georgelin,"Petit-déjeuners,Produits à tartiner,Produits à tartiner sucrés,Pâtes à tartiner,Pâtes à tartiner aux noisettes et au cacao",France,552.0,33.0,on,100g,e,Pâte à tartiner bio noisette cacao,8.6,,100g,0.13,3.0,55.0,"{'alcohol_100g': 0, 'beta-carotene_100g': 2.834e-06, 'calcium_100g': 0.1744258, 'cholesterol_100g': 0.001495, 'copper_100g': 0.0005563835, 'fiber_100g': 3.921, 'fructose_100g': 0.02323, 'galactose_100g': 0.01623, 'glucose_100g': 0.05523, 'iodine_100g': 3.2145e-06, 'iron_100g': 0.00394462, 'lactose_100g': 6.1295, 'magnesium_100g': 0.0741562, 'maltose_100g': 0.02323, 'manganese_100g': 0.00082324075, 'pantothenic-acid_100g': 0.0007223, 'phosphorus_100g': 0.21379, 'phylloquinone_100g': 1.853e-05, 'polyols_100g': 0.0175, 'potassium_100g': 0.60768205, 'selenium_100g': 6.895e-06, 'starch_100g': 0.6238, 'sucrose_100g': 37.22623, 'vitamin-a_100g': 1.12125e-06, 'vitamin-b12_100g': 4.623e-07, 'vitamin-b1_100g': 0.00011077, 'vitamin-b2_100g': 0.000201915, 'vitamin-b6_100g': 8.225e-05, 'vitamin-b9_100g': 2.20045e-05, 'vitamin-c_100g': 0.000759, 'vitamin-d_100g': 2.1397e-07, 'vitamin-e_100g': 0.009717305, 'vitamin-pp_100g': 0.00029875, 'water_100g': 1.6993, 'zinc_100g': 0.00134398}",,,
Kinder,"Snacks,Desserts,Snacks sucrés,Biscuits et gâteaux,Gâteaux,Gâteau moelleux au chocolat","Belgique,Bulgarie,France,Allemagne,Hongrie,Italie,Mexique,Maroc,Portugal,Roumanie,Espagne,Suisse",451.282051282051,22.8205128205128,on,100g,e,kinder delice,5.38461538461539,,,0.319871794871795,13.5897435897436,43.0769230769231,,,,
"Nestlé, La Laitière","Dairies,Desserts,Dairy desserts,Entremets - mousses and creamy puddings,Chocolate desserts,Creamy puddings,Chocolate creamy puddings,Custard puddings,Chocolate custard puddings,Refrigerated chocolate creamy puddings,fr:Crèmes dessert chocolat noir",France,179.0,9.9,on,100g,d,Le Petit Pot de Crème au Chocolat,4.7,1.6,100g,0.1,5.8,17.0,,,,
Jean Hervé,"Aliments et boissons à base de végétaux, Aliments d'origine végétale, Légumineuses et dérivés, Petit-déjeuners, Produits à tartiner, Fruits à coques et dérivés, Pâtes à tartiner végétales, Produits à tartiner sucrés, Purées d'oléagineux, Beurres de légumineuses, Pâtes à tartiner, Beurres de fruits à coques, Beurres de cacahuètes","Belgien,Frankreich,Schweiz",622.0,48.8,on,100g,a,Purée de cacahuètes,28.0,7.6,100g,0.03,8.0,5.9,"{'alcohol_100g': 0, 'beta-carotene_100g': 2.5e-06, 'calcium_100g': 0.057, 'cholesterol_100g': 0, 'fructose_100g': 0.1, 'galactose_100g': 0, 'glucose_100g': 0.1, 'iodine_100g': 1e-05, 'iron_100g': 0.0016, 'lactose_100g': 0.1, 'maltose_100g': 0.1, 'pantothenic-acid_100g': 0.00176, 'phylloquinone_100g': 4e-07, 'polyols_100g': 0, 'selenium_100g': 3e-05, 'starch_100g': 5, 'sucrose_100g': 5.9, 'vitamin-a_100g': 0, 'vitamin-b12_100g': 0, 'vitamin-b1_100g': 0.00043, 'vitamin-b2_100g': 2.4e-05, 'vitamin-b6_100g': 0.0004, 'vitamin-b9_100g': 8.93e-05, 'vitamin-c_100g': 0.00025, 'vitamin-d_100g': 0, 'vitamin-e_100g': 0.00246, 'vitamin-pp_100g': 0.0106, 'water_100g': 2.2}",,,
fin CARRÉ,"Botanas,Snacks dulces,Cacao y sus productos,Chocolates,Chocolates negros,en:Dark chocolate bar with more than 70% cocoa","Belgium, Bulgaria, France, Greece, Poland, Portugal, Romania, Serbia, Spain, en:croatia",585.0,48.1,on,100g,e,NOIR EXTRA 85% CACAO,10.5,,,0.02,29.0,12.8,,,,
Bonduelle,"Snacks, Snacks salés, Amuse-gueules, Plats préparés, Plats à base de semoule, Taboulés, Taboulés orientaux, en:Vegetables - Prepared/Processed (Perishable)","France, Belgique, Luxembourg",178.0,6.0,on,100g,c,Taboule oriental 300g,5.0,2.0,100g,0.95,0.6,4.0,,,,
"LU, Mondelez","Snacks, Snacks sucrés, Biscuits et gâteaux, Biscuits, en:Biscuits et gâteaux, en:Snacks sucrés","France,en:belgium,en:reunion, en:new-caledonia, en:french-polynesia",487.0,20.0,on,100g,e,Bastogne,5.3,1.4,100g,0.79,9.7,41.0,"{'alcohol_100g': 0, 'beta-carotene_100g': 2.09104166666667e-06, 'calcium_100g': 0.012619905390625, 'cholesterol_100g': 0.00369808333333333, 'copper_100g': 0.000127963766927083, 'fructose_100g': 1.80953815104167, 'galactose_100g': 0, 'glucose_100g': 0.0460327083333334, 'iodine_100g': 5.93487317708333e-06, 'iron_100g': 0.0010234263828125, 'lactose_100g': 0.045, 'magnesium_100g': 0.0333918852864583, 'maltose_100g': 0.468696875, 'manganese_100g': 0.000967751377343751, 'pantothenic-acid_100g': 0.000230076979166667, 'phosphorus_100g': 0.100806525, 'phylloquinone_100g': 1.71717291666667e-06, 'polyols_100g': 0.957041666666667, 'potassium_100g': 0.130933042447917, 'selenium_100g': 7.58728182291667e-06, 'starch_100g': 26.6699557291667, 'sucrose_100g': 31.9971252604167, 'vitamin-a_100g': 1.69108333333333e-06, 'vitamin-b12_100g': 1.34729166666667e-08, 'vitamin-b1_100g': 0.000117479817708333, 'vitamin-b2_100g': 1.241659375e-05, 'vitamin-b6_100g': 5.06666666666667e-05, 'vitamin-b9_100g': 1.18724010416667e-05, 'vitamin-c_100g': 0.000107106770833334, 'vitamin-d_100g': 7.59683333333333e-08, 'vitamin-e_100g': 0.003503094375, 'vitamin-pp_100g': 2.11977447916667e-05, 'water_100g': 6.33170028645833, 'zinc_100g': 0.000868334765625}",,,
La vache qui rit,"Produits laitiers,Produits fermentés,Produits laitiers fermentés,Fromages,Fromages fondus","France,Maroc",315.0,26.5,on,100g,e,Le Bloc,17.0,0.0,100g,3.1,18.0,2.0,,,,
baleine,"Condiments, Salts, fr:sels-fins","France,Suisse",0.0,0.0,on,100g,not-applicable,sel,0.0,,100g,97.7,0.0,,,,,
pasquier,"Snacks, Snacks sucrés, Viennoiseries, Brioches, Brioches tressées",France,342.0,13.0,on,100g,d,brioche tressée à la main,8.0,2.6,100g,0.92,5.0,14.0,,,,
kallø,"Plant-based foods and beverages,Plant-based foods,Cereals and potatoes,Cereals and their products,Puffed cereal cakes,Puffed rice cakes,Puffed wholegrain rice cakes","France,United Kingdom",186.206896551724,2.7,on,100g,b,Organic Lightly Salted Wholegrain Low Fat Rice Cakes,8.5,0.0,,0.295,0.7,0.5,"{'alcohol_100g': 0, 'beta-carotene_100g': 0, 'calcium_100g': 0.033276, 'cholesterol_100g': 0, 'copper_100g': 0.00018992, 'fructose_100g': 0.0998, 'galactose_100g': 0, 'glucose_100g': 0.0998, 'iodine_100g': 1.96, 'iron_100g': 0.00156744, 'lactose_100g': 0.0998, 'magnesium_100g': 0.0320854, 'maltose_100g': 0.0998, 'manganese_100g': 0.00098826, 'pantothenic-acid_100g': 0, 'phosphorus_100g': 0.11778, 'phylloquinone_100g': 0, 'polyols_100g': 0, 'potassium_100g': 0.120964, 'selenium_100g': 1, 'sucrose_100g': 0.15968, 'vitamin-a_100g': 0, 'vitamin-b12_100g': 0, 'vitamin-b1_100g': 0, 'vitamin-b2_100g': 0, 'vitamin-b6_100g': 0.00012974, 'vitamin-b9_100g': 0, 'vitamin-c_100g': 0, 'vitamin-d_100g': 0, 'vitamin-e_100g': 7.984e-05, 'vitamin-pp_100g': 0, 'water_100g': 12.4825, 'zinc_100g': 0.001407356}",,,
Hacendado,"Alimentos y bebidas de origen vegetal, Alimentos de origen vegetal, Condimentos, Untables, Untables vegetales, Untables salados, Salsas, Salsas para mojar, Hummus, en:Classic hummus, en:Groceries","Romania, Spain, en:portugal",311.0,25.8,on,100g,b,Hummus Classic,6.0,8.0,100g,0.855,3.3,0.1,"{'alcohol_100g': 0, 'beta-carotene_100g': 1.13813541666667e-05, 'calcium_100g': 0.0834429259722222, 'cholesterol_100g': 0, 'copper_100g': 0.000223312541666667, 'fructose_100g': 0.0264913305555556, 'galactose_100g': 0, 'glucose_100g': 0.0249026944444444, 'iodine_100g': 6.27215277777777e-06, 'iron_100g': 0.00157124229166667, 'lactose_100g': 0.00944527777777778, 'magnesium_100g': 0.036073445625, 'maltose_100g': 0.009660775, 'manganese_100g': 0.000471911401111111, 'pantothenic-acid_100g': 0.000182250277777778, 'phosphorus_100g': 0.08552535, 'phylloquinone_100g': 3.12777222222222e-06, 'polyols_100g': 0.147788194444444, 'potassium_100g': 0.110652775972222, 'selenium_100g': 1.75459965277778e-05, 'starch_100g': 6.75032972222222, 'sucrose_100g': 0.2918925, 'vitamin-a_100g': 0, 'vitamin-b12_100g': 0, 'vitamin-b1_100g': 6.63919444444444e-05, 'vitamin-b2_100g': 2.41121527777778e-05, 'vitamin-b6_100g': 0.000220869444444444, 'vitamin-b9_100g': 2.76147263888889e-05, 'vitamin-c_100g': 0.000555288194444445, 'vitamin-d_100g': 2.70309722222222e-08, 'vitamin-e_100g': 0.0114075891666667, 'vitamin-pp_100g': 0.00035923875, 'water_100g': 56.74278, 'zinc_100g': 0.000903465361111111}",,,
Nestlé,"Condiments,Produits déshydratés,Produits lyophilisés à reconstituer,Bouillons,Bouillons déshydratés,Bouillons cubes,en:Tenderisers,en:Groceries,Bouillons cube déshydratés",France,,,,100ml,c,Kubor,,,100g,,,,,,on,
Danone,"Produits laitiers, Produits fermentés, Desserts, Produits laitiers fermentés, Desserts lactés, Desserts lactés fermentés, Desserts lactés fermentés aux fruits, Spécialités laitières, Spécialités laitières aux fruits","France, en:belgium",229.0,0.1,on,100g,a,Hipro Myrtille,9.3,,100g,0.09,0.1,3.4,,,,
Hacendado,"Snacks,Sweet snacks,Biscuits and cakes,Biscuits and crackers,Biscuits","Portugal,Spain",,,on,100g,unknown,Trigo espelta 0% azucares,,,100g,,,,,,,
Babybel,"Produits laitiers, Produits fermentés, Produits laitiers fermentés, Fromages, en:Cheeses (perishable)",en:fr,295.0,23.0,on,100g,d,Babybel,22.0,,100g,1.7,15.5,0.1,"{'alcohol_100g': 0, 'beta-carotene_100g': 6.86e-06, 'cholesterol_100g': 0.00245, 'copper_100g': 1.376e-05, 'fiber_100g': 0, 'fructose_100g': 0, 'galactose_100g': 0, 'glucose_100g': 0, 'iodine_100g': 4.8614e-05, 'iron_100g': 3.32666666666667e-05, 'lactose_100g': 4.8314, 'magnesium_100g': 0.01141, 'maltose_100g': 0, 'manganese_100g': 6.99e-06, 'pantothenic-acid_100g': 0.0003528, 'phosphorus_100g': 0.0971266666666667, 'phylloquinone_100g': 0, 'polyols_100g': 0, 'potassium_100g': 0.154085333333333, 'selenium_100g': 1.63346666666667e-06, 'starch_100g': 0, 'sucrose_100g': 0, 'vitamin-a_100g': 1.7444e-06, 'vitamin-b12_100g': 4.802e-07, 'vitamin-b1_100g': 4.214e-05, 'vitamin-b2_100g': 0.0001764, 'vitamin-b6_100g': 4.312e-05, 'vitamin-b9_100g': 4.802e-06, 'vitamin-c_100g': 0.001274, 'vitamin-d_100g': 7.35e-08, 'vitamin-e_100g': 8.82e-06, 'vitamin-pp_100g': 9.016e-05, 'water_100g': 88.98436, 'zinc_100g': 0.000412773333333333}",,,
"Carrefour BIO, Carrefour","snacks, fr:barres, barres-de-céréales, barres-de-céréales-au-chocolat, snacks-sucrés, surgelés, en:chocolate-cereal-bars","France, Italy, Morocco, Spain, en:belgium",405.0,9.6,on,100g,d,Barre Céréales CHOCOLAT,5.1,3.3,100g,0.03,3.4,33.0,"{'alcohol_100g': 0, 'beta-carotene_100g': 5.1795e-06, 'calcium_100g': 0.028809014, 'cholesterol_100g': 0.000174, 'copper_100g': 0.000311475675, 'fructose_100g': 0.03696, 'galactose_100g': 0, 'glucose_100g': 0.049895, 'iodine_100g': 6.009405, 'iron_100g': 0.0026464362, 'lactose_100g': 0.0549, 'magnesium_100g': 0.06859422625, 'maltose_100g': 0.25692, 'manganese_100g': 0.001242364205, 'pantothenic-acid_100g': 0.000349736, 'phosphorus_100g': 0.16330995, 'phylloquinone_100g': 6.7702e-07, 'polyols_100g': 0.005, 'potassium_100g': 0.2734859675, 'selenium_100g': 7.0317125e-06, 'starch_100g': 26.1472, 'sucrose_100g': 44.76702, 'vitamin-a_100g': 1.26e-06, 'vitamin-b12_100g': 0, 'vitamin-b1_100g': 0.00015504, 'vitamin-b2_100g': 4.964365e-05, 'vitamin-b6_100g': 0.0001137, 'vitamin-b9_100g': 2.52809e-05, 'vitamin-c_100g': 6.225e-05, 'vitamin-d_100g': 9.568e-08, 'vitamin-e_100g': 0.002711, 'vitamin-pp_100g': 0.00046463, 'water_100g': 5.218780275, 'zinc_100g': 0.0013103386}",,,
Fleury Michon,"Viandes et dérivés,Viandes,Charcuteries,en:Specific products,Jambons,en:Products for specific diets,Jambons blancs,Produits à teneur réduite en sel,Charcuteries à teneur réduite en sel,Jambons blancs à teneur réduite en sel",France,115.0,2.8,on,100g,c,Le Tranché Fin - Dégustation - 25% de sel*,22.0,,100g,1.4,1.0,0.5,,,,
St Hubert Oméga 3,Margarines riche en oméga 3,en:france,468.0,52.0,on,100g,c,St Hubert,0.0,0.0,100g,0.42,15.0,0.0,,,,
Rivercote,"aliments-et-boissons-à-base-de-végétaux, aliments-d'origine-végétale, snacks, céréales-et-pommes-de-terre, snacks-salés, amuse-gueules, biscuits-sucrés-&-biscuits-apéritifs, pains, tartines-craquantes-extrudées, pains-grillés, da:crackers","België,Frankrijk,Duitsland",370.0,2.5,on,100g,c,Tartines craquantes Froment,11.0,6.2,100g,1.19,0.5,3.5,"{'alcohol_100g': 0, 'beta-carotene_100g': 4.80225e-06, 'calcium_100g': 0.02587888, 'cholesterol_100g': 0, 'copper_100g': 0.00026793025, 'fructose_100g': 0.09531, 'galactose_100g': 0, 'glucose_100g': 0.09531, 'iodine_100g': 2.075025e-05, 'iron_100g': 0.0021002605, 'lactose_100g': 0.09531, 'magnesium_100g': 0.069624285, 'maltose_100g': 0.991224, 'manganese_100g': 0.00209771775, 'pantothenic-acid_100g': 0.000457488, 'phosphorus_100g': 0.209731805, 'phylloquinone_100g': 3.8712e-07, 'polyols_100g': 0, 'potassium_100g': 0.26720701, 'selenium_100g': 9.768475e-06, 'starch_100g': 56.51883, 'sucrose_100g': 2.280236, 'vitamin-a_100g': 0, 'vitamin-b12_100g': 0, 'vitamin-b1_100g': 0.000247806, 'vitamin-b2_100g': 5.098e-06, 'vitamin-b6_100g': 0.000104841, 'vitamin-b9_100g': 2.449467e-05, 'vitamin-c_100g': 0.000238275, 'vitamin-d_100g': 1.25814e-07, 'vitamin-e_100g': 0.001595259, 'vitamin-pp_100g': 4.7655e-05, 'water_100g': 11.82179615, 'zinc_100g': 0.0018121311}",,,
Président,"Млечни продукти, Мазнини, Крем за мазане, en:Spreadable fats, Животински мазнини, Млечни мазнини, en:dairy-spread, Краве масло, Безсолно масло","Франция,Мароко,Реюнион,България,Белгия,Швейцария",743.0,82.0,on,100g,e,Краве масло 82%,0.7,,100g,0.03,57.0,0.5,"{'alcohol_100g': 0, 'beta-carotene_100g': 0.000158, 'calcium_100g': 0.0178, 'cholesterol_100g': 0.218, 'fiber_100g': 0, 'fructose_100g': 0.05, 'galactose_100g': 0.05, 'glucose_100g': 0.05, 'iodine_100g': 1.5e-06, 'lactose_100g': 0.83, 'maltose_100g': 0.05, 'pantothenic-acid_100g': 0.00011, 'phylloquinone_100g': 7e-06, 'polyols_100g': 0, 'potassium_100g': 0.028, 'sucrose_100g': 0.05, 'vitamin-b12_100g': 1.7e-07, 'vitamin-b1_100g': 6e-06, 'vitamin-b2_100g': 3.5e-05, 'vitamin-b6_100g': 3.5e-06, 'vitamin-b9_100g': 3e-06, 'vitamin-d_100g': 1.12e-06, 'vitamin-pp_100g': 7.1e-05, 'water_100g': 15.4}",,,
"Coke ZÉRO®, Coca-Cola","Beverages and beverages preparations, Beverages, Carbonated drinks, Artificially sweetened beverages, Sodas, Diet beverages, Colas, Diet sodas, Diet cola soft drink, en:sweetened-beverages","Belgique,France,Allemagne,Suisse",,,,100ml,unknown,"coca cola zero 1,25L",,,,,,,,,on,
"Amora, Unilever","Condiments,Sauces,Mayonnaises,Mayonnaises de Dijon,en:groceries,matières grasses","France, Switzerland, en:morocco",,,,100g,b,Amora Mayonnaise De Dijon Flacon Souple 235g,,,100g,,,,,,on,
Kellogg's,"Aliments et boissons à base de végétaux, Aliments d'origine végétale, Petit-déjeuners, Céréales et pommes de terre, Céréales et dérivés, Céréales pour petit-déjeuner, Céréales au chocolat, Céréales extrudées, Céréales fourrées, Céréales pour petit déjeuner fourrées au chocolat","Belgium, France, Germany, en:netherlands",448.0,15.0,on,100g,e,Trésor Chocolat au Lait,7.5,3.7,100g,0.96,4.7,25.0,,,,
Khayrat,"Plant-based foods and beverages, Dairies, Fermented foods, Plant-based foods, Fermented milk products, Cheeses, Spreads, Plant-based spreads, Salted spreads, Cheese spreads, Cheese spreads substitutes, Melted-cheese, en:processed-cheeses",Maroc,234.0,18.0,on,100g,e,,7.0,0.0,100g,1.8,12.0,6.5,,,,
Jobnaty,"Produits laitiers, Produits fermentés, Produits laitiers fermentés, Fromages, Fromages italiens, Ricotta",Morocco,225.0,1.0,on,100g,unknown,Ricotta 1%,18.0,,100g,0.5,,0.0,,,,
JASON'S SOURDOUGH,"Plant-based foods and beverages,Plant-based foods,Cereals and potatoes,Cereals and their products,Breads,Sourdough breads,Sourdough sliced breads","United Kingdom, United States, en:ireland",116.666666666667,1.11111111111111,on,100g,b,JASON'S SOURDOUGH,9.33333333333333,3.55555555555556,,0.687222222222222,0.222222222222222,2.66666666666667,"{'alcohol_100g': 0, 'beta-carotene_100g': 3.84027777777778e-06, 'calcium_100g': 0.02234175, 'cholesterol_100g': 0, 'copper_100g': 0.000270311111111111, 'fructose_100g': 0.108111111111111, 'galactose_100g': 0, 'glucose_100g': 0.237805555555556, 'iodine_100g': 5.44444444444444e-06, 'iron_100g': 0.00219736111111111, 'lactose_100g': 0.0544444444444444, 'magnesium_100g': 0.0703783055555555, 'maltose_100g': 1.69322222222222, 'manganese_100g': 0.00186432338888889, 'pantothenic-acid_100g': 0.000500597222222222, 'phosphorus_100g': 0.209445833333333, 'phylloquinone_100g': 1.02277777777778e-06, 'polyols_100g': 0, 'potassium_100g': 0.239369805555556, 'selenium_100g': 8.41916666666667e-06, 'sucrose_100g': 0.434583333333333, 'vitamin-a_100g': 0, 'vitamin-b12_100g': 0, 'vitamin-b1_100g': 0.000222055555555556, 'vitamin-b2_100g': 2.73194444444444e-05, 'vitamin-b6_100g': 0.000111319444444444, 'vitamin-b9_100g': 2.40547222222222e-05, 'vitamin-c_100g': 0.000136111111111111, 'vitamin-d_100g': 7.07777777777778e-08, 'vitamin-e_100g': 0.000606763888888889, 'vitamin-pp_100g': 0.00155672222222222, 'water_100g': 31.7108333333333, 'zinc_100g': 0.00177036388888889}",,,
gullón,"Botanas,Snacks dulces,Galletas y pasteles,Galletas","Morocco, Portugal, Spain, en:tunisia",439.0,18.0,on,100g,c,Doradas al horno zero sin azúcares,6.0,4.0,100g,0.4,1.5,0.5,,,,
"danone, سنطرال دانون","Dairies, Fermented foods, Fermented milk products, Desserts, Dairy desserts, Fermented dairy desserts, Yogurts, en:bifidus-yogurts",en:Morocco,60.0,1.2,on,100g,a,Activia ananas fraise,2.7,0.0,100g,0.0,0.8,5.5,,,,
"Ivoria,Cémoi,Intermarché","Snacks,Desserts,Sweet snacks,Cocoa and its products,Chocolates,Dark chocolates,Dark chocolate bar with more than 70% cocoa,fr:Chocolat noir superieur","Belgium,France,Morocco,Switzerland",581.0,42.0,on,100g,e,Tablette BIO dégustation Chocolat noir - 100g,8.1,9.3,100g,0.01,26.0,31.0,,,,
Marie Morin,"Desserts,Desserts au chocolat,Mousses sucrées,Mousses au chocolat,Mousses au chocolat noir",France,348.0,25.0,on,100g,d,Mousse au chocolat à L'ANCIENNE,8.1,,100g,0.41,15.0,19.0,"{'alcohol_100g': 0, 'beta-carotene_100g': 4.06666666666667e-05, 'calcium_100g': 0.0390686666666667, 'cholesterol_100g': 0.192122733333333, 'copper_100g': 0.00068837, 'fiber_100g': 5.376, 'fructose_100g': 0.0855, 'galactose_100g': 0.0435, 'glucose_100g': 0.187733333333333, 'iodine_100g': 3.6666e-05, 'iron_100g': 0.00478123333333333, 'lactose_100g': 0.0855, 'magnesium_100g': 0.0883536666666667, 'maltose_100g': 0.0855, 'manganese_100g': 0.00072669, 'pantothenic-acid_100g': 0.000758, 'phosphorus_100g': 0.14943, 'phylloquinone_100g': 3.8181e-06, 'polyols_100g': 0.105, 'potassium_100g': 0.375966666666667, 'selenium_100g': 2.17583333333333e-05, 'starch_100g': 1.848, 'sucrose_100g': 7.5615, 'vitamin-a_100g': 0.000149513333333333, 'vitamin-b12_100g': 7.17246666666667e-07, 'vitamin-b1_100g': 8.6585e-05, 'vitamin-b2_100g': 0.00024875, 'vitamin-b6_100g': 5.489e-05, 'vitamin-b9_100g': 5.18583333333333e-05, 'vitamin-c_100g': 0.000129166666666667, 'vitamin-d_100g': 1.2731e-06, 'vitamin-e_100g': 0.00113973333333333, 'vitamin-pp_100g': 0.000253286666666667, 'water_100g': 38.4763333333333, 'zinc_100g': 0.00147996666666667}",,,
ice,ar:soft drinks,"فرنسا,Morocco",45.1,0.0,on,100g,e,ice cola strong,0.0,0.0,100ml,20.0,0.0,11.2,,,,
LU,"Snacks,Snacks sucrés,Biscuits et gâteaux,Biscuits sucrés & biscuits apéritifs,Biscuits,Biscuits au chocolat,Biscuits au chocolat au lait,Biscuits tablette de chocolat,Biscuits tablette de chocolat au lait","France,Suisse",498.0,23.0,on,100g,e,Véritable Petit écolier Pocket Chocolat au Lait,6.2,2.8,100g,0.64,14.0,39.0,"{'alcohol_100g': 0, 'beta-carotene_100g': 3.0471e-05, 'calcium_100g': 0.03231865, 'cholesterol_100g': 0.035997625, 'copper_100g': 0.0001928575, 'fructose_100g': 0.0680825, 'galactose_100g': 8.25e-05, 'glucose_100g': 0.0680825, 'iodine_100g': 1.2310125e-05, 'iron_100g': 0.001517205, 'lactose_100g': 0.6125, 'magnesium_100g': 0.051105625, 'maltose_100g': 0.7072825, 'manganese_100g': 0.0014982455, 'pantothenic-acid_100g': 0.000364375, 'phosphorus_100g': 0.1599875, 'phylloquinone_100g': 1.4843375e-06, 'polyols_100g': 0, 'potassium_100g': 0.20994003, 'selenium_100g': 8.84975e-06, 'starch_100g': 40.3270625, 'sucrose_100g': 16.401695, 'vitamin-a_100g': 0.000115507625, 'vitamin-b12_100g': 4.2275e-08, 'vitamin-b1_100g': 0.00018132875, 'vitamin-b2_100g': 2.2465e-05, 'vitamin-b6_100g': 7.92225e-05, 'vitamin-b9_100g': 1.7854375e-05, 'vitamin-c_100g': 0.000232975, 'vitamin-d_100g': 3.42455e-07, 'vitamin-e_100g': 0.0009300325, 'vitamin-pp_100g': 4.3745e-05, 'water_100g': 8.6896425, 'zinc_100g': 0.001342895}",,,
Lay's,"Plant-based foods and beverages,Plant-based foods,Snacks,Cereals and potatoes,Salty snacks,Appetizers,Chips and fries,Crisps,Potato crisps,Farmer's crisps,Potato crisps in sunflower oil",France,514.0,30.0,on,100g,d,Chips paysanne nature,6.2,3.9,100g,1.3,3.2,0.5,,,,
näkd,"Dietary supplements, Bodybuilding supplements, Protein bars, en:bars","France, Spain, Switzerland, United Kingdom, en:belgium",424.0,22.0,on,100g,not-applicable,NAKD PROTEIN - Cacao noisette - 45g (16x1p),16.0,16.0,100g,0.01,3.5,28.0,"{'alcohol_100g': 0, 'beta-carotene_100g': 3.6015e-05, 'calcium_100g': 0.053772, 'cholesterol_100g': 0, 'copper_100g': 0.0004874, 'fructose_100g': 11.959, 'galactose_100g': 0.005, 'glucose_100g': 12.675, 'iodine_100g': 6.632e-06, 'iron_100g': 0.002647, 'lactose_100g': 0.061, 'magnesium_100g': 0.123504, 'maltose_100g': 0.1712, 'manganese_100g': 0.001012, 'pantothenic-acid_100g': 0.0011786, 'phosphorus_100g': 0.23556, 'phylloquinone_100g': 1.375e-06, 'polyols_100g': 0.0325, 'potassium_100g': 0.74048, 'selenium_100g': 1.5859e-05, 'starch_100g': 2.432, 'sucrose_100g': 3.0016, 'vitamin-a_100g': 0, 'vitamin-b12_100g': 0, 'vitamin-b1_100g': 0.00022658, 'vitamin-b2_100g': 4.732e-05, 'vitamin-b6_100g': 0.00025745, 'vitamin-b9_100g': 5.4269e-05, 'vitamin-c_100g': 0.0014795, 'vitamin-d_100g': 8.84e-08, 'vitamin-e_100g': 0.0020699, 'vitamin-pp_100g': 0.0051848, 'water_100g': 19.548, 'zinc_100g': 0.0016974}",,,
LACTEL,"Boissons, Produits laitiers, Produits fermentés, Produits laitiers fermentés, Boissons lactées, Boissons fermentées, Boissons lactées fermentées, Kéfir",en:fr,42.0,1.5,on,100g,b,Kéfir,3.3,,100g,0.1,1.1,3.6,,,,
"Activia, Activia yoghurt nature, Danone","Produits laitiers, Produits fermentés, Desserts, Produits laitiers fermentés, Desserts lactés, Desserts lactés fermentés, Desserts lactés fermentés nature, Yaourts au Bifidus, Yaourts au bifidus nature",France,62.0,3.4,on,100g,b,Activia bifidus nature 125g x 4,3.4,,100g,0.12,2.2,4.4,,,,
alpro,"Vegetarisch, vegan en plantaardig, Plantaardige zuivel alternatieven, Plantaardige yoghurt, Plantaardige yoghurt naturel",Belgium,42.0,2.3,on,100g,a,"Fermentiertes Sojaprodukt, Ungesüßt",4.0,0.9,100g,0.24,0.4,0.0,,,,
Merendina,"fr:Merendina, en:chocolate-cakes","France, en:morocco",402.0,19.0,on,100g,unknown,Merendina,4.1,1.7,100g,,11.0,38.0,,,,
Parle,"Snacks,Sweet snacks,Biscuits and cakes,Biscuits and crackers,Biscuits,Biscuit",en:india,3.4,13.0,on,100g,d,Parle G biscuit,6.9,0.0,100g,0.0,6.0,25.5,,,,
la baleine,"Condiments, Sels, Sels marins","France,Allemagne,Suisse",,,on,100g,not-applicable,Sel Moulu de Méditerranée,,,100g,97.7,,,,,,
Hacendado,"Plant-based foods and beverages,Plant-based foods,Seeds,Nuts and their products,Nuts,Shelled nuts,Walnuts","France,Portugal,Romania,Spain",716.0,69.6,on,100g,a,Nuez natural pelada,17.0,6.2,100g,0.0,6.0,1.7,"{'alcohol_100g': 0, 'beta-carotene_100g': 5.2e-05, 'calcium_100g': 0.094, 'cholesterol_100g': 0, 'fructose_100g': 0.5, 'galactose_100g': 0.1, 'glucose_100g': 0.6, 'iodine_100g': 1e-05, 'lactose_100g': 0.1, 'maltose_100g': 0.1, 'pantothenic-acid_100g': 0.00106, 'phylloquinone_100g': 2.04e-06, 'polyols_100g': 0, 'potassium_100g': 0.39, 'sucrose_100g': 0.2, 'vitamin-b12_100g': 0, 'vitamin-b1_100g': 0.00021, 'vitamin-b2_100g': 0.00012, 'vitamin-b6_100g': 0.00016, 'vitamin-b9_100g': 0.000108, 'vitamin-d_100g': 1.3e-07, 'vitamin-pp_100g': 0.00038, 'water_100g': 41.9}",,,
Mission,"Aliments et boissons à base de végétaux, Aliments d'origine végétale, Céréales et pommes de terre, Sandwichs, Pains, Pains plats, Wraps, Pains blancs, Pains de blé, Tortillas de blé","Belgium, France, en:spain",314.0,7.0,on,100g,b,Wraps au blé nature,8.0,4.3,100g,0.98,0.8,1.1,,,,
Harrys,"Snacks, Snacks sucrés, Viennoiseries, Brioches, Brioches au chocolat",France,340.0,12.3,on,100g,d,Doo Wap pépites choco,8.0,4.4,100g,0.75,3.5,18.0,"{'alcohol_100g': 0, 'beta-carotene_100g': 5.201565625e-06, 'calcium_100g': 0.027269623125, 'cholesterol_100g': 0.0284558671875, 'copper_100g': 0.000273765925, 'fructose_100g': 0.065115625, 'galactose_100g': 0, 'glucose_100g': 0.079341875, 'iodine_100g': 1.10467375, 'iron_100g': 0.0016713386875, 'lactose_100g': 0.088350625, 'magnesium_100g': 0.0513451496875, 'maltose_100g': 0.50151875, 'manganese_100g': 0.00117986898, 'pantothenic-acid_100g': 0.000371988125, 'phosphorus_100g': 0.147444125, 'phylloquinone_100g': 1.3477875e-06, 'polyols_100g': 0, 'potassium_100g': 0.209775613125, 'selenium_100g': 6.764855625e-06, 'starch_100g': 27.910653125, 'sucrose_100g': 15.760415625, 'vitamin-a_100g': 1.4370015625e-05, 'vitamin-b12_100g': 1.03598125e-07, 'vitamin-b1_100g': 0.0001660175, 'vitamin-b2_100g': 4.696275e-05, 'vitamin-b6_100g': 8.19675e-05, 'vitamin-b9_100g': 1.859745625e-05, 'vitamin-c_100g': 0.0001358765625, 'vitamin-d_100g': 2.112078125e-07, 'vitamin-e_100g': 0.0009854618125, 'vitamin-pp_100g': 0.000130738625, 'water_100g': 31.14367771875, 'zinc_100g': 0.00123854575}",,,
,"Aliments et boissons à base de végétaux,Aliments d'origine végétale,Matières grasses,Matières grasses végétales,Produits de l'olivier,Huiles,Huiles d'olive,Huiles de grignons d'olive","France,Maroc",900.0,100.0,on,100g,unknown,Huile de grignon d’olive,,,100ml,0.0,16.8,,"{'alcohol_100g': 0.0, 'beta-carotene_100g': 0.00021, 'calcium_100g': 0.0001, 'carbohydrates_100g': 0.0, 'copper_100g': 5e-06, 'energy-kj_100g': 3700.0, 'energy_100g': 3700.0, 'fiber_100g': 0.0, 'fructose_100g': 0.0, 'galactose_100g': 0.0, 'glucose_100g': 0.0, 'iodine_100g': 1e-05, 'iron_100g': 2.5e-05, 'lactose_100g': 0.0, 'magnesium_100g': 2.5e-05, 'maltose_100g': 0.0, 'manganese_100g': 5e-06, 'pantothenic-acid_100g': 0.0, 'phosphorus_100g': 0.00015, 'phylloquinone_100g': 5.81e-05, 'polyols_100g': 0.0, 'potassium_100g': 0.00015, 'proteins_100g': 0.25, 'selenium_100g': 1e-05, 'starch_100g': 0.0, 'sucrose_100g': 0.0, 'sugars_100g': 0.0, 'vitamin-a_100g': 0.0, 'vitamin-b12_100g': 0.0, 'vitamin-b1_100g': 0.0, 'vitamin-b2_100g': 0.0, 'vitamin-b6_100g': 0.0, 'vitamin-b9_100g': 0.0, 'vitamin-c_100g': 0.0, 'vitamin-d_100g': 1.3e-07, 'vitamin-e_100g': 0.0223, 'vitamin-pp_100g': 0.0, 'water_100g': 0.1, 'zinc_100g': 2.5e-05}",,,
Maribel,"Aliments et boissons à base de végétaux, Aliments d'origine végétale, Légumineuses et dérivés, Matières grasses, Produits à tartiner, Fruits à coques et dérivés, Pâtes à tartiner végétales, Matières grasses végétales, Purées d'oléagineux, Beurres de légumineuses, Beurres de fruits à coques, Beurres de cacahuètes","Bulgaria, France, Germany, Greece, Hungary, Italy, Morocco, en:croatia",661.0,53.0,on,100g,d,Smooth Peanut Butter,29.2,3.9,,0.93,13.2,7.2,"{'alcohol_100g': 0, 'beta-carotene_100g': 2.38e-06, 'calcium_100g': 0.05368607175, 'cholesterol_100g': 0, 'copper_100g': 0.0004332880375, 'fructose_100g': 0.094, 'galactose_100g': 0, 'glucose_100g': 0.094, 'iodine_100g': 1.96277875e-05, 'iron_100g': 0.001506627775, 'lactose_100g': 0.094, 'magnesium_100g': 0.17862586, 'maltose_100g': 0.094, 'manganese_100g': 0.00131778056, 'pantothenic-acid_100g': 0.0016544, 'phosphorus_100g': 0.3760444, 'phylloquinone_100g': 6.796e-07, 'polyols_100g': 0, 'potassium_100g': 0.65816368, 'selenium_100g': 2.86294125e-05, 'starch_100g': 4.7, 'sucrose_100g': 6.077435, 'vitamin-a_100g': 0, 'vitamin-b12_100g': 0, 'vitamin-b1_100g': 0.0004042, 'vitamin-b2_100g': 2.2661175e-05, 'vitamin-b6_100g': 0.000376, 'vitamin-b9_100g': 8.3942e-05, 'vitamin-c_100g': 0.000235, 'vitamin-d_100g': 1.56e-09, 'vitamin-e_100g': 0.003076665, 'vitamin-pp_100g': 0.009964, 'water_100g': 2.07, 'zinc_100g': 0.0028212951}",,,
Sting,"Beverages,Energy drinks,Energy drink with sugar",India,28.0,0.0,on,100g,e,Sting Energy,0.0,,100g,0.1325,0.0,6.8,,,,
Carrefour BIO,"Aliments et boissons à base de végétaux,Aliments d'origine végétale,Céréales et pommes de terre,en:Specific products,en:Products for specific diets,Pains,Produits à teneur réduite en sel,Biscottes,Biscottes sans sel,Biscottes complètes,Bicottes sans sel","France,Italie,Espagne",383.0,3.5,on,100g,a,Biscottes blé complet Sans sucres* et sans sel ajoutés,14.0,9.9,100g,0.02,0.4,3.0,,,,
Kellogg's,"Aliments et boissons à base de végétaux,Aliments d'origine végétale,Petit-déjeuners,Céréales et pommes de terre,Céréales et dérivés,Céréales pour petit-déjeuner,Grains soufflées,Céréales soufflées,Riz soufflé,Riz soufflé nature","Belgique,France",390.0,1.2,on,100g,c,Rice Krispies,7.0,2.9,,1.0,0.4,7.9,"{'alcohol_100g': 0, 'beta-carotene_100g': 0, 'calcium_100g': 0.030093755, 'cholesterol_100g': 0, 'copper_100g': 0.00017301225, 'fructose_100g': 0.09055, 'galactose_100g': 0, 'glucose_100g': 0.09055, 'iodine_100g': 9.31185e-06, 'lactose_100g': 0.09055, 'magnesium_100g': 0.028423075, 'maltose_100g': 0.09055, 'manganese_100g': 0.00089729385, 'pantothenic-acid_100g': 0, 'phosphorus_100g': 0.106889, 'phylloquinone_100g': 0, 'polyols_100g': 0, 'potassium_100g': 0.11018325, 'selenium_100g': 2e-07, 'starch_100g': 70.4479, 'sucrose_100g': 4.08698, 'vitamin-a_100g': 0, 'vitamin-b12_100g': 0, 'vitamin-b2_100g': 7.505e-07, 'vitamin-b9_100g': 0, 'vitamin-c_100g': 0, 'vitamin-d_100g': 0, 'vitamin-e_100g': 7.244e-05, 'vitamin-pp_100g': 0, 'water_100g': 11.3256, 'zinc_100g': 0.001277985}",,,
Kinder,"Snacks,Snacks sucrés,Biscuits et gâteaux,Biscuits sucrés & biscuits apéritifs,Biscuits,Pâtisseries","France, Germany, Italy, Switzerland, en:romania",508.0,22.1,on,100g,e,Kinder Kinderini,5.9,,,0.34,12.9,26.6,,,,
J.D. Gross,"Gustări,Gustări dulci,en:Cocoa and its products,Ciocolată,en:Dark chocolates,en:Extra fine dark chocolates","Croația,Cipru,Franța,Germania,Grecia,Slovenia,Spania",600.0,51.2,on,100g,d,Chocolate negro. Cacao 95% mínimo,12.8,10.4,,0.03,31.2,2.4,"{'alcohol_100g': 0, 'beta-carotene_100g': 4.6875e-07, 'calcium_100g': 0.0265959375, 'cholesterol_100g': 0, 'fructose_100g': 0.01875, 'galactose_100g': 0, 'glucose_100g': 0.01875, 'iodine_100g': 1.903125e-06, 'lactose_100g': 0.01875, 'maltose_100g': 0.01875, 'pantothenic-acid_100g': 0.00015375, 'phylloquinone_100g': 7.3125e-07, 'polyols_100g': 0.046875, 'potassium_100g': 0.732515625, 'sucrose_100g': 9.525, 'vitamin-b12_100g': 0, 'vitamin-b1_100g': 1.425e-05, 'vitamin-b2_100g': 2.428125e-05, 'vitamin-b6_100g': 9.375e-07, 'vitamin-b9_100g': 2.00625e-05, 'vitamin-d_100g': 5.11875e-07, 'vitamin-pp_100g': 0.000215625, 'water_100g': 0.6721875}",,,
"Elle & Vire, Savencia","Produits laitiers, Matières grasses, Produits à tartiner, Matières grasses à tartiner, Matières grasses animales, Matière grasse laitière, en:dairy-spread, Beurres, Beurres doux, Beurres allégés, Beurre léger doux à 39-41% MG","France,Réunion,Switzerland",384.0,41.0,on,100g,d,Le Beurre Doux Leger 41%MG Barquette,0.3,0.0,100g,0.31,24.9,0.4,"{'alcohol_100g': 0, 'beta-carotene_100g': 4.71903385416667e-05, 'calcium_100g': 0.0238893110416667, 'cholesterol_100g': 0.0591778708333333, 'copper_100g': 1.50915798611111e-05, 'fructose_100g': 0.01703578125, 'galactose_100g': 0.00604460069444443, 'glucose_100g': 0.0101578645833331, 'iodine_100g': 8.72232847222222e-06, 'iron_100g': 0.000132702590277776, 'lactose_100g': 0.249579722222222, 'magnesium_100g': 0.00221723, 'maltose_100g': 0.00572430555555556, 'manganese_100g': 9.10691851388887e-05, 'pantothenic-acid_100g': 5.00257118055553e-05, 'phosphorus_100g': 0.01486409375, 'phylloquinone_100g': 2.1159765625, 'polyols_100g': 0, 'potassium_100g': 0.018259895722222, 'selenium_100g': 2.53463003472222e-06, 'starch_100g': 4.99498055555555, 'sucrose_100g': 0.00708977430555549, 'vitamin-b12_100g': 2.97663888888889e-08, 'vitamin-b1_100g': 6.50957986111108e-06, 'vitamin-b2_100g': 1.39800451388888e-05, 'vitamin-b6_100g': 6.984875, 'vitamin-b9_100g': 1.03283715277777e-06, 'vitamin-c_100g': 0.000144624826388889, 'vitamin-d_100g': 4.1215e-07, 'vitamin-pp_100g': 2.2292576388888e-05, 'water_100g': 65.7704878055556, 'zinc_100g': 8.9119802083333e-05}",,,
GO NUTS,"Aliments et boissons à base de végétaux, Aliments d'origine végétale, Légumineuses et dérivés, Petit-déjeuners, Produits à tartiner, Fruits à coques et dérivés, Pâtes à tartiner végétales, Produits à tartiner sucrés, Purées d'oléagineux, Beurres de légumineuses, Purées, Pâtes à tartiner, Beurres de fruits à coques, Beurres de cacahuètes",France,599.0,49.1,on,100g,a,Beurre de cacahuètes Bio,26.1,8.6,100g,0.02,8.4,5.9,"{'alcohol_100g': 0, 'beta-carotene_100g': 2.5e-06, 'calcium_100g': 0.057, 'cholesterol_100g': 0, 'fructose_100g': 0.1, 'galactose_100g': 0, 'glucose_100g': 0.1, 'iodine_100g': 1e-05, 'lactose_100g': 0.1, 'maltose_100g': 0.1, 'pantothenic-acid_100g': 0.00176, 'phylloquinone_100g': 4e-07, 'polyols_100g': 0, 'potassium_100g': 0.7, 'sucrose_100g': 5.9, 'vitamin-b12_100g': 0, 'vitamin-b1_100g': 0.00043, 'vitamin-b2_100g': 2.4e-05, 'vitamin-b6_100g': 0.0004, 'vitamin-b9_100g': 8.93e-05, 'vitamin-d_100g': 0, 'vitamin-pp_100g': 0.0106, 'water_100g': 2.2}",,,
Idéal,"Cooking helpers,Dessert mixes,Pastry helpers,Mixes for dessert creams,fr:Préparations pour flans","France,Morocco",356.0,0.6,on,100g,unknown,Préparation en poudre pour Crème pâtissière saveur vanille,0.4,0.0,,0.25,0.0,0.0,,,,
The Bridge,"Aliments et boissons à base de végétaux, Boissons, Aliments d'origine végétale, Céréales et pommes de terre, Substituts de produits laitiers, Céréales et dérivés, Substituts du lait, Boissons à base de végétaux, Boissons végétales, Boissons végétales de céréales, Boissons à l'avoine","France,Italie",52.0,1.6,on,100g,d,Boisson avoine naturel,0.9,,100ml,0.08,0.2,5.6,,,,
"Nutella,Ferrero","Lanches comida,Pequenos alomoços,Produtos para barrar,Lanches doces,Doces para barrar,fr:Pâtes à tartiner,Creme para barrar de avelã,Creme para barrar de chocolate,Creme para barrar de avelã e cacau","Albania, Bulgaria, Croatia, France, Greece, Hungary, Italy, Kuwait, Lebanon, Moldova, North Macedonia, Portugal, Romania, Serbia, Spain, Turkey, en:cyprus",539.0,30.9,on,100g,e,Nutella 400g,6.3,,100g,0.1075,10.6,56.3,,,,
Centrale,beurre,en:ma,,,on,100g,e,beurre central 1kg,,,100g,,,,,,,
Amora,"Condiments, Sauces, Moutardes",en:fr,271.0,25.0,on,100g,e,AMORA MUST Miforte 415g,5.9,2.6,100g,4.5,1.8,1.6,"{'alcohol_100g': 0.0222222222222222, 'beta-carotene_100g': 1.217625e-05, 'calcium_100g': 0.0259361527777778, 'cholesterol_100g': 0, 'copper_100g': 3.35191666666667e-05, 'fructose_100g': 0.153580555555556, 'galactose_100g': 0, 'glucose_100g': 0.210880555555556, 'iodine_100g': 4.28440277777778e-05, 'iron_100g': 0.000502493055555556, 'lactose_100g': 0.0174930555555556, 'magnesium_100g': 0.0135352777777778, 'maltose_100g': 0.0174930555555556, 'manganese_100g': 0.000112976388888889, 'pantothenic-acid_100g': 4.53625e-05, 'phosphorus_100g': 0.0333286111111111, 'phylloquinone_100g': 4.29536111111111e-06, 'polyols_100g': 0, 'potassium_100g': 0.0427099722222222, 'selenium_100g': 2.01041666666667e-06, 'starch_100g': 0.62075, 'sucrose_100g': 0.0365930555555556, 'vitamin-a_100g': 0, 'vitamin-b12_100g': 0, 'vitamin-b1_100g': 2.62625e-05, 'vitamin-b2_100g': 1.146e-05, 'vitamin-b6_100g': 1.70623611111111e-05, 'vitamin-b9_100g': 1.790625e-06, 'vitamin-c_100g': 0.000127180555555556, 'vitamin-d_100g': 0, 'vitamin-e_100g': 0.00162483888888889, 'vitamin-pp_100g': 0.0001360875, 'water_100g': 82.0895102777778, 'zinc_100g': 0.000171164722222222}",,,
Dave's Killer Bread,"Plant-based foods and beverages,Plant-based foods,Cereals and potatoes,Cereals and their products,Breads,Sliced breads,Multigrain sliced breads",United States,244.444444444444,1.5,on,100g,b,Organic Bread 21 Whole Grains and Seeds,6.0,4.0,,0.425,0.0,4.0,,,,
"Doritos,PepsiCo","Snacks,Snacks salés,Amuse-gueules,Chips et frites,Chips,Chips de maïs",France,480.0,22.0,on,100g,c,Doritos cheese,6.8,5.5,100g,0.875,2.2,3.7,,,,
Gerblé,"Snacks,Sweet snacks,Biscuits and cakes,Biscuits and crackers,Biscuits,Chocolate biscuits,Filled biscuits,fr:Biscuits édulcorés","France,French Polynesia",456.0,22.0,on,100g,d,Fourré Cacao sans sucres,6.9,3.1,100g,0.64,4.8,0.0,,,,
"Bio Village, Marque Repère","Plant-based foods and beverages, Beverages, Plant-based foods, Dairy substitutes, Milk substitutes, Nuts and their products, Plant-based beverages, Plant-based milk alternatives, Nut-based drinks, Unsweetened beverages, Almond-based drinks","France,Réunion",26.0,1.7,on,100g,b,Lait Amande calcium,0.7,0.5,100ml,0.1,0.2,0.5,"{'alcohol_100g': 0.0, 'beta-carotene_100g': 1.12e-07, 'calcium_100g': 0.02731594, 'cholesterol_100g': 0.0, 'copper_100g': 4.9411e-05, 'fructose_100g': 0.0, 'galactose_100g': 0.0, 'glucose_100g': 0.00084, 'iodine_100g': 1.35634, 'iron_100g': 0.0003675275, 'lactose_100g': 0.0, 'magnesium_100g': 0.0240221825, 'maltose_100g': 0.00392, 'manganese_100g': 7.064071e-05, 'pantothenic-acid_100g': 8.68e-06, 'phosphorus_100g': 0.018776, 'phylloquinone_100g': 0.0, 'polyols_100g': 0.0, 'potassium_100g': 0.11925884, 'selenium_100g': 7.80575e-07, 'starch_100g': 1.246, 'sucrose_100g': 0.12488, 'vitamin-a_100g': 0.0, 'vitamin-b12_100g': 0.0, 'vitamin-b1_100g': 5.32e-06, 'vitamin-b2_100g': 1.9992e-05, 'vitamin-b6_100g': 5.95e-06, 'vitamin-b9_100g': 1.386e-06, 'vitamin-c_100g': 0.000392, 'vitamin-d_100g': 0.0, 'vitamin-e_100g': 0.00068222, 'vitamin-pp_100g': 9.842e-05, 'water_100g': 91.92567575, 'zinc_100g': 0.0001262085}",,,
Coca-Cola®,"Boissons gazeuses,Boissons édulcorées,Sodas,Boissons light,Sodas au cola,Sodas light,Sodas au cola light","Belgium,France,Spain,Switzerland",,,,100ml,unknown,coca cola zero,,,,,,,,,on,
Kellogg's,"Aliments et boissons à base de végétaux, Aliments d'origine végétale, Petit-déjeuners, Céréales et pommes de terre, Céréales et dérivés, Céréales pour petit-déjeuner, Céréales au chocolat, Pépites de céréales croustillantes, Pépites de céréales au chocolat","Belgique,France,Luxembourg,La Réunion,Suisse",484.0,22.0,on,100g,e,Céréales Extra Kellogg's Pépites Chocolat au lait,7.0,4.9,100g,0.68,12.0,25.0,,,,
old El paso,"Aliments et boissons à base de végétaux,Aliments d'origine végétale,Tortillas de maïs",France,289.0,4.8,on,100g,c,Tortilla de mais et blé,8.5,2.4,100g,0.95,0.7,4.4,,,,
Golden Sun,"Aliments et boissons à base de végétaux, Aliments d'origine végétale, Légumineuses et dérivés, Légumineuses, Graines, Graines de légumineuses, Légumineuses sèches, Lentilles, Lentilles vertes",Frankrijk,327.0,1.8,on,100g,a,Lentilles vertes,25.1,16.4,100g,0.0,0.2,1.1,,,,
Real Thai,"Aliments et boissons à base de végétaux, Boissons, Aliments d'origine végétale, Substituts de produits laitiers, Substituts du lait, Boissons à base de végétaux, Boissons végétales, Crèmes végétales, Crèmes végétales pour cuisiner, Laits et crèmes de coco",France,185.0,19.0,on,100g,d,Lait de coco,1.6,,100ml,0.05,17.0,2.0,"{'alcohol_100g': 0.0, 'beta-carotene_100g': 0.0, 'calcium_100g': 0.0129695, 'cholesterol_100g': 0.0, 'copper_100g': 0.00037655, 'fiber_100g': 7.65, 'fructose_100g': 0.0595, 'galactose_100g': 0.0, 'glucose_100g': 0.085, 'iodine_100g': 1.02e-06, 'iron_100g': 0.00207, 'lactose_100g': 0.0, 'magnesium_100g': 0.0273485, 'maltose_100g': 0.0595, 'manganese_100g': 0.001275123, 'pantothenic-acid_100g': 0.000255, 'phosphorus_100g': 0.09605, 'phylloquinone_100g': 1.7e-07, 'polyols_100g': 0.0, 'potassium_100g': 0.3027095, 'selenium_100g': 8.575e-06, 'starch_100g': 0.0, 'sucrose_100g': 3.434, 'vitamin-a_100g': 0.0, 'vitamin-b12_100g': 0.0, 'vitamin-b1_100g': 5.61e-05, 'vitamin-b2_100g': 1.7e-05, 'vitamin-b6_100g': 4.59e-05, 'vitamin-b9_100g': 2.21e-05, 'vitamin-c_100g': 0.002805, 'vitamin-d_100g': 0.0, 'vitamin-e_100g': 0.000204, 'vitamin-pp_100g': 0.000459, 'water_100g': 54.95, 'zinc_100g': 0.00093665}",,,
"britannia,","Snacks, Sweet snacks, Biscuits and cakes, en:biscuits","en:India,",492.0,19.9,on,100g,e,bourbon,4.7,,100g,295.0,7.7,37.0,,,,
Hacendado,"Alimentos y bebidas de origen vegetal,Alimentos de origen vegetal,Desayunos,Cereales y patatas,Cereales y derivados,Cereales para el desayuno,Copos,Copos de cereales,en:Extruded cereals,en:Extruded flakes,Copos de maíz tostado","Spain, en:portugal",383.333333333333,1.1,on,100g,c,Corn Flakes 0% azúcares añadidos,6.7,4.4,,1.0,0.4,0.9,"{'alcohol_100g': 0, 'beta-carotene_100g': 6.37e-06, 'calcium_100g': 0.0393995, 'cholesterol_100g': 0, 'copper_100g': 0.00019825, 'fructose_100g': 0.05586, 'galactose_100g': 0, 'glucose_100g': 0.196, 'iodine_100g': 2.79e-05, 'iron_100g': 0.00314035, 'lactose_100g': 0, 'magnesium_100g': 0.09804725, 'maltose_100g': 1.1858, 'manganese_100g': 0.0007858, 'pantothenic-acid_100g': 0.000588, 'phosphorus_100g': 0.25492, 'phylloquinone_100g': 1.764e-06, 'polyols_100g': 0, 'potassium_100g': 0.3138535, 'selenium_100g': 1.25515e-05, 'sucrose_100g': 0.1372, 'vitamin-a_100g': 0, 'vitamin-b12_100g': 0, 'vitamin-b1_100g': 0.000392, 'vitamin-b2_100g': 0.0001372, 'vitamin-b6_100g': 0.00049, 'vitamin-b9_100g': 0.0001127, 'vitamin-c_100g': 0, 'vitamin-d_100g': 0, 'vitamin-e_100g': 0.001666, 'vitamin-pp_100g': 0.002058, 'water_100g': 13.328405, 'zinc_100g': 0.00186332}",,,
"Carrefour BIO,Carrefour","Snacks,Snacks sucrés,Biscuits et gâteaux,Biscuits sucrés & biscuits apéritifs,Biscuits,Biscuits au chocolat,en:oatmeal-cookies","France, Italy, Spain, en:belgium",468.0,20.0,on,100g,c,Biscuits avoine chocolat,8.4,6.7,100g,0.18,2.7,17.0,,,,
Lindt,"Imbiss,Süßer Snack,Kakao und Kakaoprodukte,Schokoladen,Bitterschokoladen,Extrafeine dunkle Schokoladen","Australien,Österreich,Brasilien,Frankreich,Neuseeland,Vereinigtes Königreich",536.0,32.0,on,100g,e,Framboise Intense,6.1,7.0,,0.0875,19.0,47.0,"{'alcohol_100g': 0, 'beta-carotene_100g': 1.407578125e-05, 'fructose_100g': 0.05653125, 'galactose_100g': 0, 'glucose_100g': 0.04253125, 'iodine_100g': 7.15625e-07, 'lactose_100g': 0.00253125, 'maltose_100g': 0.00253125, 'phylloquinone_100g': 6.5861875e-07, 'polyols_100g': 0.006328125, 'starch_100g': 0.04875625, 'sucrose_100g': 49.91478125, 'vitamin-b12_100g': 6.25e-10, 'vitamin-b1_100g': 6.1625e-07, 'vitamin-b2_100g': 1.085e-05, 'vitamin-b6_100g': 7.290625e-07, 'vitamin-b9_100g': 1.3304375e-06, 'vitamin-c_100g': 0.000375328125, 'vitamin-d_100g': 1.27003125e-07, 'vitamin-pp_100g': 1.3296875e-05, 'water_100g': 1.93334375}",,,
TOBLERONE,"Snacks,Breakfasts,Sweet snacks,Biscuits and cakes,Biscuits and crackers,Biscuits,Dry biscuits,Breakfast biscuit,Breakfast biscuit with cereals fortified with vitamins and chemical elements","Belgium, Bulgaria, France, Germany, Morocco, Poland, Romania, Switzerland, United Kingdom, en:spain",529.166666666667,20.4545454545455,on,100g,e,petit déjeuner miel et pépites de chocolat,5.45454545454545,1.81818181818182,,0.761363636363636,5.0,33.1818181818182,,,,
"Nestlé, Maggi","Produits déshydratés,Aides culinaires,Produits lyophilisés à reconstituer,Bouillons,Bouillons déshydratés,Bouillons cubes,Bouillons de volaille,en:groceries,Bouillons-cubes-de-volaille, Condiments, en:Tenderisers","France,Suisse",,,,100ml,c,MAGGI Bouillon de Volaille 18 cubes - 180g,,,100g,,,,,,on,
"Danone, Danone of the world","Produits laitiers, Produits fermentés, Desserts, Produits laitiers fermentés, Desserts lactés, Desserts lactés fermentés, Desserts lactés fermentés nature, Skyrs, Skyrs nature","France,Switzerland",57.0,0.2,on,100g,a,Danone skyr 140 g x 2 nature,10.0,,100g,0.09,0.1,3.9,,,,
"LU,Mondelez International","Snacks,Desserts,Snacks sucrés,Biscuits et gâteaux,Biscuits,Gâteaux,Gâteaux au chocolat","France,Suisse",392.0,15.0,on,100g,d,Lulu L'Ourson Chocolat,5.1,1.8,100g,0.58,2.9,31.0,,,,
Charles Vignon,"Aliments et boissons à base de végétaux, Aliments d'origine végétale, Petit-déjeuners, Céréales et pommes de terre, Céréales et dérivés, Céréales pour petit-déjeuner, Mueslis, Céréales aux fruits à coques, Mueslis aux fruits à coque",France,458.0,18.0,on,100g,c,Muesli Bio Croustillant Amande Vanille,9.2,5.7,100g,0.01,1.7,16.0,,,,
Céréal Bio,"Snacks,Sweet snacks,Biscuits and cakes,Biscuits and crackers,Biscuits,Chocolate biscuits,Shortbread cookies,Shortbread cookie with chocolate","Belgium,France,Spain,Switzerland",486.0,22.0,on,100g,d,Sablés bio chocolat noir intense,7.1,6.0,100g,0.52,5.2,27.0,"{'alcohol_100g': 0, 'beta-carotene_100g': 5.78293333333333e-06, 'calcium_100g': 0.0321196408333333, 'chloride_100g': 4.9583333333333e-05, 'cholesterol_100g': 0.00024215, 'copper_100g': 0.000415809625, 'fructose_100g': 0.06105, 'galactose_100g': 0, 'glucose_100g': 0.06105, 'iodine_100g': 7.29496666666663e-06, 'iron_100g': 0.00322004620833333, 'lactose_100g': 0.09612, 'magnesium_100g': 0.0754129583333333, 'maltose_100g': 0.41073, 'manganese_100g': 0.00157659015, 'pantothenic-acid_100g': 0.00034699, 'phosphorus_100g': 0.178433375, 'phylloquinone_100g': 5.38133333333333e-07, 'polyols_100g': 0.007, 'potassium_100g': 0.334359520833333, 'selenium_100g': 7.95002708333333e-06, 'starch_100g': 31.7030583333333, 'sucrose_100g': 23.18389, 'vitamin-a_100g': 1.7535e-06, 'vitamin-b12_100g': 0, 'vitamin-b1_100g': 0.000159588, 'vitamin-b2_100g': 3.08848333333333e-05, 'vitamin-b6_100g': 8.01683333333333e-05, 'vitamin-b9_100g': 1.95729666666667e-05, 'vitamin-c_100g': 0.00012505, 'vitamin-d_100g': 1.61893333333333e-07, 'vitamin-e_100g': 0.00726492208333333, 'vitamin-pp_100g': 0.00021415, 'water_100g': 6.29928395833333, 'zinc_100g': 0.00156842325}",,,
maître prunille,"Aliments et boissons à base de végétaux,Aliments d'origine végétale,Fruits à coques et dérivés,Fruits à coques,Amandes,Fruits à coques décortiqués,en:almonds-shelled,en:almonds-roasted,Amandes grillées et non-salées",France,637.0,55.0,on,100g,a,Amandes grillées sans sel,25.0,9.3,100g,0.0,4.2,4.5,"{'alcohol_100g': 0, 'beta-carotene_100g': 4e-06, 'cholesterol_100g': 0, 'copper_100g': 0.00103, 'fructose_100g': 0, 'galactose_100g': 0, 'glucose_100g': 0.03, 'iodine_100g': 2.5e-06, 'iron_100g': 0.00328, 'lactose_100g': 0, 'magnesium_100g': 0.268, 'maltose_100g': 0.14, 'manganese_100g': 0.00184, 'pantothenic-acid_100g': 0.00031, 'phosphorus_100g': 0.481, 'phylloquinone_100g': 0, 'polyols_100g': 0, 'potassium_100g': 0.659, 'selenium_100g': 1e-05, 'starch_100g': 1, 'sucrose_100g': 4.46, 'vitamin-a_100g': 0, 'vitamin-b12_100g': 0, 'vitamin-b1_100g': 0.00019, 'vitamin-b2_100g': 0.00071, 'vitamin-b6_100g': 0.00012, 'vitamin-b9_100g': 4.9e-05, 'vitamin-c_100g': 0, 'vitamin-d_100g': 0, 'vitamin-e_100g': 0.0238, 'vitamin-pp_100g': 0.0035, 'water_100g': 4.51, 'zinc_100g': 0.00297}",,,
ice,"Aliments et boissons à base de végétaux, Boissons, Boissons à base de végétaux, Boissons gazeuses, Boissons aux fruits, Jus et nectars, Sodas, Jus de fruits, ar:soft drinks","France, en:morocco",58.0,0.0,on,100g,e,ice POMME 1.5l,0.0,,100ml,0.02,0.0,9.8,,,,
"Nestlé, Garden gourmet","Plant-based foods and beverages,Plant-based foods,Meat alternatives,Meat analogues,Meat analogues from soy or wheat proteins,Vegetarian patties,Patties from soy and or wheat proteins",France,173.0,4.8,on,100g,a,"Le Gourmand Soja, Poivre et Persil",20.0,4.3,100g,1.1,0.4,3.0,,,,
Red Bull,"Boissons,Boissons gazeuses,Sodas,Boissons énergisantes,Boissons avec sucre ajouté,en:Carbonated Sodas","Albania, Australia, Bulgaria, Egypt, France, India, Ireland, Morocco, Tunisia, United Kingdom, United States, en:greece",45.0,0.0,on,100g,e,Energy Drink,0.0,,,0.0975,0.0,11.0,,,,
Dost,"Dairies, Milks (liquid and powder), Milks, Whole milks, en:uht-milks",en:Morocco,58.0,3.0,on,100g,b,Lait UHT Entier,3.0,0.0,100ml,0.0,0.0,4.8,,,,
"HERTA, Le Bon Paris","Meats and their products, Meats, Prepared meats, Hams, White hams, en:white-hams-with-less-salt, Porc et dérivés, en:Pork (prepared)",en:fr,102.0,2.0,on,100g,c,HERTA LE BON PARIS Jambon sel réduit sans nitrite x6-210g,21.0,0.0,100g,1.375,0.0,0.0,"{'alcohol_100g': 0.0006875, 'beta-carotene_100g': 0, 'calcium_100g': 0.01010721875, 'cholesterol_100g': 0.07746375, 'copper_100g': 6.807390625e-05, 'fructose_100g': 0.000171875, 'galactose_100g': 0, 'glucose_100g': 0.000171875, 'iodine_100g': 1.204329375e-05, 'iron_100g': 0.0008662875, 'lactose_100g': 0.000171875, 'magnesium_100g': 0.028357171875, 'maltose_100g': 0.000171875, 'manganese_100g': 1.383875e-05, 'pantothenic-acid_100g': 0.00066539375, 'phosphorus_100g': 0.2225528125, 'phylloquinone_100g': 1.2910625e-07, 'polyols_100g': 0, 'potassium_100g': 0.37564771875, 'selenium_100g': 1.56934375e-05, 'starch_100g': 0, 'sucrose_100g': 0.000171875, 'vitamin-a_100g': 4.53858125e-06, 'vitamin-b12_100g': 5.8594375e-07, 'vitamin-b1_100g': 0.00080443125, 'vitamin-b2_100g': 0.0001589, 'vitamin-b6_100g': 0.0003575284375, 'vitamin-b9_100g': 7.10084375e-06, 'vitamin-c_100g': 0.0002698625, 'vitamin-d_100g': 5.0649375e-07, 'vitamin-e_100g': 0.000119175, 'vitamin-pp_100g': 0.00664400625, 'water_100g': 59.2117490625, 'zinc_100g': 0.0023639915625}",,,
Hacendado,"Bebidas y preparaciones de bebidas,Alimentos y bebidas de origen vegetal,Bebidas,Alimentos de origen vegetal,Cereales y patatas,en:Dairy substitutes,Cereales y derivados,Sustitutos de la leche,Bebidas de origen vegetal,Bebidas vegetales,Bebidas de cereales,Bebidas de avena","Portugal, Spain, en:france",35.0,1.4,on,100g,b,Bebida de avena 0% azúcar,0.7,0.5,100ml,0.1,0.2,0.0,"{'alcohol_100g': 0.0, 'beta-carotene_100g': 2.5e-07, 'calcium_100g': 0.015753, 'chloride_100g': 0.014, 'cholesterol_100g': 0.0, 'copper_100g': 0.0001442, 'fructose_100g': 0.0, 'galactose_100g': 0.0, 'glucose_100g': 0.0, 'iodine_100g': 9.4e-05, 'iron_100g': 0.000979, 'lactose_100g': 0.0, 'magnesium_100g': 0.036154, 'maltose_100g': 0.0, 'manganese_100g': 0.000990992, 'pantothenic-acid_100g': 0.0, 'phosphorus_100g': 0.105015, 'phylloquinone_100g': 4e-08, 'polyols_100g': 0.0, 'potassium_100g': 0.087098, 'selenium_100g': 1.325e-06, 'starch_100g': 10.52, 'sucrose_100g': 0.0, 'vitamin-a_100g': 0.0, 'vitamin-b12_100g': 0.0, 'vitamin-b1_100g': 0.0, 'vitamin-b2_100g': 0.0, 'vitamin-b6_100g': 2.4e-05, 'vitamin-b9_100g': 0.0, 'vitamin-c_100g': 0.0, 'vitamin-d_100g': 1.3e-08, 'vitamin-e_100g': 0.005948, 'vitamin-pp_100g': 0.0, 'water_100g': 61.64685, 'zinc_100g': 0.0008075}",,,
Schweppes,Blackcurrant soft drinks,"France, en:morocco",20.0,0.0,on,100g,c,cola,0.0,,100ml,0.0325,,4.4,,,,
alpro,"Plantaardige yoghurt, Plantaardige yoghurt met smaak, Plantaardige zuivel alternatieven, Vegetarisch, Vegan en plantaardig, en:strawberry-soy-yogurts",Belgium,68.0,2.1,on,100g,b,Aardbei Fraise,3.6,1.0,,0.22,0.4,7.9,,,,
Jason's,"Plant-based foods and beverages, Plant-based foods, Cereals and potatoes, Breads, White breads",en:gb,245.0,0.7,on,100g,b,Everyday White Rolls,10.0,1.8,,0.7675,0.1,3.4,"{'alcohol_100g': 0, 'beta-carotene_100g': 3.125e-06, 'calcium_100g': 0.0263452078571429, 'cholesterol_100g': 1.875e-05, 'copper_100g': 0.000212850357142857, 'fructose_100g': 0.0748214285714286, 'galactose_100g': 0, 'glucose_100g': 0.0908928571428572, 'iodine_100g': 1.21908571428571e-05, 'iron_100g': 0.00165017021428571, 'lactose_100g': 0.0651785714285714, 'magnesium_100g': 0.0550342503571429, 'maltose_100g': 0.753928571428572, 'manganese_100g': 0.00146393457142857, 'pantothenic-acid_100g': 0.0005625, 'phosphorus_100g': 0.203952971428571, 'phylloquinone_100g': 2.60714285714286e-07, 'polyols_100g': 0, 'potassium_100g': 0.281707973571429, 'selenium_100g': 6.626525e-06, 'starch_100g': 35.6723214285714, 'sucrose_100g': 0.401428571428571, 'vitamin-a_100g': 5.625e-07, 'vitamin-b12_100g': 1.82142857142857e-08, 'vitamin-b1_100g': 0.000776964285714286, 'vitamin-b2_100g': 5.65625e-05, 'vitamin-b6_100g': 0.000137589285714286, 'vitamin-b9_100g': 5.27133928571429e-05, 'vitamin-c_100g': 0.000162946428571429, 'vitamin-d_100g': 8.47321428571429e-08, 'vitamin-e_100g': 0.000537839285714286, 'vitamin-pp_100g': 0.00102098214285714, 'water_100g': 30.4, 'zinc_100g': 0.00170816125714286}",,,
liebig,"Plant-based foods and beverages,Plant-based foods,Fruits and vegetables based foods,Meals,Soups,Cream soups,Vegetable soups,Cream of vegetable soups","Belgium,France,Switzerland",42.4,1.92,on,100g,c,PurSoup' Velouté de 10 légumes,0.72,0.8,100ml,0.68,0.6,1.32,,,,
Panzani,"Condiments,Sauces,Sauces tomate,en:Aliments d'origine végétale,en:Aliments et boissons à base de végétaux,en:Aliments à base de fruits et de légumes,en:Bases culinaires,en:Groceries,en:Kits repas,en:Légumes et dérivés,en:Purée de tomates fraîches,en:Purées de tomates,en:Sauces pour pâtes,en:Sauces tomate,en:Tomates et dérivés",France,27.0,0.1,on,100g,a,Tomacouli Nature,1.2,1.6,100g,0.05,0.05,3.9,,,,
CÔTE D'OR,"Snacks,Sweet snacks,Cocoa and its products,Chocolates,Dark chocolates","Belgium, France, en:algeria",528.0,30.0,on,100g,e,100G COTE D'OR NOIR ORIGINAL,5.1,7.5,,0.01,18.0,53.0,,,,
MUTTI,"Plant-based foods and beverages,Plant-based foods,Fruits and vegetables based foods,Condiments,Vegetables based foods,Sauces,Tomatoes and their products,Tomato sauces,Tomato purées,Strained tomatoes,Groceries","Албания,Австралия,Белгия,Франция,Германия,Италия,Нидерландия,Полша,Румъния,Швейцария,Обединено кралство Великобритания и Северна Ирландия,България",25.7142857142857,0.5,on,100g,a,Passierte Tomaten im Glas,1.6,1.5,,0.5,0.1,4.5,"{'alcohol_100g': 0, 'beta-carotene_100g': 0.000446755, 'cholesterol_100g': 0, 'fructose_100g': 1.393, 'galactose_100g': 0, 'glucose_100g': 1.0746, 'iodine_100g': 9.499e-06, 'lactose_100g': 0, 'maltose_100g': 0, 'phylloquinone_100g': 7.8605e-06, 'polyols_100g': 0.012935, 'sucrose_100g': 0, 'vitamin-b12_100g': 0, 'vitamin-d_100g': 0, 'vitamin-pp_100g': 0.00064675, 'water_100g': 93.629635}",,,
alpro,"Alimentos y bebidas de origen vegetal,Comidas fermentadas,en:Dairy substitutes,en:Vegan products,Comida no láctea fermentada","France, Spain, en:portugal",65.0,3.3,on,100g,a,Skyr Alternative Natur,5.6,1.3,100g,0.33,0.6,2.2,,,,
Macao,"Snacks, Snacks sucrés, Cacao et dérivés, Chocolats, Chocolats noirs, Mini-chocolats",en:ma,528.0,30.0,on,100g,e,Chocolat monogram,5.0,7.3,100g,0.0,18.0,53.0,,,,
Harrys,"Snacks,Snacks sucrés,Viennoiseries,Brioches,Brioches tranchées,Brioches natures",France,345.0,11.0,on,100g,d,Brioche tranchée nature ss additif,8.0,5.0,100g,1.1,4.3,15.0,"{'alcohol_100g': 0.0443203125, 'beta-carotene_100g': 6.451484375e-06, 'calcium_100g': 0.0243204453125, 'cholesterol_100g': 0.0427716953125, 'copper_100g': 0.0001628860390625, 'fructose_100g': 3.742859375, 'galactose_100g': 0, 'glucose_100g': 0.081103125, 'iodine_100g': 1.22714609375e-05, 'iron_100g': 0.00140383140625, 'lactose_100g': 0.054484375, 'magnesium_100g': 0.04155592578125, 'maltose_100g': 0.57938125, 'manganese_100g': 0.001196394275, 'pantothenic-acid_100g': 0.000433440625, 'phosphorus_100g': 0.14359494921875, 'phylloquinone_100g': 1.10378125e-06, 'polyols_100g': 1.995625, 'potassium_100g': 0.1737740871875, 'selenium_100g': 6.4093234375e-06, 'starch_100g': 32.039921875, 'sucrose_100g': 10.789009375, 'vitamin-a_100g': 3.3305859375e-05, 'vitamin-b12_100g': 1.39590625e-07, 'vitamin-b1_100g': 0.0002018403515625, 'vitamin-b2_100g': 5.239046875e-05, 'vitamin-b6_100g': 7.79330859375e-05, 'vitamin-b9_100g': 2.048409375e-05, 'vitamin-c_100g': 0.0001362109375, 'vitamin-d_100g': 2.843046875e-07, 'vitamin-e_100g': 0.0008855184375, 'vitamin-pp_100g': 0.0001226682421875, 'water_100g': 32.350341171875, 'zinc_100g': 0.0011678433203125}",,,
Florbú,"Botanas,Snacks dulces,Galletas y pasteles,en:Biscuits and crackers,Galletas,Galletas de chocolate,Cookies,Cookies con chocolate","Marruecos,España",451.959847036328,19.0,on,100g,d,,6.7,5.0,,0.6875,5.1,2.5,,,,
Kellogg's,"Aliments et boissons à base de végétaux,Aliments d'origine végétale,Petit-déjeuners,Céréales et pommes de terre,Céréales et dérivés,Céréales pour petit-déjeuner,Grains soufflées,Céréales au chocolat,Céréales soufflées,Riz soufflé",France,386.0,1.9,on,100g,c,Coco Pops,6.3,3.8,100g,0.65,0.9,17.0,,,,
Lactel,"Produits laitiers,Laits,Laits homogénéisés,Laits demi-écrémés,Laits UHT,Laits demi-écrémés biologiques,Laits demi-écrémés UHT","Belgium, France, Switzerland, en:morocco",46.0,1.5,on,100g,b,Lait Bio Demi-Écrémé sans lactose,3.3,,100ml,0.275,1.0,4.8,"{'alcohol_100g': 0.0, 'beta-carotene_100g': 9.45e-06, 'cholesterol_100g': 0.0057, 'copper_100g': 8.7e-06, 'fiber_100g': 0.0, 'fructose_100g': 0.05, 'galactose_100g': 0.05, 'glucose_100g': 0.05, 'iodine_100g': 1.21e-05, 'iron_100g': 4.5e-05, 'lactose_100g': 4.66, 'magnesium_100g': 0.0121, 'maltose_100g': 0.05, 'manganese_100g': 3.1e-06, 'pantothenic-acid_100g': 0.00041, 'phosphorus_100g': 0.0891, 'phylloquinone_100g': 2e-07, 'polyols_100g': 0.0, 'potassium_100g': 0.167, 'selenium_100g': 5e-06, 'starch_100g': 0.0, 'sucrose_100g': 0.05, 'vitamin-a_100g': 1.92e-05, 'vitamin-b12_100g': 3.8e-07, 'vitamin-b1_100g': 6e-05, 'vitamin-b2_100g': 0.00018, 'vitamin-b6_100g': 3.7e-05, 'vitamin-b9_100g': 9.49e-06, 'vitamin-c_100g': 0.0015, 'vitamin-d_100g': 2.5e-07, 'vitamin-e_100g': 0.00013, 'vitamin-pp_100g': 9.3e-05, 'water_100g': 89.4, 'zinc_100g': 0.00039}",,,
COPAG,"Dairies,Fermented foods,Fermented milk products,Desserts,Dairy desserts,Fermented dairy desserts,Yogurts,Cow milk yogurts",Morocco,163.6,6.7,on,100g,c,ديليسيوس بيرلي,6.4,0.0,100g,0.0,4.9,8.5,,,,
Belin,biscuits-aperitifs,en:fr,553.0,36.0,on,100g,e,Monaco,12.0,2.4,100g,2.1,18.0,5.6,,,,
,Fromage,en:Morocco,287.0,24.0,on,100g,d,LA HOLLANDAISE CLASSIQUE 64P,5.0,,100g,0.6,13.0,1.0,,,,
Orangina,"Boissons et préparations de boissons,Aliments et boissons à base de végétaux,Boissons,Boissons à base de végétaux,Boissons gazeuses,Boissons aux fruits,Sodas,Sodas aux fruits,Sodas à l'orange,Boissons avec sucre ajouté",France,39.0,0.1,on,100g,e,Orangina 1.5L,0.1,0.0,,0.01,0.0,9.1,,,,
VALOR,"Cocoa and its products,Cocoa and chocolate powders,Cocoa powders","Spain, en:morocco",339.0,11.0,on,100g,unknown,100% cacao puro natural,25.0,34.0,100g,0.05,6.9,1.0,"{'beta-carotene_100g': 2.5e-06, 'fructose_100g': 0.1, 'galactose_100g': 0, 'glucose_100g': 0.1, 'iodine_100g': 1e-05, 'lactose_100g': 0.1, 'maltose_100g': 0.1, 'pantothenic-acid_100g': 0.00082, 'phylloquinone_100g': 3.9e-06, 'polyols_100g': 0.25, 'sucrose_100g': 0.9, 'vitamin-b12_100g': 0, 'vitamin-b1_100g': 7.6e-05, 'vitamin-b2_100g': 0.00012, 'vitamin-b6_100g': 5e-06, 'vitamin-b9_100g': 0.000107, 'vitamin-pp_100g': 0.00115, 'water_100g': 3.5}",,,
"Carrefour BIO,Carrefour,Groupe Carrefour","Bebidas y preparaciones de bebidas,Alimentos y bebidas de origen vegetal,Bebidas,Alimentos de origen vegetal,Leguminosas y derivados,en:Dairy substitutes,Sustitutos de la leche,Bebidas de origen vegetal,Bebidas vegetales,Leches de leguminosas,Bebidas no azucaradas,Bebidas de soja,en:Plain soy drink fortified with calcium,Bebidas de soja natural sin azúcar","Francia,Italia,Mónaco,Marruecos,Polonia,Rumania,España",41.0,2.1,on,100g,b,SOJA Sans sucres ajoutés,3.8,0.6,100ml,0.01,0.4,0.7,,,,
Malo,"Produits laitiers,Produits fermentés,Produits laitiers fermentés,Desserts,Desserts lactés,Desserts lactés fermentés,Yaourts,Desserts lactés fermentés nature,Yaourts natures,YAOURTS & FROMAGES BLANCS",France,53.0,1.0,on,100g,a,Yaourt nature,4.3,0.0,100g,0.16,0.6,6.7,,,,
Menguy's,"Plant-based foods and beverages, Plant-based foods, Spreads, Nuts and their products, Plant-based spreads, Oilseed purees, Nut butters, Aliments d'origine végétale, Aliments et boissons à base de végétaux, Beurres de cacahuetes croustillants, Beurres de cacahuètes, Beurres de fruits à coques, Beurres de légumineuses, Cacahuètes, Fruits à coques, Fruits à coques et dérivés, Légumineuses, Légumineuses et dérivés, Produits à tartiner, Purées d'oléagineux, Pâtes à tartiner végétales, en:peanut-butters",France,629.0,52.0,on,100g,c,Menguy's Beurre de cacahuètes crunchy,25.0,6.7,100g,0.73,9.3,8.5,"{'alcohol_100g': 0, 'beta-carotene_100g': 1.58683333333333e-05, 'calcium_100g': 0.0515007833333333, 'cholesterol_100g': 0.0188933333333333, 'copper_100g': 0.0004058225, 'fructose_100g': 0.0913333333333333, 'galactose_100g': 0.00433333333333333, 'glucose_100g': 0.0913333333333333, 'iodine_100g': 4.91365, 'iron_100g': 0.001402205, 'lactose_100g': 0.158933333333333, 'magnesium_100g': 0.165581666666667, 'maltose_100g': 0.0913333333333333, 'manganese_100g': 0.0012208925, 'pantothenic-acid_100g': 0.00154073333333333, 'phosphorus_100g': 0.350253333333333, 'phylloquinone_100g': 9.54666666666667e-07, 'polyols_100g': 0, 'potassium_100g': 0.612085333333333, 'selenium_100g': 2.66525e-05, 'starch_100g': 4.35, 'sucrose_100g': 7.29966666666667, 'vitamin-a_100g': 5.85e-05, 'vitamin-b12_100g': 1.47333333333333e-08, 'vitamin-b1_100g': 0.00037462, 'vitamin-b2_100g': 2.4325e-05, 'vitamin-b6_100g': 0.000348303333333333, 'vitamin-b9_100g': 7.7951e-05, 'vitamin-c_100g': 0.0002175, 'vitamin-d_100g': 9.70666666666667e-08, 'vitamin-e_100g': 0.00232306666666667, 'vitamin-pp_100g': 0.00922815333333333, 'water_100g': 3.252935, 'zinc_100g': 0.00261953333333333}",,,
"Karéléa, Léa Nature","Snacks, Snacks sucrés, Biscuits et gâteaux, Biscuits",France,479.0,22.0,on,100g,b,Karéléa épautre noisette,8.4,7.5,100g,0.15,1.7,15.0,,,,
"Carrefour BIO, Carrefour","Aliments et boissons à base de végétaux,Aliments d'origine végétale,Muesli-croustillant-au-graines-de-courge-et-de-tournesol,Mueslis","France, Italie, Espagne",425.0,14.0,on,100g,c,Croustillant graines de courge et de tournesol,11.0,6.2,100g,0.02,1.9,15.0,"{'alcohol_100g': 0, 'beta-carotene_100g': 3.890625e-07, 'calcium_100g': 0.0468479375, 'chloride_100g': 0, 'cholesterol_100g': 0, 'copper_100g': 0.000193821875, 'fructose_100g': 3.7481875, 'galactose_100g': 0, 'glucose_100g': 3.5406875, 'iodine_100g': 1.855e-06, 'iron_100g': 0.002128103125, 'lactose_100g': 0.0235625, 'magnesium_100g': 0.071134609375, 'maltose_100g': 0.0443125, 'manganese_100g': 0.002167676875, 'pantothenic-acid_100g': 0.000565465, 'phosphorus_100g': 0.20342653125, 'phylloquinone_100g': 2.178e-06, 'polyols_100g': 0.0259375, 'potassium_100g': 0.27967090625, 'selenium_100g': 4.29e-06, 'starch_100g': 34.49425, 'sucrose_100g': 29.136225, 'vitamin-a_100g': 0, 'vitamin-b12_100g': 1.245e-09, 'vitamin-b1_100g': 0.00019053125, 'vitamin-b2_100g': 6.548125e-05, 'vitamin-b6_100g': 7.44725e-05, 'vitamin-b9_100g': 2.53375e-05, 'vitamin-c_100g': 2.59375e-05, 'vitamin-d_100g': 2.023125e-08, 'vitamin-e_100g': 0.003407, 'vitamin-pp_100g': 0.0004629875, 'water_100g': 7.650590625, 'zinc_100g': 0.001633140625}",,,
Herta,"Viandes et dérivés,Porc et dérivés,Allumettes de porc,en:Pork (prepared),Allumettes de porc natures",France,239.0,19.0,on,100g,d,HERTA Allumettes nature conservation sans nitrite - 2x75g,17.0,0.0,100g,2.2,7.0,0.0,,,,
LA VIE,"Aliments et boissons à base de végétaux,Aliments d'origine végétale,Alternatives à la viande,Substituts de viande,Substituts de viande à partir de protéines de pois,Charcuterie-vegetale,Substituts de viande à partir de protéines de soja ou blé",en:fr,116.0,2.0,on,100g,b,Jambon Végétal Fumé,19.0,1.9,,1.8,0.7,0.4,,,,
Carrefour bio,"Snacks, Snacks sucrés, Biscuits et gâteaux, Biscuits, Biscuits au chocolat, Cookies, Cookies au chocolat, Cookies au chocolat et aux noisettes","Frankrijk,Italië,Spanje",501.0,26.0,on,100g,e,cookies bio chocolat noisette,7.1,3.8,100g,0.31,11.0,27.0,"{'alcohol_100g': 0, 'beta-carotene_100g': 1.974383046875e-05, 'calcium_100g': 0.0295842191796875, 'cholesterol_100g': 0.02550733109375, 'copper_100g': 0.000448485303515625, 'fructose_100g': 0.0602770234375, 'galactose_100g': 0.0112004609375, 'glucose_100g': 0.0727960859375, 'iodine_100g': 6.28688867187497e-06, 'iron_100g': 0.00266381611328125, 'lactose_100g': 0.154917890624999, 'magnesium_100g': 0.0656987452734375, 'maltose_100g': 0.3751770234375, 'manganese_100g': 0.00124968216289063, 'pantothenic-acid_100g': 0.000343136015625, 'phosphorus_100g': 0.1460585703125, 'phylloquinone_100g': 3.083074296875e-06, 'polyols_100g': 0.03825, 'potassium_100g': 0.266472893203125, 'selenium_100g': 7.43718578125e-06, 'starch_100g': 29.77132, 'sucrose_100g': 24.3339778046875, 'vitamin-a_100g': 7.38298720703125e-05, 'vitamin-b12_100g': 7.7843359375, 'vitamin-b1_100g': 0.0001285779140625, 'vitamin-b2_100g': 3.428295703125e-05, 'vitamin-b6_100g': 5.1555921875e-05, 'vitamin-b9_100g': 2.0969856640625e-05, 'vitamin-c_100g': 0.000138155859375, 'vitamin-d_100g': 5.073566484375e-07, 'vitamin-e_100g': 0.00196637434765625, 'vitamin-pp_100g': 0.0001447580390625, 'water_100g': 7.655888359375, 'zinc_100g': 0.0012790912421875}",,,
Bjorg,"Aliments et boissons à base de végétaux,Aliments d'origine végétale,Céréales et pommes de terre,Céréales et dérivés,Galettes de céréales soufflées,Galettes de riz soufflé,Galettes de riz au chocolat noir",France,492.882940301678,23.1111111111111,on,100g,e,Galettes riz chocolat noir,6.22222222222222,5.33333333333333,100g,0.0,13.3333333333333,26.6666666666667,"{'beta-carotene_100g': 1.475e-06, 'fructose_100g': 0.1, 'galactose_100g': 0, 'glucose_100g': 0.1, 'iodine_100g': 5.9e-06, 'lactose_100g': 0.1, 'maltose_100g': 0.1, 'pantothenic-acid_100g': 0.0002596, 'phylloquinone_100g': 4.3601e-06, 'polyols_100g': 0.1475, 'sucrose_100g': 10.6266, 'vitamin-b12_100g': 2.065e-07, 'vitamin-b1_100g': 7.67e-05, 'vitamin-b2_100g': 6.49e-05, 'vitamin-b6_100g': 5.625e-05, 'vitamin-b9_100g': 3.068e-05, 'vitamin-pp_100g': 0.0002891, 'water_100g': 5.656}",,,
Carrefour,"Snacks,Sweet snacks,Biscuits and cakes,Biscuits and crackers,Biscuits,Petit-Beurre,Shortbread cookies,Sweet Biscuits","Belgium,France,Italy,Martinique,Morocco,Poland,Romania,Spain,Kenya",441.0,12.0,on,100g,e,Galleta de mantequilla,8.0,3.3,100g,1.1,7.8,26.0,"{'alcohol_100g': 0, 'beta-carotene_100g': 2.626925e-05, 'calcium_100g': 0.03668968125, 'cholesterol_100g': 0.03142125, 'copper_100g': 0.000208399375, 'fructose_100g': 0.1977895, 'galactose_100g': 0.0072045, 'glucose_100g': 0.2156095, 'iodine_100g': 8.35255, 'iron_100g': 0.001834839625, 'lactose_100g': 0.309295, 'magnesium_100g': 0.054615221875, 'maltose_100g': 0.7383245, 'manganese_100g': 0.0015565432, 'pantothenic-acid_100g': 0.00038046, 'phosphorus_100g': 0.1607395, 'phylloquinone_100g': 1.289425e-06, 'polyols_100g': 0.2673, 'potassium_100g': 0.23834850625, 'selenium_100g': 7.92803125e-06, 'starch_100g': 41.6879, 'sucrose_100g': 14.3301845, 'vitamin-a_100g': 9.72219375e-05, 'vitamin-b12_100g': 3.3525, 'vitamin-b1_100g': 0.0001846115, 'vitamin-b2_100g': 1.193e-05, 'vitamin-b6_100g': 8.48675e-05, 'vitamin-b9_100g': 1.8727475e-05, 'vitamin-c_100g': 0.000189475, 'vitamin-d_100g': 2.527105e-07, 'vitamin-e_100g': 0.00085927075, 'vitamin-pp_100g': 6.37565e-05, 'water_100g': 11.1337376875, 'zinc_100g': 0.0013644415}",,,
Benedicta,"Condiments,Matières grasses,Sauces,Sauces béarnaises, en:Other sauces, en:Shelf-stable other sauces",France,477.0,50.9,on,100g,d,Sauce Béarnaise bocal,0.5,,100g,2.1,3.8,1.8,"{'alcohol_100g': 0.0296785714285714, 'beta-carotene_100g': 1.69935267857143e-05, 'calcium_100g': 0.0109014939285714, 'cholesterol_100g': 0.0696704464285715, 'copper_100g': 1.79499821428571e-05, 'fiber_100g': 0.118210714285714, 'fructose_100g': 0.0241205357142857, 'galactose_100g': 0.00804375, 'glucose_100g': 0.0278732142857143, 'iodine_100g': 4.69957714285714e-05, 'iron_100g': 0.000180510857142857, 'lactose_100g': 0.0150830357142857, 'magnesium_100g': 0.00293095714285714, 'maltose_100g': 0.01993125, 'manganese_100g': 4.5463525e-05, 'pantothenic-acid_100g': 0.000219886071428572, 'phosphorus_100g': 0.0148536964285714, 'phylloquinone_100g': 3.67889946428571e-05, 'polyols_100g': 0.00242410714285715, 'potassium_100g': 0.0226772071428571, 'selenium_100g': 8.95627678571429e-06, 'starch_100g': 0.00444535714285714, 'sucrose_100g': 1.67813839285714, 'vitamin-a_100g': 2.493e-05, 'vitamin-b12_100g': 2.24815178571429e-07, 'vitamin-b1_100g': 1.47624642857143e-05, 'vitamin-b2_100g': 3.0656625e-05, 'vitamin-b6_100g': 2.5185e-05, 'vitamin-b9_100g': 1.29776357142857e-05, 'vitamin-c_100g': 0.000523767857142857, 'vitamin-d_100g': 1.48392857142857e-07, 'vitamin-e_100g': 0.0136959476785714, 'vitamin-pp_100g': 2.1525e-05, 'water_100g': 43.4563070714286, 'zinc_100g': 0.000115893821428571}",,,
Jaïd,"Produits laitiers,Laits (fluide et poudre),Laits,Laits homogénéisés,Laits UHT,Laits entiers,Lait entier UHT","en:france, en:morocco",58.0,3.0,on,100g,c,,3.0,,100ml,0.0,3.0,4.8,,,,
Brossard,"Snacks, Snacks sucrés, Biscuits et gâteaux, Gâteaux, Gâteaux au chocolat, Gâteaux marbrés, en:Biscuits et gâteaux, en:Gâteaux, en:Gâteaux au chocolat, en:Gâteaux marbrés",en:fr,432.0,23.0,on,100g,d,Savane chocolat,5.3,5.5,100g,0.53,3.5,24.0,,,,
LA VACHE QUI RIT,"Produits laitiers,Produits fermentés,Produits laitiers fermentés,Fromages",France,228.0,17.5,on,100g,d,Fromage Produit laitiers,11.5,,100g,1.7,6.0,6.0,,,,
,en:open-beauty-facts,en:Morocco,,,,,not-applicable,,,,,,,,,,,
Lay's,"Plant-based foods and beverages, Plant-based foods, Snacks, Cereals and potatoes, Salty snacks, Appetizers, Chips and fries, Crisps, Potato crisps, en:flavoured-potato-crisps",France,504.0,27.0,on,100g,c,chips saveur barbecue,6.5,5.3,100g,0.65,2.1,2.8,,,,
vital,"Aliments et boissons à base de végétaux,Aliments d'origine végétale,Matières grasses,Produits à tartiner,Pâtes à tartiner végétales,Matières grasses à tartiner,Matières grasses végétales,Margarines","France,Maroc",514.0,57.0,on,100g,unknown,MARG VITAL OVAL PF 200G,0.5,,100g,0.0,,0.0,,,,
Gräfschafer,"Biljne hrane i pića,Hranu biljnog podrijetla,Žitarice i krumpir,Kruhovi,Raženi kruhovi,Integralni kruhovi,en:pflanzliche-lebensmittel-und-getränke","Hrvatska,Njemačka,Slovenija,Španjolska,Ujedinjeno Kraljevstvo",208.928571428571,1.79,on,100g,a,Roggen Vollkornbrot,5.71,9.29,,1.0,0.36,3.93,,,,
fleury Michon,"Viandes et dérivés,Viandes,Charcuteries,Poulet et dérivés,Volailles,Poulets,Charcuteries cuites,Blancs de volaille en tranches,Blancs de poulet en tranches",France,103.967495219885,1.9,on,100g,a,Blanc de Poulet,21.0,,,1.3775,0.5,0.5,"{'alcohol_100g': 0, 'beta-carotene_100g': 1.721875e-08, 'calcium_100g': 0.00480713173214286, 'cholesterol_100g': 0.080746, 'fiber_100g': 0.03099375, 'fructose_100g': 0.09468875, 'galactose_100g': 0, 'glucose_100g': 0.09468875, 'iodine_100g': 2.22814158928571e-05, 'lactose_100g': 0.09468875, 'maltose_100g': 0.09468875, 'pantothenic-acid_100g': 0.001639663625, 'phylloquinone_100g': 3.78755e-07, 'polyols_100g': 0.0151525, 'potassium_100g': 0.417240738928571, 'sucrose_100g': 0.700790357142857, 'vitamin-b12_100g': 1.692e-07, 'vitamin-b1_100g': 8.21863625e-05, 'vitamin-b2_100g': 4.64558107142857e-05, 'vitamin-b6_100g': 0.0001799775, 'vitamin-b9_100g': 9.2456125e-06, 'vitamin-d_100g': 1.222e-07, 'vitamin-pp_100g': 0.01109406625, 'water_100g': 64.0628108017857}",,,
Bjorg,"Boissons et préparations de boissons,Aliments et boissons à base de végétaux,Boissons,Aliments d'origine végétale,Substituts de produits laitiers,Substituts du lait,Fruits à coques et dérivés,Boissons à base de végétaux,Boissons végétales,Boissons végétales de fruits à coque,Laits d'amande,Laits d'amande vanille,en:Boissons avec sucre ajouté,en:Boissons sans sucre ajouté",France,37.0,1.4,on,100g,c,BjORG AMANDE VANILLE,0.5,0.0,100ml,0.0975,0.2,3.7,,,,
Connétable,"Produits de la mer,Poissons et dérivés,Conserves,Poissons,Poissons gras,Poissons en conserve,Sardines,Sardines en conserve,Sardines à l'huile,Sardines sans huile","France,Maroc,La Réunion",158.0,7.2,on,100g,a,Sardines marinade citron basilic sans huile,22.0,0.0,100g,0.9,2.4,0.0,,,,
,"Produits laitiers, Produits fermentés, Produits laitiers fermentés, Produits à tartiner, Fromages, Produits à tartiner salés, Fromages à tartiner","France, en:morocco",37.0,0.0,on,100g,b,Petit frais,0.0,,100g,0.0,0.0,9.0,,,,
dulcetto,"Breakfasts, Spreads, Sweet spreads, fr:Pâtes à tartiner, Hazelnut spreads, en:chocolate-spreads",en:ma,522.0,25.5,on,100g,e,Pâte a tartiner,1.3,,100g,0.1,0.0,71.7,,,,
Liebig,"Frozen foods, Velouté de légumes, en:cream-of-vegetable-soups",en:france,42.0,1.9,on,100g,b,Velouté de 12 legumes,0.7,0.7,100ml,0.51,0.6,1.4,"{'alcohol_100g': 0.0, 'beta-carotene_100g': 0.000613073450991982, 'calcium_100g': 0.00966168533325196, 'cholesterol_100g': 5.15779194079046e-05, 'copper_100g': 3.04545469585218e-05, 'fructose_100g': 0.480942378797029, 'galactose_100g': 1.15645559210549e-05, 'glucose_100g': 0.422015726189864, 'iodine_100g': 1.1596454218814e-06, 'iron_100g': 0.000120714431088096, 'lactose_100g': 0.015988938181024, 'magnesium_100g': 0.00623809616088867, 'maltose_100g': 0.0146578577945107, 'manganese_100g': 4.20987433182566e-05, 'pantothenic-acid_100g': 0.000136827055278577, 'phosphorus_100g': 0.0144052969280042, 'phylloquinone_100g': 3.07516612002725e-06, 'polyols_100g': 0.0302349315442537, 'potassium_100g': 0.129916884428325, 'selenium_100g': 2.74411609850432e-06, 'starch_100g': 2.2271447512978, 'sucrose_100g': 0.315117741634971, 'vitamin-a_100g': 1.5694490131582e-07, 'vitamin-b12_100g': 2.65984786184227e-10, 'vitamin-b1_100g': 2.21195622494346e-05, 'vitamin-b2_100g': 9.08046039782073e-06, 'vitamin-b6_100g': 7.25992030093544e-05, 'vitamin-b9_100g': 1.46212494699579e-05, 'vitamin-c_100g': 0.00460567163567794, 'vitamin-d_100g': 2.93739720394789e-10, 'vitamin-e_100g': 0.000219978424072267, 'vitamin-pp_100g': 0.000370933817813271, 'water_100g': 94.2961606204384, 'zinc_100g': 6.91257709703948e-05}",,,
Bjorg,"en:a,Cruesli","Belgium,France",408.0,12.0,on,100g,a,Granola Fruits Rouges,10.0,8.0,100g,0.02,1.8,12.0,"{'alcohol_100g': 0, 'beta-carotene_100g': 9.765625e-07, 'calcium_100g': 0.06427325, 'cholesterol_100g': 0, 'copper_100g': 0.0002274, 'fructose_100g': 0.06125, 'galactose_100g': 0, 'glucose_100g': 0.054375, 'iodine_100g': 1.23921875e-06, 'iron_100g': 0.00306381875, 'lactose_100g': 0, 'magnesium_100g': 0.11145171875, 'maltose_100g': 0.00234375, 'manganese_100g': 0.0035476775, 'pantothenic-acid_100g': 0.00098578125, 'phosphorus_100g': 0.3170215625, 'phylloquinone_100g': 1.53875e-06, 'polyols_100g': 0.00390625, 'potassium_100g': 0.2877965625, 'selenium_100g': 3.66796875e-06, 'starch_100g': 42.675203125, 'sucrose_100g': 11.95734375, 'vitamin-a_100g': 0, 'vitamin-b12_100g': 0, 'vitamin-b1_100g': 0.000322984375, 'vitamin-b2_100g': 0.00010845, 'vitamin-b6_100g': 9.1e-05, 'vitamin-b9_100g': 3.02875e-05, 'vitamin-c_100g': 0.001359375, 'vitamin-d_100g': 1.05625e-08, 'vitamin-e_100g': 0.00510859375, 'vitamin-pp_100g': 0.0007259375, 'water_100g': 8.91565625, 'zinc_100g': 0.00250521875}",,,
Fleury Michon,"Viandes et dérivés,Plats préparés,Plats préparés à la viande,Plats au bœuf,Plats préparés à réchauffer au micro-ondes,Moussaka,Plats préparés à réchauffer au four",France,128.0,8.0,on,100g,c,Plat cuisiné Moussaka Boeuf & Aubergines avec une touche de menthe douce,6.7,1.3,,0.73,2.7,3.9,"{'alcohol_100g': 0, 'beta-carotene_100g': 0.000228323233333333, 'calcium_100g': 0.0786480746666666, 'cholesterol_100g': 0.0167435, 'copper_100g': 6.51353833333332e-05, 'fructose_100g': 1.00456933333333, 'galactose_100g': 0.008578, 'glucose_100g': 0.935532333333333, 'iodine_100g': 1.35668633333333e-05, 'iron_100g': 0.00175279107444444, 'lactose_100g': 0.709299255555555, 'magnesium_100g': 0.0228258117777778, 'maltose_100g': 0.0406292555555555, 'manganese_100g': 0.000157268216444444, 'pantothenic-acid_100g': 0.000280712111111111, 'phosphorus_100g': 0.0947991111111111, 'phylloquinone_100g': 1.00216777777778e-05, 'polyols_100g': 0.02349, 'potassium_100g': 0.274135652444444, 'selenium_100g': 3.35715333333333e-06, 'starch_100g': 1.93596666666667, 'sucrose_100g': 0.174373555555556, 'vitamin-a_100g': 1.30233e-05, 'vitamin-b12_100g': 4.0733e-07, 'vitamin-b1_100g': 4.76034666666667e-05, 'vitamin-b2_100g': 0.000117622666666667, 'vitamin-b6_100g': 0.000136183666666667, 'vitamin-b9_100g': 2.12243777777778e-05, 'vitamin-c_100g': 0.0104693155555555, 'vitamin-d_100g': 6.7445e-08, 'vitamin-e_100g': 0.00209455977777778, 'vitamin-pp_100g': 0.00131342277777778, 'water_100g': 74.8810718888889, 'zinc_100g': 0.0019381966}",,,
Bridélice,"Produits laitiers,Produits fermentés,Produits laitiers fermentés,Crèmes,Crèmes épaisses,Crèmes fraîches,Crèmes légères","France, en:morocco",169.0,15.0,on,100g,d,Crème fraîche épaisse,2.5,,100g,0.11,10.0,3.9,"{'alcohol_100g': 0, 'beta-carotene_100g': 7.5757e-05, 'calcium_100g': 0.079869, 'cholesterol_100g': 0.087882, 'fiber_100g': 1.3663, 'fructose_100g': 0.0485, 'galactose_100g': 0.0485, 'glucose_100g': 0.0485, 'iodine_100g': 1.02955e-05, 'lactose_100g': 2.5705, 'maltose_100g': 0.0485, 'pantothenic-acid_100g': 0.0002425, 'phylloquinone_100g': 4.559e-07, 'polyols_100g': 0, 'potassium_100g': 0.10194, 'sucrose_100g': 0.05141, 'vitamin-b12_100g': 1.746e-07, 'vitamin-b1_100g': 2.716e-05, 'vitamin-b2_100g': 0.00017478, 'vitamin-b6_100g': 3.40625e-05, 'vitamin-b9_100g': 2.16535e-05, 'vitamin-d_100g': 1.649e-07, 'vitamin-pp_100g': 0.000146175, 'water_100g': 66.16835}",,,
"Alesto, Lidl","Plant-based foods and beverages, Plant-based foods, Nuts and their products, Nuts, Pistachios, Roasted pistachios, en:salted-pistachios","France, Germany, Morocco, Poland, Romania, Spain, en:netherlands",614.0,51.6,on,100g,c,Pistaches de Californie grillées et salées,23.6,12.1,100g,1.5,6.2,7.7,"{'alcohol_100g': 0, 'beta-carotene_100g': 0.00015366, 'cholesterol_100g': 0, 'fructose_100g': 0.2167, 'galactose_100g': 0, 'glucose_100g': 0.2561, 'iodine_100g': 3.03625e-05, 'lactose_100g': 0, 'maltose_100g': 0.12805, 'pantothenic-acid_100g': 0.00050235, 'phylloquinone_100g': 1.3002e-05, 'polyols_100g': 0, 'sucrose_100g': 7.0132, 'vitamin-b12_100g': 0, 'vitamin-b1_100g': 0.0007683, 'vitamin-b2_100g': 0.000197, 'vitamin-b6_100g': 0.0012805, 'vitamin-b9_100g': 5.0038e-05, 'vitamin-d_100g': 0, 'vitamin-pp_100g': 0.00134945, 'water_100g': 2.393955}",,,
Bridelice,"Produits laitiers,Crèmes,Crèmes UHT,Crèmes liquides,Crèmes légères,Crèmes allégées en matière grasse",France,144.0,12.0,on,100g,d,Bridélice Crème légère fluide 12%Mat. Gr.,3.1,,100g,0.12,7.8,4.2,"{'alcohol_100g': 0, 'beta-carotene_100g': 7.6538e-05, 'calcium_100g': 0.080646, 'cholesterol_100g': 0.088788, 'copper_100g': 8.1e-06, 'fiber_100g': 1.3742, 'fructose_100g': 0.049, 'galactose_100g': 0.049, 'glucose_100g': 0.049, 'iodine_100g': 1.0397e-05, 'iron_100g': 0.00010174, 'lactose_100g': 2.597, 'magnesium_100g': 0.0080199, 'maltose_100g': 0.049, 'manganese_100g': 1.0988e-05, 'pantothenic-acid_100g': 0.000245, 'phosphorus_100g': 0.065716, 'phylloquinone_100g': 4.606e-07, 'polyols_100g': 0, 'potassium_100g': 0.10296, 'selenium_100g': 1.1984e-06, 'starch_100g': 1.36184, 'sucrose_100g': 0.05194, 'vitamin-a_100g': 0.00020678, 'vitamin-b12_100g': 1.764e-07, 'vitamin-b1_100g': 2.744e-05, 'vitamin-b2_100g': 0.00017652, 'vitamin-b6_100g': 3.4375e-05, 'vitamin-b9_100g': 2.1869e-05, 'vitamin-c_100g': 0.000294, 'vitamin-d_100g': 1.666e-07, 'vitamin-e_100g': 0.0005096, 'vitamin-pp_100g': 0.00014745, 'water_100g': 66.7789, 'zinc_100g': 0.0002688}",,,
Bjorg,"Snacks, Desserts, Snacks sucrés, Biscuits et gâteaux, Biscuits, Biscuits feuilletés, Palmiers","France,Switzerland",508.0,25.0,on,100g,e,Le palmier,7.0,3.3,100g,0.83,14.0,20.0,"{'alcohol_100g': 0, 'beta-carotene_100g': 4.8930375e-05, 'calcium_100g': 0.0234373095, 'cholesterol_100g': 0.0632214525, 'copper_100g': 0.000183807525, 'fructose_100g': 0.076915, 'galactose_100g': 0.0145, 'glucose_100g': 0.077745, 'iodine_100g': 1.0766765e-05, 'iron_100g': 0.00139572985, 'lactose_100g': 0.303115, 'magnesium_100g': 0.0483645575, 'maltose_100g': 0.66843, 'manganese_100g': 0.001369202065, 'pantothenic-acid_100g': 0.000350831, 'phosphorus_100g': 0.1479582, 'phylloquinone_100g': 2.27966e-06, 'polyols_100g': 0, 'potassium_100g': 0.190249375, 'selenium_100g': 8.081325e-06, 'starch_100g': 36.781355, 'sucrose_100g': 8.101605, 'vitamin-a_100g': 0.000195793575, 'vitamin-b12_100g': 5.0711e-08, 'vitamin-b1_100g': 0.00021108, 'vitamin-b2_100g': 1.887345, 'vitamin-b6_100g': 7.2867, 'vitamin-b9_100g': 1.969655, 'vitamin-c_100g': 0.0001560375, 'vitamin-d_100g': 4.059395e-07, 'vitamin-e_100g': 0.0011021067, 'vitamin-pp_100g': 0.000128365, 'water_100g': 12.203496, 'zinc_100g': 0.0012388462}",,,
paysan breton,"Produits laitiers,Matières grasses,Produits à tartiner,Frais,Matières grasses à tartiner,Matières grasses animales,Produits laitiers à tartiner,Matière grasse laitière,Beurres,Beurres moulés,Beurres pasteurisés,Beurres de crème douce,Beurres doux","France, Switzerland, en:morocco",744.0,82.0,on,100g,e,beurre doux,0.8,0.0,100g,0.05,60.0,0.6,"{'alcohol_100g': 0, 'beta-carotene_100g': 0.000158, 'calcium_100g': 0.0178, 'cholesterol_100g': 0.218, 'copper_100g': 2.6e-05, 'fructose_100g': 0.05, 'galactose_100g': 0.05, 'glucose_100g': 0.05, 'iodine_100g': 1.5e-06, 'iron_100g': 2.6e-05, 'lactose_100g': 0.83, 'magnesium_100g': 0.00205, 'maltose_100g': 0.05, 'manganese_100g': 1.8e-06, 'pantothenic-acid_100g': 0.00011, 'phosphorus_100g': 0.024, 'phylloquinone_100g': 7e-06, 'polyols_100g': 0, 'potassium_100g': 0.028, 'selenium_100g': 5e-06, 'starch_100g': 0, 'sucrose_100g': 0.05, 'vitamin-a_100g': 0.000675, 'vitamin-b12_100g': 1.7e-07, 'vitamin-b1_100g': 6e-06, 'vitamin-b2_100g': 3.5e-05, 'vitamin-b6_100g': 3.5e-06, 'vitamin-b9_100g': 3e-06, 'vitamin-c_100g': 0, 'vitamin-d_100g': 1.12e-06, 'vitamin-e_100g': 0.00211, 'vitamin-pp_100g': 7.1e-05, 'water_100g': 15.4, 'zinc_100g': 8.3e-05}",,,
"Elle & vire, Savencia","Produits laitiers, Produits fermentés, Produits laitiers fermentés, Crèmes, Crèmes épaisses, Crèmes UHT, Crèmes entières, Crèmes fraîches, en:Refrigerated creams",France,292.0,30.0,on,100g,d,Elle & vire creme fraiche epaisse entiere 30%mg poche 324g,2.3,0.0,100g,0.08,21.0,3.1,,,,
Quézac,"Boissons et préparations de boissons, Boissons, Boissons gazeuses, Eaux, Eaux de sources, Eaux minérales, Boissons sans sucre ajouté, Eaux gazeuses, Eaux minérales gazeuses","Belgique,France,Allemagne",,,on,100g,a,Eau minérale gazeuse,,,100ml,0.0275,,,,,,
"JARDIN BIO ETIC, Jardin bio","Aliments et boissons à base de végétaux,Aliments d'origine végétale,Snacks,Céréales et pommes de terre,Tartines craquantes extrudées,Produits sans gluten",France,378.0,1.6,on,100g,b,Tartines craquantes Multicéréales,9.6,4.7,100g,0.5,0.5,0.6,"{'alcohol_100g': 0, 'beta-carotene_100g': 1.776e-05, 'calcium_100g': 0.014014, 'cholesterol_100g': 0, 'copper_100g': 0.00026025, 'fructose_100g': 0.0776, 'galactose_100g': 0, 'glucose_100g': 0.0606125, 'iodine_100g': 1.122e-05, 'iron_100g': 0.00134775, 'lactose_100g': 0.056, 'magnesium_100g': 0.107385, 'maltose_100g': 0.1379, 'manganese_100g': 0.00162418, 'pantothenic-acid_100g': 0.00089291, 'phosphorus_100g': 0.24487, 'phylloquinone_100g': 2.753e-06, 'polyols_100g': 0, 'potassium_100g': 0.27041, 'selenium_100g': 7.428e-06, 'starch_100g': 67.682, 'sucrose_100g': 0.581265, 'vitamin-a_100g': 0, 'vitamin-b12_100g': 0, 'vitamin-b1_100g': 0.0003135, 'vitamin-b2_100g': 5.617e-05, 'vitamin-b6_100g': 0.0002267, 'vitamin-b9_100g': 3.7246e-05, 'vitamin-c_100g': 0.00020375, 'vitamin-d_100g': 7.28e-08, 'vitamin-e_100g': 0.0005724, 'vitamin-pp_100g': 0.00199165, 'water_100g': 11.43825, 'zinc_100g': 0.00148014}",,,
Éthiquable,"Cacao et dérivés,Chocolats,Chocolats noirs,Chocolat noir en tablette extra dégustation à 70% de cacao minimum",France,626.0,53.0,on,100g,d,Chocolat Côte d'Ivoire grand crû M'Brimbo,11.0,11.0,100g,0.1,32.0,11.0,,,,
Côte d'Or,"Snacks,Sweet snacks,Cocoa and its products,Confectioneries,Chocolates,Dark chocolates","Belgium, China, France, en:morocco",520.0,29.0,on,100g,e,Mignonnette noir de noir,5.5,7.6,,0.01,17.0,52.0,,,,
"Red Bull, حلال","Boissons et préparations de boissons, Boissons, Boissons énergisantes, Boisson énergisante sucrée","Bélgica,Francia,Alemania,España,Suiza",46.0,0.0,on,100g,e,25 cl Red Bull - Energy Drink,0.0,,100ml,0.1,0.0,11.0,,,,
henry's,"Snacks,Snacks sucrés,Biscuits et gâteaux,Gâteaux,Gâteaux au chocolat,Madeleines,Madeleines au chocolat","France,Maroc",426.0,18.8,on,100g,d,Spofy,4.8,1.4,100g,0.0,2.8e-06,32.8,,,,
Ebly,"Aliments et boissons à base de végétaux,Aliments d'origine végétale,Céréales et pommes de terre,Graines,Céréales et dérivés,Céréales en grains,Semoules de céréales,Semoules de blé,Semoules de blé dur,Blés,Blés durs,Blé dur précuit entier,Blé dur précuit non salé en grains entiers",France,348.8,1.28,on,100g,b,L'original,12.16,5.76,,0.016,0.32,1.28,"{'alcohol_100g': 0, 'beta-carotene_100g': 5e-06, 'calcium_100g': 0.027, 'cholesterol_100g': 0, 'copper_100g': 0.00028, 'fructose_100g': 0.1, 'galactose_100g': 0, 'glucose_100g': 0.1, 'iodine_100g': 1e-05, 'iron_100g': 0.0022, 'lactose_100g': 0.1, 'magnesium_100g': 0.073, 'maltose_100g': 1.04, 'manganese_100g': 0.0022, 'pantothenic-acid_100g': 0.00048, 'phosphorus_100g': 0.22, 'phylloquinone_100g': 4e-07, 'polyols_100g': 0, 'potassium_100g': 0.28, 'selenium_100g': 1e-05, 'starch_100g': 59.3, 'sucrose_100g': 0.56, 'vitamin-a_100g': 0, 'vitamin-b12_100g': 0, 'vitamin-b1_100g': 0.00026, 'vitamin-b2_100g': 5e-06, 'vitamin-b6_100g': 0.00011, 'vitamin-b9_100g': 2.57e-05, 'vitamin-c_100g': 0.00025, 'vitamin-d_100g': 1.3e-07, 'vitamin-e_100g': 0.00079, 'vitamin-pp_100g': 5e-05, 'water_100g': 12.4, 'zinc_100g': 0.0019}",,,
Marque repère,"Aliments et boissons à base de végétaux,Aliments d'origine végétale,Petit-déjeuners,Céréales et pommes de terre,Céréales et dérivés,Céréales pour petit-déjeuner,Flocons,Flocons de céréales,Flocons laminés,Flocons d'avoine",France,372.0,7.0,on,100g,a,Flocons d'avoine,14.0,10.0,,0.025,1.3,0.7,"{'alcohol_100g': 0, 'beta-carotene_100g': 0, 'calcium_100g': 0.0843, 'cholesterol_100g': 0, 'copper_100g': 0.0003, 'fructose_100g': 0, 'galactose_100g': 0, 'glucose_100g': 0, 'iodine_100g': 5e-07, 'lactose_100g': 0, 'maltose_100g': 0, 'manganese_100g': 0.00472, 'pantothenic-acid_100g': 0.00131, 'phylloquinone_100g': 2e-06, 'polyols_100g': 0, 'potassium_100g': 0.377, 'selenium_100g': 3.05e-06, 'starch_100g': 56.9, 'sucrose_100g': 0.97, 'vitamin-a_100g': 0, 'vitamin-b12_100g': 0, 'vitamin-b1_100g': 0.00043, 'vitamin-b2_100g': 0.00014, 'vitamin-b6_100g': 0.00012, 'vitamin-b9_100g': 3.96e-05, 'vitamin-c_100g': 0, 'vitamin-d_100g': 0, 'vitamin-e_100g': 0.00059, 'vitamin-pp_100g': 0.00096, 'water_100g': 10.1, 'zinc_100g': 0.00333}",,,
Danone,"Beverages, Dairies, Fermented foods, Fermented milk products, Desserts, Dairy desserts, Dairy drinks, Fermented dairy desserts, Fermented drinks, Yogurts, Fermented milk drinks, Drinkable-yogurts, Milk drinks fermented with L casei, en:yogurt-drinks",Morocco,74.0,1.8,on,100g,d,Actimel,1.9,,100g,0.0,1.2,5.0,,,,
Crownfield,"Aliments et boissons à base de végétaux, Aliments d'origine végétale, Petit-déjeuners, Céréales et pommes de terre, Céréales et dérivés, Céréales pour petit-déjeuner, Céréales au chocolat, Mueslis, Mueslis au chocolat",France,445.0,15.8,on,100g,c,Muesli Crunchy,8.9,9.8,,0.00013,3.0,16.0,"{'alcohol_100g': 0, 'beta-carotene_100g': 4.6715625e-07, 'calcium_100g': 0.03337175, 'cholesterol_100g': 0, 'copper_100g': 0.00012660625, 'fructose_100g': 0.00309375, 'galactose_100g': 0.00034375, 'glucose_100g': 0.00378125, 'iodine_100g': 1.676875e-06, 'iron_100g': 0.0015932375, 'lactose_100g': 0.00309375, 'magnesium_100g': 0.057774, 'maltose_100g': 0.02894375, 'manganese_100g': 0.00182052625, 'pantothenic-acid_100g': 0.0005035375, 'phosphorus_100g': 0.16337525, 'phylloquinone_100g': 7.96375e-07, 'polyols_100g': 0, 'potassium_100g': 0.15387525, 'selenium_100g': 3.912875e-06, 'starch_100g': 22.68436875, 'sucrose_100g': 27.8351125, 'vitamin-a_100g': 0, 'vitamin-b12_100g': 0, 'vitamin-b1_100g': 0.000167453125, 'vitamin-b2_100g': 5.7465e-05, 'vitamin-b6_100g': 4.8146875e-05, 'vitamin-b9_100g': 1.5582875e-05, 'vitamin-c_100g': 7.734375e-06, 'vitamin-d_100g': 1.8321875e-08, 'vitamin-e_100g': 0.00659905625, 'vitamin-pp_100g': 0.000359015625, 'water_100g': 4.15149375, 'zinc_100g': 0.00130050625}",,,
Bonne Maman,"Aliments et boissons à base de végétaux, Aliments d'origine végétale, Aliments à base de fruits et de légumes, Petit-déjeuners, Produits à tartiner, Fruits et produits dérivés, Pâtes à tartiner végétales, Produits à tartiner sucrés, Confitures et marmelades, Confitures, Confitures de fruits rouges, Confitures de framboises","Belgien, Frankreich, Schweiz, Germany",239.0,0.2,on,100g,d,Confiture Framboises,0.7,3.4,100g,0.0,0.0,57.0,"{'alcohol_100g': 0, 'beta-carotene_100g': 5.009375e-05, 'calcium_100g': 0.0100146875, 'cholesterol_100g': 0, 'copper_100g': 2.396875e-05, 'fructose_100g': 1.43984375, 'galactose_100g': 0, 'glucose_100g': 1.08609375, 'iodine_100g': 5.16875e-06, 'iron_100g': 0.000237375, 'lactose_100g': 0.051125, 'magnesium_100g': 0.0110453125, 'maltose_100g': 0.0509375, 'manganese_100g': 0.000223496875, 'pantothenic-acid_100g': 0.000429265625, 'phosphorus_100g': 0.014921875, 'phylloquinone_100g': 2.51e-06, 'polyols_100g': 0.125, 'potassium_100g': 0.095265625, 'selenium_100g': 7.17421875e-06, 'starch_100g': 0.09, 'sucrose_100g': 40.82796875, 'vitamin-a_100g': 0, 'vitamin-b12_100g': 0, 'vitamin-b1_100g': 5.671875e-06, 'vitamin-b2_100g': 1.8140625e-05, 'vitamin-b6_100g': 1.8015625e-05, 'vitamin-b9_100g': 1.951875e-05, 'vitamin-c_100g': 0.0105125, 'vitamin-d_100g': 0, 'vitamin-e_100g': 0.00044703125, 'vitamin-pp_100g': 0.000184375, 'water_100g': 47.805, 'zinc_100g': 0.0001309375}",,,
,en:open-beauty-facts,en:Morocco,,,,,not-applicable,,,,,,,,,,,
RIGONI DI ASIAGO,"Petit-déjeuners,Produits à tartiner,Surgelés,Produits à tartiner sucrés,Pâtes à tartiner,Pâtes à tartiner au chocolat",France,544.0,32.0,on,100g,e,Nocciolata Pâte à tartiner Cacao  et Noisettes,8.1,3.6,100g,0.12,5.7,51.0,"{'alcohol_100g': 0.534625, 'beta-carotene_100g': 3.78525e-06, 'calcium_100g': 0.1913471, 'cholesterol_100g': 0.001625, 'copper_100g': 0.000592109375, 'fructose_100g': 0.02728125, 'galactose_100g': 0.01915625, 'glucose_100g': 0.06493125, 'iodine_100g': 4.8066875e-06, 'iron_100g': 0.00381522375, 'lactose_100g': 6.66290625, 'magnesium_100g': 0.0795135, 'maltose_100g': 0.02679375, 'manganese_100g': 0.0009201295, 'pantothenic-acid_100g': 0.000801025, 'phosphorus_100g': 0.233840625, 'phylloquinone_100g': 3.982875e-07, 'polyols_100g': 0.01625, 'potassium_100g': 0.63533375, 'selenium_100g': 7.509375e-06, 'starch_100g': 0.59465625, 'sucrose_100g': 41.1163, 'vitamin-a_100g': 1.21875e-06, 'vitamin-b12_100g': 5.025e-07, 'vitamin-b1_100g': 0.000125836875, 'vitamin-b2_100g': 0.00022548375, 'vitamin-b6_100g': 9.360875e-05, 'vitamin-b9_100g': 2.4291375e-05, 'vitamin-c_100g': 0.000826015625, 'vitamin-d_100g': 2.20528125e-07, 'vitamin-e_100g': 0.0104794, 'vitamin-pp_100g': 0.00034983125, 'water_100g': 3.1470375, 'zinc_100g': 0.00144546875}",,,
,,en:Morocco,,,,,,,,,,,,,,,,
,,en:Morocco,,,,,,,,,,,,,,,,
Alpro,"Plantaardige levensmiddelen en dranken,Gefermenteerde levensmiddelen,Zuivelvervangers,Desserts,Veganistische producten,Plantaardige desserts,Sojadesserts","België,Finland,Frankrijk,Duitsland,Nederland,Spanje,Verenigd Koninkrijk",69.98,2.1,on,100g,b,Heidelbeere,3.7,1.0,100g,0.15,0.4,7.9,,,,
"San Pellegrino, Nestlé","Boissons,Boissons gazeuses,Eaux,Eaux de sources,Eaux minérales,Eaux gazeuses,Eaux minérales naturelles,Eau minérale naturelle gazéifiée","Belgique,France",0.0,0.0,on,100g,a,San Pellegrino,0.0,0.0,100ml,7.8e-06,0.0,0.0,"{'beta-carotene_100g': 0.0, 'cholesterol_100g': 0.0, 'copper_100g': 1.7e-05, 'fructose_100g': 0.0, 'galactose_100g': 0.0, 'glucose_100g': 0.0, 'iodine_100g': 0.0, 'iron_100g': 3e-05, 'lactose_100g': 0.0, 'maltose_100g': 0.0, 'manganese_100g': 8.2e-07, 'pantothenic-acid_100g': 0.0, 'phosphorus_100g': 0.0, 'phylloquinone_100g': 0.0, 'polyols_100g': 0.0, 'selenium_100g': 5e-07, 'starch_100g': 0.0, 'sucrose_100g': 0.0, 'vitamin-a_100g': 0.0, 'vitamin-b12_100g': 0.0, 'vitamin-b1_100g': 0.0, 'vitamin-b2_100g': 0.0, 'vitamin-b6_100g': 0.0, 'vitamin-b9_100g': 0.0, 'vitamin-c_100g': 0.0, 'vitamin-d_100g': 0.0, 'vitamin-e_100g': 0.0, 'vitamin-pp_100g': 0.0, 'water_100g': 100.0, 'zinc_100g': 1.1e-05}",,,
Maille,"Condiments, Sauces, Vinaigres, Sauces salades, Vinaigrettes, Vinaigrettes allégées en matières grasses, en:Groceries, Vinaigrette Légère","France, Germany",,,on,100g,not-applicable,Maille Vinaigrette Légère Vinaigre de Vin Rouge & Échalotes 36cl,,,100g,,,,"{'alcohol_100g': 0.076, 'beta-carotene_100g': 6.03e-07, 'calcium_100g': 0.005914385, 'carbohydrates_100g': 2.8728, 'cholesterol_100g': 0, 'copper_100g': 1.119995e-05, 'energy-kcal_100g': 334.3976, 'energy-kj_100g': 1378.0315, 'energy_100g': 1378.0315, 'fat_100g': 35.04585, 'fiber_100g': 0.03165, 'fructose_100g': 0.113935, 'galactose_100g': 0, 'glucose_100g': 0.1033, 'iodine_100g': 1.8709325e-05, 'iron_100g': 0.00016325971, 'lactose_100g': 0.02155, 'magnesium_100g': 0.00522045, 'maltose_100g': 0.02305, 'manganese_100g': 6.053835e-05, 'pantothenic-acid_100g': 2.395e-06, 'phosphorus_100g': 0.007957, 'phylloquinone_100g': 2.509805e-05, 'polyols_100g': 0.0049, 'potassium_100g': 0.025788025, 'proteins_100g': 0.03737, 'salt_100g': 0.9443151, 'saturated-fat_100g': 2.543328, 'selenium_100g': 2.0748e-06, 'sodium_100g': 0.37755908, 'starch_100g': 0.00279, 'sucrose_100g': 2.433325, 'sugars_100g': 2.61075, 'vitamin-a_100g': 0, 'vitamin-b12_100g': 0, 'vitamin-b1_100g': 9.885e-07, 'vitamin-b2_100g': 1.361e-06, 'vitamin-b6_100g': 2.397e-06, 'vitamin-b9_100g': 3.16e-07, 'vitamin-c_100g': 0.0002795, 'vitamin-d_100g': 0, 'vitamin-e_100g': 0.00969733, 'vitamin-pp_100g': 2.63e-06, 'water_100g': 57.8743865, 'zinc_100g': 2.17335e-05}",,,
Léa Nature,"Aliments et boissons à base de végétaux,Aliments d'origine végétale,Légumineuses et dérivés,Petit-déjeuners,Produits à tartiner,Fruits à coques et dérivés,Pâtes à tartiner végétales,Produits à tartiner sucrés,Purées d'oléagineux,Beurres de légumineuses,Pâtes à tartiner,Beurres de fruits à coques,Beurres de cacahuètes,Beurres de cacahuetes croustillants",France,625.0,50.0,on,100g,b,Pur beurre de cacahuète crunchy,29.0,5.5,100g,0.0,9.7,5.1,"{'alcohol_100g': 0, 'beta-carotene_100g': 2.5e-06, 'calcium_100g': 0.057, 'cholesterol_100g': 0, 'fructose_100g': 0.1, 'galactose_100g': 0, 'glucose_100g': 0.1, 'iodine_100g': 1e-05, 'lactose_100g': 0.1, 'maltose_100g': 0.1, 'pantothenic-acid_100g': 0.00176, 'phylloquinone_100g': 4e-07, 'polyols_100g': 0, 'potassium_100g': 0.7, 'sucrose_100g': 5.9, 'vitamin-b12_100g': 0, 'vitamin-b1_100g': 0.00043, 'vitamin-b2_100g': 2.4e-05, 'vitamin-b6_100g': 0.0004, 'vitamin-b9_100g': 8.93e-05, 'vitamin-d_100g': 0, 'vitamin-pp_100g': 0.0106, 'water_100g': 2.2}",,,
"Kraft,Heinz","Condimentos,Salsas,Mayonesas","Marruecos,España",372.0,37.0,on,100g,d,Mayonesa sabor tradicional,0.7,,100g,1.8,4.1,3.0,,,,
,Confitures,en:ma,262.0,,on,100g,unknown,La delicieuse,0.4,1.6,100g,0.0375,,64.0,,,,
Pasquier,"Snacks,Snacks sucrés,en:Sweet pastries and pies,Viennoiseries,Brioches,Briochettes",France,359.0,13.0,on,100g,d,Briochettes,7.9,3.8,100g,1.0,3.0,11.0,,,,
Primadonna,"Plant-based foods and beverages, Plant-based foods, Fats, Vegetable fats, Olive tree products, Vegetable oils, Olive oils, Extra-virgin olive oils, Virgin olive oils","France, United States, en:germany",824.0,91.6,on,100g,b,Olivenöl,0.0,0.0,100ml,0.0,14.3,0.0,"{'alcohol_100g': 0.0, 'beta-carotene_100g': 0.00021, 'calcium_100g': 0.0001, 'cholesterol_100g': 0.0, 'copper_100g': 5e-06, 'fructose_100g': 0.0, 'galactose_100g': 0.0, 'glucose_100g': 0.0, 'iodine_100g': 1e-05, 'iron_100g': 2.5e-05, 'lactose_100g': 0.0, 'magnesium_100g': 2.5e-05, 'maltose_100g': 0.0, 'manganese_100g': 5e-06, 'pantothenic-acid_100g': 0.0, 'phosphorus_100g': 0.00015, 'phylloquinone_100g': 5.81e-05, 'polyols_100g': 0.0, 'potassium_100g': 0.00015, 'selenium_100g': 1e-05, 'starch_100g': 0.0, 'sucrose_100g': 0.0, 'vitamin-a_100g': 0.0, 'vitamin-b12_100g': 0.0, 'vitamin-b1_100g': 0.0, 'vitamin-b2_100g': 0.0, 'vitamin-b6_100g': 0.0, 'vitamin-b9_100g': 0.0, 'vitamin-c_100g': 0.0, 'vitamin-d_100g': 1.3e-07, 'vitamin-e_100g': 0.0223, 'vitamin-pp_100g': 0.0, 'water_100g': 0.1, 'zinc_100g': 2.5e-05}",,,
Yoplait,"Produits laitiers,Produits fermentés,Produits laitiers fermentés,Desserts lactés fermentés,Fromages blancs - petit suisses et skyr,Yaourts,Desserts lactés fermentés nature,Skyrs,Skyrs nature",France,57.0,0.5,on,100g,a,Skyr nature (8x Nature),9.5,,100g,0.035,0.1,3.6,"{'alcohol_100g': 0, 'beta-carotene_100g': 6.25e-06, 'calcium_100g': 0.12675, 'cholesterol_100g': 0.010375, 'fiber_100g': 1.125, 'fructose_100g': 0.0375, 'galactose_100g': 0.3525, 'glucose_100g': 0.048, 'iodine_100g': 2.58e-05, 'lactose_100g': 2.815, 'maltose_100g': 0.0375, 'pantothenic-acid_100g': 0.0003225, 'phylloquinone_100g': 1.5e-07, 'polyols_100g': 0, 'potassium_100g': 0.17125, 'sucrose_100g': 0.0375, 'vitamin-b12_100g': 3.7e-07, 'vitamin-b1_100g': 4.075e-05, 'vitamin-b2_100g': 0.00024, 'vitamin-b6_100g': 5.375e-05, 'vitamin-b9_100g': 1.9975e-05, 'vitamin-d_100g': 6.1875e-07, 'vitamin-pp_100g': 0.0001655, 'water_100g': 89.15}",,,
Amora,"Condiments,Fats,Sauces,Mayonnaises,Dijon mayonnaises,Groceries",France,648.0,70.0,on,100g,c,Mayonnaise de Dijon,1.2,0.5,100g,1.8,5.6,1.5,,,,
Marie,"Meals, Fresh foods, Pasta dishes, Fresh meals, Meals with shellfish, Microwave meals, fr:Plats à base de crustacés, en:frozen-ready-made-meals",France,133.0,4.9,on,100g,b,Petites gambas compotée de tomates Tagliatelles au pesto,6.8,1.0,,0.74,0.8,1.9,"{'beta-carotene_100g': 0.0002157485, 'calcium_100g': 0.0444209, 'cholesterol_100g': 0.0354868, 'copper_100g': 0.000278272125, 'fructose_100g': 0.407832, 'galactose_100g': 0.003833, 'glucose_100g': 0.360849, 'iodine_100g': 3.08169e-05, 'iron_100g': 0.001478657895, 'lactose_100g': 0.027776, 'magnesium_100g': 0.03774571, 'maltose_100g': 0.518747, 'manganese_100g': 0.00038404212, 'pantothenic-acid_100g': 0.0001389765, 'phosphorus_100g': 0.12092495, 'phylloquinone_100g': 1.6106405, 'polyols_100g': 0.00726, 'potassium_100g': 0.22290291, 'selenium_100g': 8.898825e-06, 'starch_100g': 23.085585, 'sucrose_100g': 0.204632, 'vitamin-a_100g': 7.0215e-06, 'vitamin-b12_100g': 2.4876e-07, 'vitamin-b1_100g': 1.9694e-05, 'vitamin-b2_100g': 2.4142e-05, 'vitamin-b6_100g': 9.44245e-05, 'vitamin-b9_100g': 1.475015e-05, 'vitamin-c_100g': 0.003421962, 'vitamin-d_100g': 2.864e-08, 'vitamin-e_100g': 0.0013647175, 'vitamin-pp_100g': 0.0009064575, 'water_100g': 57.4224405, 'zinc_100g': 0.001215386}",,,
Vahiné,"Plant-based foods and beverages,Plant-based foods,Snacks,Condiments,Sweet snacks,Confectioneries,Spices,Food additives,Flavors,Vanilla,fr:Arômes pâtisserie,Vanilla extract,fr:Arôme de vanille,Groceries","France, en:belgium",0.0,0.0,on,100g,not-applicable,Arôme vanille,0.0,,100ml,,,,,,,
Giovanni Rana,"Aliments et boissons à base de végétaux,Aliments d'origine végétale,Surgelés,Plats préparés,Plats à base de pâtes,Pâtes alimentaires,Pâtes farcies,Ravioli,Pâtes fraîches farcies au fromage et aux légumes",France,309.0,16.0,on,100g,c,Girasoli Pesto basilic et pignons,8.7,6.9,100g,1.1,5.3,4.6,,,,
Yoplait,"Dairies,Fermented foods,Fermented milk products,Desserts,Dairy desserts,Fermented dairy desserts,Fromages blancs - petit suisses and skyr,Plain fermented dairy desserts,fr:Fromages blancs,Fat free plain fresh cream cheese,fr:Fromages blancs natures","France,Switzerland",61.0,0.1,on,100g,a,Câlin Extra 0%,6.5,0.1,100g,0.13,0.1,7.8,,,,
,"Plant-based foods and beverages,Plant-based foods,Pastas,Noodles,Aliments-d-origine-vegetale,Aliments-et-boissons-a-base-de-vegetaux,Pates-alimentaires,Instant noodles","Morocco,Tunisia,Qatar",452.8,17.14,on,100g,unknown,Indomie instant noodles baladi chicken flavor,11.42,2.86,,4.6,8.57143,2.86,,,,
"Carrefour BIO, Carrefour","Alimentos y bebidas de origen vegetal, Alimentos de origen vegetal, Cereales y patatas, Panes, Biscotes, Pan tostado, Pain, Pain grillé","France,French Guiana,Spain,Guadeloupe",375.0,4.0,on,100g,c,Pan tostado integral,12.0,7.5,100g,1.4,0.5,4.0,,,,
"Orangina, Orangina Schweppes, Schweppes","Pflanzliche Lebensmittel und Getränke, Getränke, Pflanzliche Getränke, Kohlensäurehaltige Getränke, Fruchtgetränke, Erfrischungsgetränke, Fruchtlimonaden, Orangenlimonaden, Gezuckerte Getränke","France, Maroc",42.0,0.0,on,100g,d,Orangina et sa Pulpe !,0.1,,100ml,0.01,0.0,9.8,,,,
Jaouda,"Produits laitiers, Produits fermentés, Desserts, Produits laitiers fermentés, Desserts lactés, Desserts lactés fermentés, Yaourts, Desserts lactés fermentés aromatisés, Yaourts au lait de vache, Yaourts aromatisés","France,Morocco",88.1,1.7,on,100g,c,Yogurt Bnine BANANA,3.9,,100g,0.0,1.2,9.3,,,,
Kellogg's,"Aliments et boissons à base de végétaux,Aliments d'origine végétale,Petit-déjeuners,Céréales et pommes de terre,Céréales et dérivés,Céréales pour petit-déjeuner,Grains soufflées,Céréales au chocolat,Céréales soufflées,Riz soufflé,Riz soufflé chocolaté","France,Pays-Bas",386.0,1.9,on,100g,c,Coco pops,6.3,3.8,100g,0.65,0.9,17.0,,,,
Danone,"Produits laitiers,Produits fermentés,Produits laitiers fermentés,Desserts,Desserts lactés,Desserts lactés fermentés,Yaourts,Compléments alimentaires,Spécialités laitières","Belgium, France, en:luxembourg",53.125,0.1,on,100g,not-applicable,Yaourt protéiné Hipro Vanille 0%mg - 2x160g,9.4,,100g,0.09,0.1,3.1,,,,
"Alesto,LIDL","Aliments et boissons à base de végétaux,Aliments d'origine végétale,Fruits à coques et dérivés,Fruits à coques,Amandes,Fruits à coques décortiqués,Amandes décortiquées,Amandes non-salées","France, Germany, Italy, Netherlands, Portugal, Spain, en:united-kingdom",621.0,53.3,on,100g,a,Amandes Décortiquées,24.5,12.1,100g,0.1,4.3,4.8,"{'alcohol_100g': 0, 'beta-carotene_100g': 4e-06, 'cholesterol_100g': 0, 'fructose_100g': 0, 'galactose_100g': 0, 'glucose_100g': 0.03, 'iodine_100g': 2.5e-06, 'lactose_100g': 0, 'maltose_100g': 0.14, 'pantothenic-acid_100g': 0.00031, 'phosphorus_100g': 0.481, 'phylloquinone_100g': 0, 'polyols_100g': 0, 'starch_100g': 1, 'sucrose_100g': 4.46, 'vitamin-a_100g': 0, 'vitamin-b12_100g': 0, 'vitamin-b1_100g': 0.00019, 'vitamin-b2_100g': 0.00071, 'vitamin-b6_100g': 0.00012, 'vitamin-b9_100g': 4.9e-05, 'vitamin-c_100g': 0, 'vitamin-d_100g': 0, 'vitamin-pp_100g': 0.0035, 'water_100g': 4.51}",,,
Cowbelle,"Imbiss, Süßer Snack, Süßwaren","Austria, France, Germany, Italy, Switzerland, United Kingdom, United States, en:ireland",178.823529411765,27.9,on,100g,d,BIO Basmati Reis Vollkorn,22.6,6.2,,0.02,4.5,25.6,"{'alcohol_100g': 8.59073, 'beta-carotene_100g': 3.54575e-06, 'calcium_100g': 0.020430575, 'cholesterol_100g': 3.5e-08, 'copper_100g': 0.0002032025, 'fructose_100g': 0.08007, 'galactose_100g': 0, 'glucose_100g': 0.08294, 'iodine_100g': 7.233e-06, 'lactose_100g': 0.06972, 'magnesium_100g': 0.05202245, 'maltose_100g': 0.727154, 'manganese_100g': 0.00155002753, 'pantothenic-acid_100g': 0.000352222, 'phosphorus_100g': 0.1564638, 'phylloquinone_100g': 3.4188e-07, 'polyols_100g': 0, 'potassium_100g': 0.209581235, 'selenium_100g': 7.2053e-06, 'sucrose_100g': 0.404636, 'vitamin-a_100g': 1.05e-09, 'vitamin-b12_100g': 3.4e-11, 'vitamin-b1_100g': 0.000184776, 'vitamin-b2_100g': 4.1855e-06, 'vitamin-b6_100g': 9.0419e-05, 'vitamin-b9_100g': 1.891817e-05, 'vitamin-c_100g': 0.0002619, 'vitamin-d_100g': 9.0636e-08, 'vitamin-e_100g': 0.0005594188, 'vitamin-pp_100g': 8.8605e-05, 'water_100g': 27.8235427, 'zinc_100g': 0.0013483203}",,,
Nestlé,"Kakao und Kakaoprodukte, Kakao- und Schokoladenpulver, Kakaopulver, en:Cocoa powder for beverages with sugar, Beverages","Frankreich, Marokko, Portugal, Spanien, Germany",386.0,3.6,on,100g,unknown,Nesquik,5.1,7.7,,0.41,1.6,75.1,,,,
Chergui,"Produits laitiers,Produits fermentés,Produits laitiers fermentés,Desserts,Desserts lactés,Laits (fluide et poudre),Desserts lactés fermentés,Laits,Yaourts,Compléments alimentaires,Compléments pour le Bodybuilding,Desserts lactés fermentés aromatisés,Yaourts aromatisés,Boisson protéinée",Maroc,60.0,0.7,on,100g,not-applicable,Sport,8.0,,100g,0.11,0.4,4.4,,,,
"Oreo, Mondelez","Snacks, Sweet snacks, Biscuits and cakes, Biscuits and crackers, Biscuits, Filled biscuits, en:chocolate-sandwich-cookies",en:morocco,481.0,20.0,on,100g,e,original  oreo,4.8,1.5,100g,0.74,9.0,36.0,,,,
La Fournée dorée,"Snacks, Snacks sucrés, Viennoiseries, Brioches, Gâches, Brioches au chocolat",France,348.0,12.0,on,100g,d,La Gâche Tranchée aux pépites de chocolat,8.5,,100g,1.12,5.1,16.0,"{'alcohol_100g': 0, 'beta-carotene_100g': 2.4449421875e-05, 'calcium_100g': 0.139951509375, 'cholesterol_100g': 0.0139091484375, 'fiber_100g': 3.458125, 'fructose_100g': 0.050734375, 'galactose_100g': 0.003, 'glucose_100g': 0.050734375, 'iodine_100g': 7.6884375e-06, 'lactose_100g': 5.1035265625, 'maltose_100g': 0.492534375, 'pantothenic-acid_100g': 0.000569540625, 'phylloquinone_100g': 5.431375e-07, 'polyols_100g': 0, 'potassium_100g': 0.3087959375, 'sucrose_100g': 26.5332625, 'vitamin-b12_100g': 4.14275e-07, 'vitamin-b1_100g': 0.0001663365625, 'vitamin-b2_100g': 0.00018974234375, 'vitamin-b6_100g': 9.1938125e-05, 'vitamin-b9_100g': 1.7712265625e-05, 'vitamin-d_100g': 2.930546875e-07, 'vitamin-pp_100g': 0.000114346875, 'water_100g': 6.197090625}",,,
Eau Minérale,"Boissons et préparations de boissons,Boissons,Eaux,Eaux aromatisées",Maroc,20.0,0.0,on,100g,c,Ain Saiss,0.0,,100ml,0.0,0.0,4.9,,,,
"Bio Village,Marque Repère","Snacks,Snacks sucrés,Cacao et dérivés,Chocolats,Chocolats noirs,Chocolats noirs en tablette,Chocolat-noir-bio",France,635.0,55.0,on,100g,d,Chocolat noir dégustation 85% cacao bio,9.1,12.0,100g,0.01,34.0,15.0,"{'beta-carotene_100g': 1.5625e-07, 'calcium_100g': 0.00921125, 'cholesterol_100g': 0, 'copper_100g': 0.000245875, 'fructose_100g': 0.00625, 'galactose_100g': 0, 'glucose_100g': 0.00625, 'iodine_100g': 6.625e-07, 'iron_100g': 0.003049, 'lactose_100g': 0.00625, 'magnesium_100g': 0.03176875, 'maltose_100g': 0.00625, 'manganese_100g': 0.0002870375, 'pantothenic-acid_100g': 5.125e-05, 'phosphorus_100g': 0.0445, 'phylloquinone_100g': 2.4375e-07, 'polyols_100g': 0.015625, 'potassium_100g': 0.2515625, 'selenium_100g': 1.25e-06, 'starch_100g': 0.53125, 'sucrose_100g': 12.53125, 'vitamin-a_100g': 0, 'vitamin-b12_100g': 0, 'vitamin-b1_100g': 4.75e-06, 'vitamin-b2_100g': 9.875e-06, 'vitamin-b6_100g': 1.5e-06, 'vitamin-b9_100g': 6.6875e-06, 'vitamin-c_100g': 1.5625e-05, 'vitamin-d_100g': 1.70625e-07, 'vitamin-e_100g': 0.001388125, 'vitamin-pp_100g': 7.1875e-05, 'water_100g': 4.27125, 'zinc_100g': 0.00040625}",,,
"Brioche Pasquier,Pasquier","Plant-based foods and beverages,Plant-based foods,Cereals and potatoes,Breads,Toasts,Crispbreads,Toasted bread rolls",France,427.0,9.6,on,100g,c,Grilletine froment,12.0,6.3,100g,0.88,2.0,9.0,"{'alcohol_100g': 0, 'beta-carotene_100g': 4.2753390625e-06, 'calcium_100g': 0.0273044709375, 'cholesterol_100g': 3.6903125e-05, 'copper_100g': 0.00023785625, 'fructose_100g': 0.08402594375, 'galactose_100g': 5.1625, 'glucose_100g': 0.08593844375, 'iodine_100g': 1.7014696875e-05, 'iron_100g': 0.001876857875, 'lactose_100g': 0.22108515625, 'magnesium_100g': 0.0625296740625, 'maltose_100g': 0.8849137875, 'manganese_100g': 0.001837367675, 'pantothenic-acid_100g': 0.000456895375, 'phosphorus_100g': 0.19579514375, 'phylloquinone_100g': 3.5164125e-07, 'polyols_100g': 0, 'potassium_100g': 0.2544899725, 'selenium_100g': 9.287834375e-06, 'starch_100g': 49.29264828125, 'sucrose_100g': 9.7974227875, 'vitamin-a_100g': 1.255734375e-07, 'vitamin-b12_100g': 1.3627875e-08, 'vitamin-b1_100g': 0.00032800271875, 'vitamin-b2_100g': 1.93641015625e-05, 'vitamin-b6_100g': 0.000100870109375, 'vitamin-b9_100g': 2.810428140625e-05, 'vitamin-c_100g': 0.000225797578125, 'vitamin-d_100g': 1.14245978125e-07, 'vitamin-e_100g': 0.002848941615625, 'vitamin-pp_100g': 0.000220787453124999, 'water_100g': 10.3694353625, 'zinc_100g': 0.00167330273125}",,,
Pierre Martinet,"Aliments et boissons à base de végétaux, Aliments d'origine végétale, Aliments à base de fruits et de légumes, Légumes et dérivés, Surgelés, Plats préparés, Légumes, Légumes préparés, Carottes, en:Carrot salads, Carottes râpées, Carottes râpées assaisonnées",France,79.0,5.2,on,100g,a,Mes Carottes râpées à la ciboulette,1.1,2.8,100g,0.88,0.4,5.0,"{'alcohol_100g': 0.000288461538461547, 'beta-carotene_100g': 0.00666933139423077, 'calcium_100g': 0.0232975420673077, 'cholesterol_100g': 0, 'copper_100g': 4.48866947115385e-05, 'fructose_100g': 0.734379807692308, 'galactose_100g': 0.00438461538461538, 'glucose_100g': 0.892237980769231, 'iodine_100g': 8.40469350961539e-06, 'iron_100g': 0.000233221153846154, 'lactose_100g': 0.0826625, 'magnesium_100g': 0.008880546875, 'maltose_100g': 0.0826747596153846, 'manganese_100g': 0.00010127959375, 'pantothenic-acid_100g': 0.000165630769230769, 'phosphorus_100g': 0.0191411778846154, 'phylloquinone_100g': 1.16628798076923e-05, 'polyols_100g': 0.2, 'potassium_100g': 0.191666282451923, 'selenium_100g': 8.33028245192308e-06, 'starch_100g': 0.33534254807692, 'sucrose_100g': 3.21523076923077, 'vitamin-a_100g': 0, 'vitamin-b12_100g': 0, 'vitamin-b1_100g': 2.45115384615385e-05, 'vitamin-b2_100g': 6.97548076923077e-06, 'vitamin-b6_100g': 7.76961237980769e-05, 'vitamin-b9_100g': 4.94279747596154e-05, 'vitamin-c_100g': 0.0027275, 'vitamin-d_100g': 0, 'vitamin-e_100g': 0.00151935576923077, 'vitamin-pp_100g': 5.61709735576923e-05, 'water_100g': 84.2679549879808, 'zinc_100g': 0.000159143269230769}",,,
Herta,"Viandes et dérivés, Charcuteries, Charcuteries cuites, Blancs de volaille en tranches, Blancs de poulet en tranches, Préparations de viande, Poulet et dérivés, Préparations au poulet",France,105.6,2.0,on,100g,a,HERTA Blanc Poulet sel réduit sans nitrite x4 140g,21.0,0.0,100g,1.2,0.7,0.0,"{'alcohol_100g': 0.00337777777777779, 'beta-carotene_100g': 0, 'calcium_100g': 0.00505635555555556, 'cholesterol_100g': 0.0793716, 'copper_100g': 3.418e-05, 'fructose_100g': 0.0932444444444444, 'galactose_100g': 0, 'glucose_100g': 0.0932444444444444, 'iodine_100g': 8.78155555555555e-05, 'iron_100g': 0.000378853333333333, 'lactose_100g': 0.0932444444444444, 'magnesium_100g': 0.0345287333333333, 'maltose_100g': 0.0932444444444444, 'manganese_100g': 1.222e-05, 'pantothenic-acid_100g': 0.00160776, 'phosphorus_100g': 0.250138666666667, 'phylloquinone_100g': 3.696e-07, 'polyols_100g': 0, 'potassium_100g': 0.408199066666667, 'selenium_100g': 9.2628e-06, 'starch_100g': 0, 'sucrose_100g': 0.0932444444444444, 'vitamin-a_100g': 9.702e-06, 'vitamin-b12_100g': 1.6632e-07, 'vitamin-b1_100g': 8.0388e-05, 'vitamin-b2_100g': 4.5276e-05, 'vitamin-b6_100g': 0.000175576888888889, 'vitamin-b9_100g': 8.8242e-06, 'vitamin-c_100g': 0.00132976444444444, 'vitamin-d_100g': 1.2012e-07, 'vitamin-e_100g': 0.00010164, 'vitamin-pp_100g': 0.0109032, 'water_100g': 63.9401177777778, 'zinc_100g': 0.000669248888888889}",,,
Lipton,"Beverages and beverages preparations, Beverages, Frozen foods, Artificially sweetened beverages, Tea-based beverages, Iced teas, Still soft drink with tea extract, Sweetened beverages, en:peach-flavored-iced-teas",en:fr,13.0,0.0,on,100g,d,Pêche Ice Tea,0.0,,100g,0.03,0.0,3.0,"{'alcohol_100g': 0, 'beta-carotene_100g': 0, 'calcium_100g': 0.006821929, 'cholesterol_100g': 0, 'copper_100g': 1.63783e-05, 'fiber_100g': 0, 'fructose_100g': 1.482, 'galactose_100g': 0, 'glucose_100g': 0, 'iodine_100g': 9.204e-08, 'iron_100g': 3.07722e-05, 'lactose_100g': 0, 'magnesium_100g': 0.000968355, 'maltose_100g': 0, 'manganese_100g': 1.29605e-06, 'pantothenic-acid_100g': 1.32e-08, 'phosphorus_100g': 2.76e-06, 'phylloquinone_100g': 0, 'polyols_100g': 0.8034, 'potassium_100g': 0.000952085, 'selenium_100g': 5.6605e-07, 'starch_100g': 0, 'sucrose_100g': 1.55688, 'vitamin-a_100g': 0, 'vitamin-b12_100g': 0, 'vitamin-b1_100g': 0, 'vitamin-b2_100g': 3.132e-07, 'vitamin-b6_100g': 0, 'vitamin-b9_100g': 6e-09, 'vitamin-c_100g': 0, 'vitamin-d_100g': 0, 'vitamin-e_100g': 0, 'vitamin-pp_100g': 0, 'water_100g': 94.975412, 'zinc_100g': 1.09255e-05}",,,
Saladinettes,"Aliments et boissons à base de végétaux,Aliments d'origine végétale,Aliments à base de fruits et de légumes,Légumes et dérivés,Légumes,Carottes,Carottes râpées,Carottes râpées assaisonnées",France,79.0,5.2,on,100g,a,Carottes râpées à la ciboulette,1.1,28.0,100g,0.865,0.4,5.0,"{'alcohol_100g': 0.000572916666666671, 'beta-carotene_100g': 0.00666898033854167, 'calcium_100g': 0.0231764537760417, 'cholesterol_100g': 0, 'copper_100g': 4.47852408854167e-05, 'fructose_100g': 0.731630208333333, 'galactose_100g': 0.00435416666666668, 'glucose_100g': 0.889223958333333, 'iodine_100g': 8.73372721354175e-06, 'iron_100g': 0.00023092265625, 'lactose_100g': 0.0826440104166667, 'magnesium_100g': 0.00881796028645834, 'maltose_100g': 0.08262109375, 'manganese_100g': 0.00010084309765625, 'pantothenic-acid_100g': 0.00016514765625, 'phosphorus_100g': 0.0189661197916667, 'phylloquinone_100g': 1.15962552083333e-05, 'polyols_100g': 0.2, 'potassium_100g': 0.191362923828125, 'selenium_100g': 8.318388671875e-06, 'sucrose_100g': 3.21253255208333, 'vitamin-a_100g': 0, 'vitamin-b12_100g': 0, 'vitamin-b1_100g': 2.428203125e-05, 'vitamin-b2_100g': 6.87174479166667e-06, 'vitamin-b6_100g': 7.7501806640625e-05, 'vitamin-b9_100g': 4.9382587890625e-05, 'vitamin-c_100g': 0.00269373697916667, 'vitamin-d_100g': 0, 'vitamin-e_100g': 0.00150964583333333, 'vitamin-pp_100g': 5.50301106770834e-05, 'water_100g': 84.2845711914063, 'zinc_100g': 0.000158123828125}",,,
Teisseire,"Boissons et préparations de boissons,Boissons,Préparations pour boissons,Sirops,Boissons édulcorées,Sirops aromatisés,Sirops de grenadine,Sirops aromatisés sans sucre","Belgique,France,Royaume-Uni",11.0,0.0,on,100g,unknown,Sirop Grenadine Zéro,0.0,0.0,100ml,0.03,0.0,0.7,,,,
Cassegrain,"Aliments et boissons à base de végétaux,Aliments d'origine végétale,Aliments à base de fruits et de légumes,Légumineuses et dérivés,Aliments et boissons à base de légumes,Conserves,Légumineuses,Plats préparés,Graines,Légumes et dérivés,Aliments à base de plantes en conserve,Graines de légumineuses,Légumes en conserve,Légumineuses sèches,Lentilles,Légumineuses en conserve,Plats préparés en conserve,Lentilles cuisinées en conserve,Lentilles préparées, en:Vegetables - Prepared/Processed (Shelf Stable)","France,Allemagne",93.0,0.5,on,100g,b,Lentilles préparées,6.6,3.1,100g,0.76,0.1,0.5,"{'alcohol_100g': 0, 'beta-carotene_100g': 0.000263362, 'calcium_100g': 0.018251415, 'cholesterol_100g': 0, 'copper_100g': 9.36135e-05, 'fructose_100g': 0.074855, 'galactose_100g': 0.000525, 'glucose_100g': 0.07928, 'iodine_100g': 7.805e-06, 'iron_100g': 0.00064868, 'lactose_100g': 0.035, 'magnesium_100g': 0.01337142, 'maltose_100g': 0.03605, 'manganese_100g': 0.00017984561, 'pantothenic-acid_100g': 0.000222245, 'phosphorus_100g': 0.0608045, 'phylloquinone_100g': 6.923e-07, 'polyols_100g': 0.12158, 'potassium_100g': 0.091636315, 'selenium_100g': 2.25635e-06, 'starch_100g': 3.276, 'sucrose_100g': 0.24655, 'vitamin-a_100g': 0, 'vitamin-b12_100g': 0, 'vitamin-b1_100g': 5.87715e-05, 'vitamin-b2_100g': 2.568e-05, 'vitamin-b6_100g': 7.768e-05, 'vitamin-b9_100g': 6.1494e-05, 'vitamin-c_100g': 0.00122925, 'vitamin-d_100g': 0, 'vitamin-e_100g': 5.0825e-05, 'vitamin-pp_100g': 0.000354665, 'water_100g': 86.0116445, 'zinc_100g': 0.0003522035}",,,
Hacendado,"Alimentos y bebidas de origen vegetal,Alimentos de origen vegetal,Cereales y patatas,Cereales y derivados,Tortitas de cereales,Tortitas de arroz","Spain, en:portugal",366.0,3.2967032967033,on,100g,c,Tortitas de arroz y legumbres,24.9084249084249,8.05860805860806,,1.65750915750916,0.732600732600733,1.83150183150183,,,,
Fleury Michon,"Produits de la mer,Poissons et dérivés,Préparations de poisson,Surimi,Bâtonnets de surimi",France,110.0,4.0,on,100g,c,Surimi Le Moelleux,7.5,,100g,1.6,0.4,2.5,"{'alcohol_100g': 0, 'beta-carotene_100g': 3.991e-07, 'calcium_100g': 0.0224418486111111, 'cholesterol_100g': 0.02188125, 'copper_100g': 5.25795833333333e-05, 'fiber_100g': 0.145333333333333, 'fructose_100g': 0, 'galactose_100g': 0, 'glucose_100g': 0.00057, 'iodine_100g': 3.87425e-05, 'iron_100g': 0.000358895694444444, 'lactose_100g': 0.062195, 'magnesium_100g': 0.0218754763888889, 'maltose_100g': 0.00057, 'manganese_100g': 0.000112423593055556, 'pantothenic-acid_100g': 0.0002287, 'phosphorus_100g': 0.109985666666667, 'phylloquinone_100g': 3.83080944444444e-06, 'polyols_100g': 0, 'potassium_100g': 0.255886106944444, 'selenium_100g': 1.47315e-05, 'starch_100g': 15.81298, 'sucrose_100g': 1.24807, 'vitamin-a_100g': 4.01225e-06, 'vitamin-b12_100g': 1.476725e-06, 'vitamin-b1_100g': 4.23375e-05, 'vitamin-b2_100g': 4.95408333333333e-05, 'vitamin-b6_100g': 0.000130708333333333, 'vitamin-b9_100g': 6.96891666666667e-06, 'vitamin-c_100g': 0.00038105, 'vitamin-d_100g': 1.4031375e-06, 'vitamin-e_100g': 0.00182709305555556, 'vitamin-pp_100g': 0.0020092, 'water_100g': 52.2182965555556, 'zinc_100g': 0.000303424277777778}",,,
Gervita,"Produits laitiers, Produits fermentés, Desserts, Produits laitiers fermentés, Fromages, Desserts lactés, Desserts lactés fermentés, Desserts lactés fermentés nature, Fromages blancs, Fromages blancs natures","Belgique,France",134.0,10.2,on,100g,c,Gervita nature,6.9,,100g,0.09,7.1,3.7,,,,
pressade,"Aliments et boissons à base de végétaux, Boissons, Boissons à base de végétaux, Boissons aux fruits, Jus et nectars, Nectars de fruits, Nectars multifruits","France,La Réunion",38.0,0.0,on,100g,e,le bio pour toute la famille multifruit,0.0,0.0,100ml,0.0,0.0,8.2,,,,
Pasquier,"Snacks,Snacks sucrés,en:Sweet pastries and pies,Viennoiseries,Brioches,Brioches tressées,Brioches au chocolat",France,373.0,16.0,on,100g,e,Brioche tressée pépites de chocolat,8.3,,100g,1.0,7.8,16.0,,,,
حلال,"Snacks,Petit-déjeuners,Produits à tartiner,Snacks sucrés,Cacao et dérivés,Produits à tartiner sucrés,Chocolats,Pâtes à tartiner",Maroc,519.8,35.0,on,100g,e,,4.5,31.0,100g,0.5,13.58,51.0,,,,
Kinder,"Snack,Snack dolci,Biscotti e torte,Tortini di cioccolato","France,Germany,Italy,Morocco",455.0,22.6,on,100g,e,Kinder délice 10x,5.5,,100g,0.262,13.1,41.0,,,,
Landor,"Produits laitiers, Produits fermentés, Produits laitiers fermentés, Fromages","France,Morocco",277.0,19.0,on,100g,d,campo verde,5.0,,100g,0.85,9.0,7.0,,,,
Lipton,"Boissons et préparations de boissons,Boissons,Boissons au thé,Thés","Morocco, en:algeria",,,,,unknown,lipton yellow label tea x25,,,,,,,,,,
"Nestlé, Ricore","Beverages and beverages preparations, Plant-based foods and beverages, Beverages, Plant-based beverages, Beverage preparations, Instant beverages, Instant coffee substitutes, Instant mix of chicory and coffee powder, en:instant-chicory, Aliments d'origine végétale, Cafés, Cafés solubles","France, Réunion, Switzerland, en:morocco",,,,100ml,b,"Chicorée & Café, RICORÉ® Au Lait, Boîte de 400g",,,100g,,,,,,on,
Volvic,"Aliments et boissons à base de végétaux,Boissons,Boissons chaudes,Boissons à base de végétaux,Eaux,Infusions,Eaux aromatisées,Boissons au thé,Boissons avec sucre ajouté,Boisson à l'eau minérale aromatisée sucrée","Belgique,France,Luxembourg",13.0,0.5,on,100g,unknown,Infusion touche d'Hibiscus,0.5,0.0,100ml,0.01,0.0,3.1,"{'alcohol_100g': 0.0, 'beta-carotene_100g': 9.98, 'calcium_100g': 0.00709733, 'cholesterol_100g': 0.0, 'copper_100g': 1.6984e-05, 'fructose_100g': 0.01468, 'galactose_100g': 0.0, 'glucose_100g': 0.01364, 'iodine_100g': 3.7, 'iron_100g': 3.3208e-05, 'lactose_100g': 0.000504, 'magnesium_100g': 0.00113099, 'maltose_100g': 0.00044, 'manganese_100g': 1.40882e-06, 'pantothenic-acid_100g': 1.696, 'phosphorus_100g': 0.0001704, 'phylloquinone_100g': 3.552, 'polyols_100g': 0.0003, 'potassium_100g': 0.00300723, 'selenium_100g': 6.863e-07, 'starch_100g': 0.00048, 'sucrose_100g': 3.01048, 'vitamin-a_100g': 0.0, 'vitamin-b12_100g': 0.0, 'vitamin-b1_100g': 6.896, 'vitamin-b2_100g': 7.2e-07, 'vitamin-b6_100g': 7.996, 'vitamin-b9_100g': 2.3128, 'vitamin-c_100g': 0.00039926, 'vitamin-d_100g': 0.0, 'vitamin-e_100g': 2.724, 'vitamin-pp_100g': 3.26e-06, 'water_100g': 96.69082, 'zinc_100g': 1.2237e-05}",,,
Pavesi,"Snacks,Sweet snacks,Biscuits,Chocolate biscuits, en:Biscuits/Cookies (Shelf Stable)","Belgium,France,Germany,Italy,Switzerland",488.0,22.0,on,100g,e,Gocciole classiche pav 500 gr,6.5,4.1,100g,0.53,6.2,22.0,,,,
Rigoni di Asiago,"Petit-déjeuners, Produits à tartiner, Produits à tartiner sucrés, Pâtes à tartiner, Pâtes à tartiner aux noisettes, Pâtes à tartiner au chocolat, Pâtes à tartiner aux noisettes et au cacao",en:fr,543.0,33.0,on,100g,e,Nocciolata crunchy,8.7,4.2,100g,0.12,5.8,48.0,"{'alcohol_100g': 0.658, 'beta-carotene_100g': 4.08075e-06, 'calcium_100g': 0.18863481, 'cholesterol_100g': 0.0015795, 'copper_100g': 0.0006315495, 'fructose_100g': 0.028543, 'galactose_100g': 0.022243, 'glucose_100g': 0.072543, 'iodine_100g': 5.0197e-06, 'iron_100g': 0.0037906805, 'lactose_100g': 6.47995, 'magnesium_100g': 0.0810941375, 'maltose_100g': 0.028543, 'manganese_100g': 0.0010031907, 'pantothenic-acid_100g': 0.00083771, 'phosphorus_100g': 0.236097225, 'phylloquinone_100g': 3.9445e-07, 'polyols_100g': 0.01575, 'potassium_100g': 0.645372225, 'selenium_100g': 7.6945e-06, 'starch_100g': 0.5751, 'sucrose_100g': 42.386143, 'vitamin-a_100g': 1.184625e-06, 'vitamin-b12_100g': 4.8843e-07, 'vitamin-b1_100g': 0.000134033, 'vitamin-b2_100g': 0.000217036, 'vitamin-b6_100g': 9.7925e-05, 'vitamin-b9_100g': 2.539825e-05, 'vitamin-c_100g': 0.0008119, 'vitamin-d_100g': 2.18572e-07, 'vitamin-e_100g': 0.0106256605, 'vitamin-pp_100g': 0.000339215, 'water_100g': 3.4256275, 'zinc_100g': 0.0014648225}",,,
Tastino,"Biljne hrane i pića,Hranu biljnog podrijetla,Žitarice i krumpir,Kruhovi,Narezani kruhovi,Integralni kruhovi,Integralni rezani kruhovi","Hrvatska,Češka,Francuska,Njemačka,Mađarska,Srbija,Slovačka,Slovenija",268.0,5.6,on,100g,b,,8.8,6.4,,1.0,0.4,3.6,"{'alcohol_100g': 0, 'beta-carotene_100g': 3.21125e-06, 'calcium_100g': 0.02018779625, 'cholesterol_100g': 1.575e-06, 'copper_100g': 0.00018667165, 'fructose_100g': 0.06445, 'galactose_100g': 0, 'glucose_100g': 0.06535, 'iodine_100g': 8.77135e-06, 'iron_100g': 0.001437168125, 'lactose_100g': 0.06445, 'magnesium_100g': 0.04772663875, 'maltose_100g': 0.6755, 'manganese_100g': 0.00141245952625, 'pantothenic-acid_100g': 0.00033033, 'phosphorus_100g': 0.14576, 'phylloquinone_100g': 1.7818375e-06, 'polyols_100g': 0, 'potassium_100g': 0.18717223125, 'selenium_100g': 6.733625e-06, 'starch_100g': 37.96865, 'sucrose_100g': 0.80795, 'vitamin-a_100g': 4.725e-08, 'vitamin-b12_100g': 1.53e-09, 'vitamin-b1_100g': 0.0002186, 'vitamin-b2_100g': 7.7855e-06, 'vitamin-b6_100g': 7.436e-05, 'vitamin-b9_100g': 1.95845e-05, 'vitamin-c_100g': 0.000161125, 'vitamin-d_100g': 8.3785e-08, 'vitamin-e_100g': 0.0010981285, 'vitamin-pp_100g': 0.00011525, 'water_100g': 39.68429875, 'zinc_100g': 0.0012580455}",,,
"Alesto, Lidl, Lidl Alesto","Plant-based foods and beverages, Plant-based foods, Nuts and their products, Nuts, Shelled nuts, Brazil nuts, Brazil nuts(unsalted), Shelled Brazil nuts","Austria,France,Germany,Ireland,Spain,United Kingdom",697.0,66.5,on,100g,c,Brazil Nuts,16.9,9.9,100g,0.01,16.3,2.5,"{'alcohol_100g': 0, 'beta-carotene_100g': 0, 'cholesterol_100g': 0, 'fructose_100g': 0, 'galactose_100g': 0, 'glucose_100g': 0, 'iodine_100g': 5e-08, 'lactose_100g': 0, 'maltose_100g': 0, 'pantothenic-acid_100g': 0.00021, 'phylloquinone_100g': 0, 'polyols_100g': 0, 'starch_100g': 0.25, 'sucrose_100g': 2.33, 'vitamin-a_100g': 0, 'vitamin-b12_100g': 0, 'vitamin-b1_100g': 0.00087, 'vitamin-b2_100g': 3.5e-05, 'vitamin-b6_100g': 0.0001, 'vitamin-b9_100g': 1.3e-05, 'vitamin-d_100g': 0, 'vitamin-pp_100g': 0.00025, 'water_100g': 3.01}",,,
Lindt,"Snacks,Snacks sucrés,Cacao et dérivés,Chocolats,Chocolats noirs,Chocolats fourrés,Chocolats fourrés au praliné,Chocolat noir en tablette fourré au praliné,Chocolats noirs fourrés","France,Allemagne,Maroc",564.0,37.0,on,100g,e,Création Rocher Noir,6.6,,100g,0.08,18.0,44.0,,,,
Le Pain des fleurs,"Plant-based foods and beverages,Plant-based foods,Snacks,Cereals and potatoes,Extruded crispbreads","Belgium,France,Switzerland",381.0,1.8,on,100g,b,Tartines craquantes bio à la châtaigne sans gluten,6.7,4.3,,0.39,0.5,6.5,"{'alcohol_100g': 0, 'beta-carotene_100g': 2.538e-06, 'calcium_100g': 0.025444925, 'cholesterol_100g': 0, 'copper_100g': 0.0002759415, 'fructose_100g': 0.090805, 'galactose_100g': 0, 'glucose_100g': 0.099505, 'iodine_100g': 9.6415, 'iron_100g': 0.000567025, 'lactose_100g': 0.069805, 'magnesium_100g': 0.0979823, 'maltose_100g': 0.090805, 'manganese_100g': 0.002565749, 'pantothenic-acid_100g': 0.0011361085, 'phosphorus_100g': 0.3405306, 'phylloquinone_100g': 1.608529e-06, 'polyols_100g': 0, 'potassium_100g': 0.37917435, 'selenium_100g': 9.981475e-06, 'starch_100g': 62.9335, 'sucrose_100g': 1.831245, 'vitamin-a_100g': 0, 'vitamin-b12_100g': 0, 'vitamin-b1_100g': 0.0003323565, 'vitamin-b2_100g': 4.849025e-05, 'vitamin-b6_100g': 0.0002647465, 'vitamin-b9_100g': 8.2021055e-05, 'vitamin-c_100g': 0.0049745125, 'vitamin-d_100g': 9.07465e-08, 'vitamin-e_100g': 0.000964713, 'vitamin-pp_100g': 0.0006649025, 'water_100g': 9.6210825, 'zinc_100g': 0.0013074416}",,,
Tipiak,"Plant-based foods and beverages, Plant-based foods, Fruits and vegetables based foods, Legumes and their products, Cereals and potatoes, Legumes, Seeds, Vegetables based foods, Cereals and their products, Legume seeds, Meals, Pulses","France, Suisse, Germany",126.0,1.2,on,100g,c,Meli mélo gourmand,5.1,2.7,100g,0.64,0.2,1.7,,,,
Maille,"Aliments et boissons à base de végétaux, Aliments d'origine végétale, Aliments à base de fruits et de légumes, Conserves, Condiments, Légumes et dérivés, Aliments à base de plantes en conserve, Pickles, Légumes en conserve, Pickles d'origine végétale, Pickles de légumes, Pickles de concombres, Cornichons, Cornichons extra-fins, Cornichons au vinaigre, en:groceries","Belgium, France, Germany, Japan, Switzerland, en:morocco",13.0,0.5,on,100g,c,L’original,0.6,0.5,100g,2.3,0.1,0.7,"{'alcohol_100g': 0.084, 'beta-carotene_100g': 2.38315e-05, 'calcium_100g': 0.01723235, 'cholesterol_100g': 0, 'copper_100g': 2.1525375e-05, 'fructose_100g': 0.49561, 'galactose_100g': 0.00045, 'glucose_100g': 0.37042, 'iodine_100g': 2.84528e-05, 'iron_100g': 0.000283324025, 'lactose_100g': 0.033175, 'magnesium_100g': 0.013596575, 'maltose_100g': 0.038085, 'manganese_100g': 0.000119265, 'pantothenic-acid_100g': 0.000147275, 'phosphorus_100g': 0.0239882, 'phylloquinone_100g': 8.105625e-06, 'polyols_100g': 0.031024, 'potassium_100g': 0.11408305, 'selenium_100g': 2.6588e-06, 'starch_100g': 0.465005, 'sucrose_100g': 0.10836, 'vitamin-a_100g': 0, 'vitamin-b12_100g': 0, 'vitamin-b1_100g': 1.33695e-05, 'vitamin-b2_100g': 1.46205e-05, 'vitamin-b6_100g': 2.4933e-05, 'vitamin-b9_100g': 7.4903e-06, 'vitamin-c_100g': 0.0045108, 'vitamin-d_100g': 0, 'vitamin-e_100g': 5.54475e-05, 'vitamin-pp_100g': 8.46475e-05, 'water_100g': 90.8444315, 'zinc_100g': 8.3266e-05}",,,
Milbona,"Dairies,Desserts,Dairy desserts,Entremets - mousses and creamy puddings,Chocolate desserts,Creamy puddings,Chocolate creamy puddings,Refrigerated chocolate creamy puddings","Austria,Belgium,Bulgaria,Croatia,France,Germany,Greece,Italy,Lithuania,Netherlands,Portugal,Romania,Slovenia,Spain,Switzerland",76.0,1.5,on,100g,a,High Protein Chocolate Flavour Pudding,10.0,,,0.12,1.0,4.0,,,,
Hacendado,"Condimentos,Salsas,Salsas de tomate,Kétchups,Molhos,Molhos-de-tomate","Morocco, Spain, en:portugal",115.0,0.0,on,100g,d,Ketchup,1.3,,,1.8,0.0,20.5,,,,
Schweppes,"Beverages and beverages preparations, Beverages, Carbonated drinks, en:sodas","France, en:morocco",19.2,0.0,on,100g,e,Schweppes citron 45cl,0.0,0.0,100g,4.082e-05,0.0,11.0,,,,
Carrefour BIO,"Aliments et boissons à base de végétaux,Aliments d'origine végétale,Petit-déjeuners,Céréales et pommes de terre,Céréales et dérivés,Céréales pour petit-déjeuner,Flocons,Flocons de céréales,Flocons laminés,Flocons d'avoine",France,373.0,7.9,on,100g,a,Petits flocons d'avoine complète,11.0,8.7,100g,0.0,1.3,1.0,,,,
,"Boissons et préparations de boissons,Aliments et boissons à base de végétaux,Boissons,Aliments d'origine végétale,Céréales et pommes de terre,Substituts de produits laitiers,Céréales et dérivés,Substituts du lait,Boissons à base de végétaux,Boissons végétales,Boissons végétales de céréales,Boissons à l'avoine","France,Allemagne,Irlande,Royaume-Uni",61.0,3.0,on,100g,d,The original oat-ly barista edition oat drink,1.1,0.8,100ml,0.0975,0.3,3.4,,,,
Cassegrain,"Aliments et boissons à base de végétaux,Aliments d'origine végétale,Aliments à base de fruits et de légumes,Conserves,Légumes et dérivés,Aliments à base de plantes en conserve,Plats préparés,Légumes en conserve,Légumes préparés,Plats préparés en conserve,Plats préparés à réchauffer au micro-ondes,Plats préparés d'origine végétale,Tajine,Mélange de légumes cuisinés, en:Vegetables - Prepared/Processed (Shelf Stable)",France,77.0,3.8,on,100g,b,Tajine de Légumes Grillés 1/2,1.4,1.8,100g,0.8,0.5,6.7,,,,
LU,"Snacks,Sweet snacks,Biscuits and cakes,Biscuits and crackers,Biscuits,Cakes,Sponge cake biscuits with fruits covering,Strawberry biscuits,fr:Barquettes,fr:Barquettes à la fraise","Belgium,Canada,France,Switzerland",353.0,2.4,on,100g,e,Lulu La Barquette Fraise,3.8,1.7,100g,0.11,0.9,59.0,"{'alcohol_100g': 0, 'beta-carotene_100g': 1.625e-06, 'calcium_100g': 0.0108697, 'cholesterol_100g': 0, 'copper_100g': 6.2965e-05, 'fructose_100g': 30.36, 'galactose_100g': 0, 'glucose_100g': 0.64, 'iodine_100g': 6.219e-06, 'iron_100g': 0.00050871, 'lactose_100g': 0.046, 'magnesium_100g': 0.0174895, 'maltose_100g': 0.2246, 'manganese_100g': 0.000492749, 'pantothenic-acid_100g': 0.0001263, 'phosphorus_100g': 0.048041, 'phylloquinone_100g': 1.84e-07, 'polyols_100g': 16.0325, 'potassium_100g': 0.094198, 'selenium_100g': 5.905e-06, 'starch_100g': 11.3156, 'sucrose_100g': 23.0874, 'vitamin-a_100g': 0, 'vitamin-b12_100g': 0, 'vitamin-b1_100g': 5.1425e-05, 'vitamin-b2_100g': 6.67e-06, 'vitamin-b6_100g': 3.17e-05, 'vitamin-b9_100g': 3.1586e-05, 'vitamin-c_100g': 0.0146275, 'vitamin-d_100g': 2.47e-08, 'vitamin-e_100g': 0.0002311, 'vitamin-pp_100g': 6.62e-05, 'water_100g': 26.8381, 'zinc_100g': 0.0003984}",,,
Barilla,"Cibi e bevande a base vegetale, Cibi a base vegetale, Cereali e patate, Cereali e i loro prodotti, en:Specific products, Pasta, en:Products for specific diets, Prodotti senza glutine, Pasta secca, Pasta senza glutine, en:Gluten-free dry pasta, Spaghetti, Spaghetti senza glutine","Belgium, Bulgaria, Denmark, France, Germany, Italy, Netherlands, Norway, Sweden, Switzerland, en:united-kingdom",358.0,1.5,on,100g,b,Spaghetti Senza Glutine,6.5,1.1,100g,0.01,0.3,0.5,"{'alcohol_100g': 0, 'beta-carotene_100g': 8.6815e-05, 'calcium_100g': 0.0047167375, 'chloride_100g': 0.0062, 'cholesterol_100g': 0, 'copper_100g': 0.00015236375, 'fructose_100g': 0.1574, 'galactose_100g': 0, 'glucose_100g': 0.063425, 'iodine_100g': 5.37e-07, 'iron_100g': 0.0010040625, 'lactose_100g': 0.05, 'magnesium_100g': 0.0408912125, 'maltose_100g': 0.05, 'manganese_100g': 0.000270123075, 'pantothenic-acid_100g': 4.654e-05, 'phosphorus_100g': 0.0874525, 'phylloquinone_100g': 2.685e-07, 'polyols_100g': 0, 'potassium_100g': 0.1158777375, 'selenium_100g': 2.865875e-06, 'sucrose_100g': 0.50645, 'vitamin-a_100g': 0, 'vitamin-b12_100g': 0, 'vitamin-b1_100g': 0.000179, 'vitamin-b2_100g': 7.518e-05, 'vitamin-b6_100g': 0.00019695, 'vitamin-b9_100g': 3.043e-05, 'vitamin-c_100g': 0, 'vitamin-d_100g': 0, 'vitamin-e_100g': 0.00058385, 'vitamin-pp_100g': 0.0037411, 'water_100g': 11.0325, 'zinc_100g': 0.00059384125}",,,
,,"France, en:morocco",,,,,unknown,,,,,,,,,,,
Alesto,"Aliments et boissons à base de végétaux,Aliments d'origine végétale,Aliments à base de fruits et de légumes,Snacks,Fruits et produits dérivés,Produits déshydratés,Aliments à base de plantes séchées,Fruits secs,Mélange apéritif de graines et fruits séchés,Mélange apéritif de graines et raisins secs,Mélanges de fruits secs,Mélanges de fruits secs et de fruits à coque","Belgique,Bulgarie,Croatie,France,Allemagne,Italie",468.0,23.6,on,100g,d,Noix de cajou & cranberries,10.5,5.4,,0.02,4.3,38.1,"{'alcohol_100g': 0, 'beta-carotene_100g': 1.08125e-05, 'calcium_100g': 0.02302005, 'chloride_100g': 0.01195, 'cholesterol_100g': 0, 'copper_100g': 0.0013693975, 'fructose_100g': 0.239, 'galactose_100g': 0.05, 'glucose_100g': 1.034, 'iodine_100g': 1.535e-07, 'iron_100g': 0.00299714, 'lactose_100g': 0.05, 'magnesium_100g': 0.142121875, 'maltose_100g': 0.05, 'manganese_100g': 0.0010092535, 'pantothenic-acid_100g': 9e-05, 'phosphorus_100g': 0.26905075, 'phylloquinone_100g': 1.532e-06, 'polyols_100g': 0.075, 'potassium_100g': 0.37227325, 'selenium_100g': 1.025e-06, 'sucrose_100g': 22.815, 'vitamin-a_100g': 0, 'vitamin-b12_100g': 0, 'vitamin-b1_100g': 3.6e-06, 'vitamin-b2_100g': 9.105e-06, 'vitamin-b6_100g': 0.0001021, 'vitamin-b9_100g': 3e-07, 'vitamin-c_100g': 0.00436, 'vitamin-d_100g': 6.5e-10, 'vitamin-e_100g': 0.0009365, 'vitamin-pp_100g': 9e-05, 'water_100g': 26.723225, 'zinc_100g': 0.002834025}",,,
Gerblé,"Dairies,Snacks,Sweet snacks,Biscuits and cakes,Biscuits and crackers,Biscuits,Dry biscuits","France,French Polynesia,United States",451.0,16.0,on,100g,b,Miel Châtaigne graines de lin,8.9,7.6,100g,0.08,1.2,14.0,"{'alcohol_100g': 0, 'beta-carotene_100g': 3.47756697265625e-06, 'calcium_100g': 0.0327460030093384, 'chloride_100g': 0.0057330546875, 'cholesterol_100g': 0, 'copper_100g': 0.000274104018817139, 'fructose_100g': 3.786233421875, 'galactose_100g': 0.2883, 'glucose_100g': 3.19845399365234, 'iodine_100g': 6.22109042236333e-06, 'iron_100g': 0.00165572226748657, 'lactose_100g': 0.071079375, 'magnesium_100g': 0.0660940274217224, 'maltose_100g': 0.76495292578125, 'manganese_100g': 0.00165461422849121, 'pantothenic-acid_100g': 0.000394979292578125, 'phosphorus_100g': 0.192864780834961, 'phylloquinone_100g': 8.60368415429688e-06, 'polyols_100g': 0.1767, 'potassium_100g': 0.257330164485169, 'selenium_100g': 7.94870152496338e-06, 'starch_100g': 38.6881636816406, 'sucrose_100g': 6.65407727246094, 'vitamin-a_100g': 0, 'vitamin-b12_100g': 0, 'vitamin-b1_100g': 0.00017770945703125, 'vitamin-b2_100g': 1.9851926953125e-05, 'vitamin-b6_100g': 0.000120655766601563, 'vitamin-b9_100g': 2.89054014453125e-05, 'vitamin-c_100g': 0.0012160984375, 'vitamin-d_100g': 7.78431875e-08, 'vitamin-e_100g': 0.00381949763183594, 'vitamin-pp_100g': 0.000171362845703125, 'water_100g': 9.75564283523865, 'zinc_100g': 0.00150712748151855}",,,
Gerblé,"Snacks,Sweet snacks,Biscuits and cakes,Biscuits and crackers,Biscuits,Chocolate biscuits","France,Martinique",481.927710843373,20.0,on,100g,d,Sésame Chocolat,10.0,5.6,,0.6,4.4,21.0,"{'alcohol_100g': 0, 'beta-carotene_100g': 7.56139700520833e-06, 'calcium_100g': 0.119881104010417, 'cholesterol_100g': 0.0002291, 'copper_100g': 0.00049709085546875, 'fructose_100g': 0.0738574135416667, 'galactose_100g': 0, 'glucose_100g': 0.0749132135416667, 'iodine_100g': 7.546980078125e-06, 'iron_100g': 0.0036072144453125, 'lactose_100g': 0.105423880208333, 'maltose_100g': 0.569304080208333, 'manganese_100g': 0.00230550159192708, 'pantothenic-acid_100g': 0.000354500651041667, 'phosphorus_100g': 0.257422830729167, 'phylloquinone_100g': 4.990106328125e-06, 'polyols_100g': 0.000359700520833321, 'potassium_100g': 0.319002740625, 'selenium_100g': 1.07122744791667e-05, 'starch_100g': 32.0368060416667, 'sucrose_100g': 18.1800215885417, 'vitamin-a_100g': 1.659e-06, 'vitamin-b12_100g': 0, 'vitamin-b1_100g': 0.000301656598958333, 'vitamin-b2_100g': 4.6645828125e-05, 'vitamin-b6_100g': 0.000198226999348958, 'vitamin-b9_100g': 3.35194462239583e-05, 'vitamin-c_100g': 0.0001674588671875, 'vitamin-d_100g': 9.37904296874999e-08, 'water_100g': 7.33625764322917, 'zinc_100g': 0.00256960116145833}",,,
La Mère Poulard,"Snacks,Snacks sucrés,Biscuits et gâteaux,Biscuits sucrés & biscuits apéritifs,Biscuits,Biscuits sablés","France,Maroc",501.0,21.9,on,100g,e,Le Sablé pur beurre,6.8,0.0,100g,0.26,14.6,19.6,"{'alcohol_100g': 0, 'beta-carotene_100g': 3.79395e-05, 'calcium_100g': 0.0236491595, 'cholesterol_100g': 0.059502, 'copper_100g': 0.000186038025, 'fructose_100g': 0.076765, 'galactose_100g': 0.011, 'glucose_100g': 0.08242, 'iodine_100g': 9.741965e-06, 'iron_100g': 0.00146626135, 'lactose_100g': 0.24619, 'magnesium_100g': 0.0473376025, 'maltose_100g': 0.674511, 'manganese_100g': 0.001400860265, 'pantothenic-acid_100g': 0.000374962, 'phosphorus_100g': 0.1511044, 'phylloquinone_100g': 1.80306e-06, 'polyols_100g': 0, 'potassium_100g': 0.189288395, 'selenium_100g': 7.92981e-06, 'starch_100g': 37.70887, 'sucrose_100g': 9.006969, 'vitamin-a_100g': 0.000153778, 'vitamin-b12_100g': 7.945e-08, 'vitamin-b1_100g': 0.000168249, 'vitamin-b2_100g': 2.557395e-05, 'vitamin-b6_100g': 7.5069e-05, 'vitamin-b9_100g': 1.798863e-05, 'vitamin-c_100g': 0.000158975, 'vitamin-d_100g': 3.83587e-07, 'vitamin-e_100g': 0.001008031, 'vitamin-pp_100g': 4.9242e-05, 'water_100g': 13.5006086, 'zinc_100g': 0.0012576054}",,,
"Bio Village, Marque Repère","Aliments et boissons à base de végétaux, Boissons, Aliments d'origine végétale, Céréales et pommes de terre, Substituts de produits laitiers, Céréales et dérivés, Substituts du lait, Boissons à base de végétaux, Boissons végétales, Boissons végétales de céréales, Boissons sans alcool, Boissons sans sucre ajouté, Boissons à l'avoine",Frankrijk,49.0,1.2,on,100g,c,Boisson avoine,0.5,0.8,100ml,0.0975,0.2,5.0,"{'alcohol_100g': 0.0, 'beta-carotene_100g': 6.9359375e-08, 'calcium_100g': 0.012261840375, 'chloride_100g': 0.0077, 'cholesterol_100g': 0.0, 'copper_100g': 8.778699375e-05, 'fructose_100g': 0.0, 'galactose_100g': 0.0, 'glucose_100g': 0.0, 'iodine_100g': 5.18808125, 'iron_100g': 0.00055297465625, 'lactose_100g': 0.0, 'magnesium_100g': 0.02038425378125, 'maltose_100g': 0.0, 'manganese_100g': 0.000545352269, 'pantothenic-acid_100g': 0.0, 'phosphorus_100g': 0.0577561115625, 'phylloquinone_100g': 1.10975e-08, 'polyols_100g': 0.0, 'potassium_100g': 0.0482722250625, 'selenium_100g': 7.08565625e-07, 'starch_100g': 5.786, 'sucrose_100g': 0.0, 'vitamin-a_100g': 0.0, 'vitamin-b12_100g': 0.0, 'vitamin-b1_100g': 0.0, 'vitamin-b2_100g': 0.0, 'vitamin-b6_100g': 1.32e-05, 'vitamin-b9_100g': 0.0, 'vitamin-c_100g': 0.0, 'vitamin-d_100g': 3.6066875e-09, 'vitamin-e_100g': 0.001709616875, 'vitamin-pp_100g': 0.0, 'water_100g': 84.3566152375, 'zinc_100g': 0.00044901468125}",,,
Nature Valley,"Snacks,Snacks sucrés,Barres,Barres de céréales,Compléments alimentaires,Barres protéinées,Barres de céréales aux fruits et chocolat,Barre-chocolat-et-cranberry,Repas complet","Belgium, France, en:netherlands",470.0,9.9,on,100g,not-applicable,Barres protéinées aux chocolat et cranberries sans gluten,4.0,8.2,,0.47,2.7,8.2,,,,
Barilla,"Aliments et boissons à base de végétaux,Aliments d'origine végétale,Céréales et pommes de terre,Céréales et dérivés,Pâtes alimentaires,Pâtes alimentaires de céréales,Pâtes sèches,Pâtes de blé dur,Spaghetti,Pâtes de blé dur sèches,Spaghettis de blé dur","Autriche,Croatie,France,Allemagne,Italie,Norvège,Pologne,Suisse",359.0,2.0,on,100g,a,Pâtes spaghetti n°5 1kg,13.0,3.0,100g,0.01,0.5,3.5,"{'alcohol_100g': 0, 'calcium_100g': 0.0169, 'cholesterol_100g': 0, 'polyols_100g': 0, 'potassium_100g': 0.152, 'vitamin-b6_100g': 9.4e-05, 'water_100g': 12.1}",,,
Galbani,"Produits laitiers,Produits fermentés,Produits laitiers fermentés,Fromages,Fromages italiens,Fromages à pâte filée,Mozzarella,en:Cibi fermentati,en:Formaggi,en:Formaggi italiani,en:Formaggio vaccino,en:Latticini,en:Mozzarella di mucca,en:Pasta filata,en:Prodotti lattiero-caseari fermentati","France,Allemagne,Italie,Japon,Espagne,Suisse,Royaume-Uni",220.0,18.0,on,100g,c,mozzarella,17.0,,100g,0.7,13.0,1.0,"{'alcohol_100g': 0, 'beta-carotene_100g': 6.9265e-06, 'calcium_100g': 0.12178, 'cholesterol_100g': 0.00247375, 'copper_100g': 1.24585e-05, 'fiber_100g': 0, 'fructose_100g': 0, 'galactose_100g': 0, 'glucose_100g': 0, 'iodine_100g': 3.055485e-05, 'iron_100g': 3.0805e-05, 'lactose_100g': 4.878235, 'magnesium_100g': 0.01149269, 'maltose_100g': 0, 'manganese_100g': 5.86512e-06, 'pantothenic-acid_100g': 0.00035622, 'phosphorus_100g': 0.0979885, 'phylloquinone_100g': 0, 'polyols_100g': 0, 'potassium_100g': 0.155413205, 'selenium_100g': 1.64607e-06, 'starch_100g': 0, 'sucrose_100g': 0, 'vitamin-a_100g': 1.76131e-06, 'vitamin-b12_100g': 4.84855e-07, 'vitamin-b1_100g': 4.25485e-05, 'vitamin-b2_100g': 0.00017811, 'vitamin-b6_100g': 4.3538e-05, 'vitamin-b9_100g': 4.84855e-06, 'vitamin-c_100g': 0.00128635, 'vitamin-d_100g': 7.42125e-08, 'vitamin-e_100g': 8.9055e-06, 'vitamin-pp_100g': 9.1034e-05, 'water_100g': 90.1966945, 'zinc_100g': 0.0004159365}",,,
,"en:Condiments,en:Sauces,fr:sauce-hot,Fzg",en:Morocco,0.0,0.0,on,100g,unknown,6111184009520,0.0,,100ml,5.0,0.0,0.0,,,,
Konrad,"Condiments,Sauces,en:Groceries","France,Espagne",45.0,0.5,on,100g,e,Viandox 160ml,5.4,0.5,100g,21.0,0.1,2.5,,,,
"Les Mousquetaires, Regain, Sélection des Mousquetaires","Aliments et boissons à base de végétaux, Boissons, Aliments d'origine végétale, Céréales et pommes de terre, Substituts de produits laitiers, Céréales et dérivés, Substituts du lait, Boissons à base de végétaux, Boissons végétales, Boissons végétales de céréales, Boissons à l'avoine","France, en:belgium",43.0,1.3,on,100g,c,Boisson avoine BIO 1l,0.5,0.5,100ml,0.07,0.2,4.4,"{'alcohol_100g': 0.0, 'beta-carotene_100g': 6.91875e-08, 'calcium_100g': 0.016626247, 'chloride_100g': 0.0077, 'cholesterol_100g': 0.0, 'copper_100g': 8.7778675e-05, 'fructose_100g': 0.0, 'galactose_100g': 0.0, 'glucose_100g': 0.0, 'iodine_100g': 2.739825e-05, 'iron_100g': 0.000552957125, 'lactose_100g': 0.0, 'magnesium_100g': 0.032031195375, 'maltose_100g': 0.0, 'manganese_100g': 0.000545343788, 'pantothenic-acid_100g': 0.0, 'phosphorus_100g': 0.05775555125, 'phylloquinone_100g': 1.107e-08, 'polyols_100g': 0.0, 'potassium_100g': 0.05065397075, 'selenium_100g': 7.079125e-07, 'starch_100g': 5.786, 'sucrose_100g': 0.0, 'vitamin-a_100g': 0.0, 'vitamin-b12_100g': 0.0, 'vitamin-b1_100g': 0.0, 'vitamin-b2_100g': 0.0, 'vitamin-b6_100g': 1.32e-05, 'vitamin-b9_100g': 0.0, 'vitamin-c_100g': 0.0, 'vitamin-d_100g': 3.59775e-09, 'vitamin-e_100g': 0.0017056775, 'vitamin-pp_100g': 0.0, 'water_100g': 84.473396375, 'zinc_100g': 0.000449008425}",,,
Maison Briau,"Seafood,Meals,Gratins,Meals with fish,Meals with salmon,Refrigerated foods,Fish gratin,Refrigerated meals,Fish brandade,fr:Parmentiers de saumon,Parmentiers",France,144.0,8.9,on,100g,c,Parmentier de saumon 🐟,8.0,,100g,0.8,2.6,1.1,,,,
El Baraka,"Aliments et boissons à base de végétaux, Aliments d'origine végétale, Aliments à base de fruits et de légumes, Petit-déjeuners, Produits à tartiner, Fruits et produits dérivés, Pâtes à tartiner végétales, Produits à tartiner sucrés, Confitures et marmelades, Confitures, Confitures de fruits rouges, Confitures de fraises","France, en:morocco",248.0,0.16,on,100g,d,Confiture de fraise,0.47,,100g,0.0575,0.0,60.0,,,,
Bol Bol,"Aliments et boissons à base de végétaux, Aliments d'origine végétale, Condiments, Sauces, Sauces au soja","France,Maroc",69.3333333333333,0.0,on,100g,e,,6.66666666666667,0.0,100ml,16.0,0.0,0.0,,,,
The Tofoo Co.,"Plant-based foods and beverages,Plant-based foods,Legumes and their products,Meat alternatives,Meat analogues,Tofu,Plain tofu","Ireland, United Kingdom, en:france",145.714285714286,7.8,on,100g,a,NAKED ORGANIC TOFU,16.5,1.9,,0.00015,1.2,0.1,"{'alcohol_100g': 0, 'beta-carotene_100g': 2.5e-06, 'calcium_100g': 0.1, 'cholesterol_100g': 0, 'copper_100g': 0.00024, 'fructose_100g': 0.05, 'galactose_100g': 0.05, 'glucose_100g': 0.18, 'iodine_100g': 1e-05, 'iron_100g': 0.0024, 'lactose_100g': 0.05, 'magnesium_100g': 0.1, 'maltose_100g': 0.05, 'manganese_100g': 0.00093, 'pantothenic-acid_100g': 0.00014, 'phosphorus_100g': 0.21, 'phylloquinone_100g': 1.27e-05, 'polyols_100g': 0, 'potassium_100g': 0.14, 'selenium_100g': 1e-05, 'sucrose_100g': 0.39, 'vitamin-a_100g': 0, 'vitamin-b12_100g': 0, 'vitamin-b1_100g': 2.4e-05, 'vitamin-b2_100g': 5e-06, 'vitamin-b6_100g': 2.8e-05, 'vitamin-b9_100g': 2.51e-05, 'vitamin-c_100g': 0.00025, 'vitamin-d_100g': 1.3e-07, 'vitamin-e_100g': 0.00071, 'vitamin-pp_100g': 0.00013, 'water_100g': 73.8, 'zinc_100g': 0.0013}",,,
"Lesieur,Cristal",Matières grasses,Maroc,900.0,100.0,on,100g,c,Huile de table équilibrée,0.0,0.0,100g,0.0,15.0,0.0,,,,
Maggi,"Aliments et boissons à base de végétaux, Aliments d'origine végétale, Produits déshydratés, Aliments à base de plantes séchées, Produits lyophilisés à reconstituer, Bouillons, Bouillons déshydratés, Bouillons de légumes, Bouillons cubes, Bouillons de légumes déshydratés, en:groceries, Carton, Condiments, en:Tenderisers",France,,,,100ml,c,BOUILLON KUB LEGUMES - 25% DE SEL,,,100g,,,,,,on,
Fruit d'Or,"Aliments et boissons à base de végétaux,Aliments d'origine végétale,Matières grasses,Produits à tartiner,Pâtes à tartiner végétales,Produits à tartiner salés,Matières grasses à tartiner,Matières grasses végétales,Margarines,Margarines allégées,Margarines salées",France,450.0,50.0,on,100g,c,Fruit d'Or Oméga 3 Doux - Sans huile de palme - 450g,0.0,,100g,0.5,10.0,0.0,,,,
,Ouile,en:ma,900.0,100.0,on,100g,e,HuilOr - RICHE EN Vitamine E Oméga 3 et 6,0.0,,100ml,0.0,12.6,0.0,,,,
Fleury Michon,"Viandes et dérivés, Viandes, Charcuteries, Jambons, Jambons blancs, Jambons français",France,113.0,2.8,on,100g,c,Jambon de porc Label Rouge Sans Nitrite,22.0,0.0,100g,1.5,1.0,0.5,,,,
"Boursin,Boursin atartiner/core cheese","Produits laitiers,Produits fermentés,Produits laitiers fermentés,Fromages,Produits à tartiner,Produits à tartiner salés,Fromages à tartiner,Fromages Ail et fines herbes, en:Cheeses (perishable)",France,385.0,37.0,on,100g,d,Boursin ail et fines herbes,8.5,,100g,1.3,25.0,2.2,,,,
Herta,"Viandes et dérivés,Charcuteries,Jambons,Porc et dérivés,Jambons blancs,en:Pork (prepared)",France,105.882352941176,2.3,on,100g,c,Jambon à l'étouffée LE BON PARIS,21.0,0.0,100g,1.8,1.3,0.0,"{'alcohol_100g': 0, 'beta-carotene_100g': 0, 'calcium_100g': 0.00979841, 'cholesterol_100g': 0.07449, 'copper_100g': 6.63395e-05, 'fructose_100g': 0, 'galactose_100g': 0, 'glucose_100g': 0, 'iodine_100g': 2.21671e-05, 'iron_100g': 0.000834153, 'lactose_100g': 0, 'magnesium_100g': 0.0272607, 'maltose_100g': 0, 'manganese_100g': 1.35517e-05, 'pantothenic-acid_100g': 0.00063985, 'phosphorus_100g': 0.213992, 'phylloquinone_100g': 1.2415e-07, 'polyols_100g': 0, 'potassium_100g': 0.3612636, 'selenium_100g': 1.51385e-05, 'starch_100g': 0, 'sucrose_100g': 0.8982, 'vitamin-a_100g': 4.36435e-06, 'vitamin-b12_100g': 5.6345e-07, 'vitamin-b1_100g': 0.00077355, 'vitamin-b2_100g': 0.000152971, 'vitamin-b6_100g': 0.0003438, 'vitamin-b9_100g': 6.82825e-06, 'vitamin-c_100g': 0.00025785, 'vitamin-d_100g': 4.8705e-07, 'vitamin-e_100g': 0.0001146, 'vitamin-pp_100g': 0.00638895, 'water_100g': 56.633273, 'zinc_100g': 0.002273872}",,,
Milka,"Koek, snoep, chocolade, Koek, Koekjes met chocolade",Belgium,535.0,31.0,on,100g,e,Choco Wafer,6.7,2.8,100g,0.28,18.0,43.0,,,,
Fleury Michon,"Plats préparés,Plats préparés au poisson,Plats préparés à réchauffer au micro-ondes",France,109.0,5.0,on,100g,c,Filet de Saumon Purée de Brocolis,6.8,1.2,,0.66,1.9,2.4,"{'alcohol_100g': 0, 'beta-carotene_100g': 7.4997654e-05, 'calcium_100g': 0.056627, 'cholesterol_100g': 0.02131385, 'copper_100g': 6.08803, 'fructose_100g': 0.178884, 'galactose_100g': 0.0092825, 'glucose_100g': 0.1382695, 'iodine_100g': 1.6379745e-05, 'iron_100g': 0.0010111529, 'lactose_100g': 1.6837863, 'magnesium_100g': 0.0199066275, 'maltose_100g': 0.0471765, 'manganese_100g': 0.00038115614, 'pantothenic-acid_100g': 0.0005277725, 'phosphorus_100g': 0.10259735, 'phylloquinone_100g': 3.30851e-05, 'polyols_100g': 0, 'potassium_100g': 0.25743805, 'selenium_100g': 4.917687e-06, 'starch_100g': 6.427674, 'sucrose_100g': 0.0977835, 'vitamin-a_100g': 2.3627016, 'vitamin-b12_100g': 1.0529735e-06, 'vitamin-b1_100g': 8.19263e-05, 'vitamin-b2_100g': 0.00010703725, 'vitamin-b6_100g': 0.000211980575, 'vitamin-b9_100g': 3.757998e-05, 'vitamin-c_100g': 0.020119135, 'vitamin-d_100g': 8.827605e-07, 'vitamin-e_100g': 0.0007344183, 'vitamin-pp_100g': 0.00219284705, 'water_100g': 75.8698741, 'zinc_100g': 0.00045278135}",,,
Hacendado,Gazpacho,"Portugal, Spain, en:france",40.0,2.6,on,100g,a,Gazpacho Tradicional Mercadona,0.9,1.1,100g,0.7875,0.4,3.3,,,,
"Maille, mailer","Condimentos,Salsas,Salsas de mostaza,Mostazas de Dijon","Denmark, France, Germany, Italy, Netherlands, Portugal, Romania, Spain, Sweden, en:belgium",144.0,3.2,on,100g,e,Dijon Originale Senf,0.06,0.0,,4.9,0.7,2.0,,,,
andros,"Aliments et boissons à base de végétaux,Aliments d'origine végétale,Aliments à base de fruits et de légumes,Petit-déjeuners,Produits à tartiner,Fruits et produits dérivés,Pâtes à tartiner végétales,Produits à tartiner sucrés,Confitures et marmelades,Confitures,Confitures de fruits rouges,Confiture de fruits allégée en sucres,Confitures de fraises","France,Maroc",164.0,0.1,on,100g,d,Confiture fraise -30% de sucres,0.3,1.1,100g,0.0,0.0,40.0,"{'alcohol_100g': 0, 'beta-carotene_100g': 1.6e-06, 'calcium_100g': 0.012801, 'cholesterol_100g': 0, 'copper_100g': 1.665e-05, 'fructose_100g': 2.0225, 'galactose_100g': 0, 'glucose_100g': 1.4185, 'iodine_100g': 6.11e-06, 'iron_100g': 0.0001389, 'lactose_100g': 0.0612, 'magnesium_100g': 0.008029, 'maltose_100g': 0.061, 'manganese_100g': 0.000158342, 'pantothenic-acid_100g': 8.255e-05, 'phosphorus_100g': 0.01425, 'phylloquinone_100g': 2.4e-07, 'polyols_100g': 0.15, 'potassium_100g': 0.091873, 'selenium_100g': 7.2025e-06, 'starch_100g': 0.108, 'sucrose_100g': 20.0565, 'vitamin-a_100g': 0, 'vitamin-b12_100g': 0, 'vitamin-b1_100g': 6.55e-06, 'vitamin-b2_100g': 7.25e-06, 'vitamin-b6_100g': 2.615e-05, 'vitamin-b9_100g': 5.984e-05, 'vitamin-c_100g': 0.03364, 'vitamin-d_100g': 0, 'vitamin-e_100g': 0.0001875, 'vitamin-pp_100g': 0.000136, 'water_100g': 68.839, 'zinc_100g': 7.41e-05}",,,
Carrefour,"Boissons, Eaux, Produits de montagne, Eaux de sources, Eaux minérales, Boissons sans alcool, Boissons sans sucre ajouté, Eaux de montagne","France, Guadeloupe, en:belgium",0.0,0.0,on,100g,a,Eau de source de montagne d'auvergne,0.0,,100ml,0.000675,0.0,0.0,"{'alcohol_100g': 0.0, 'beta-carotene_100g': 0.0, 'cholesterol_100g': 0.0, 'copper_100g': 1.7e-05, 'fiber_100g': 0.0, 'fructose_100g': 0.0, 'galactose_100g': 0.0, 'glucose_100g': 0.0, 'iodine_100g': 0.0, 'iron_100g': 3e-05, 'lactose_100g': 0.0, 'maltose_100g': 0.0, 'manganese_100g': 8.2e-07, 'pantothenic-acid_100g': 0.0, 'phosphorus_100g': 0.0, 'phylloquinone_100g': 0.0, 'polyols_100g': 0.0, 'selenium_100g': 5e-07, 'starch_100g': 0.0, 'sucrose_100g': 0.0, 'vitamin-a_100g': 0.0, 'vitamin-b12_100g': 0.0, 'vitamin-b1_100g': 0.0, 'vitamin-b2_100g': 0.0, 'vitamin-b6_100g': 0.0, 'vitamin-b9_100g': 0.0, 'vitamin-c_100g': 0.0, 'vitamin-d_100g': 0.0, 'vitamin-e_100g': 0.0, 'vitamin-pp_100g': 0.0, 'water_100g': 100.0, 'zinc_100g': 1.1e-05}",,,
"Montfleuri, Savencia","Dairies, Fats, Spreads, Spreadable fats, Animal fats, Dairy spreads, Milkfat, Butters, Unsalted butters, Light butter, Light unsalted butter with 60-62% fat, Sweet cream butters","France,Germany,Réunion",547.0,60.0,on,100g,e,Beurre à teneur réduite en M.G. (60%) doux,1.0,,100g,0.05,42.0,0.8,,,,
el baraka,"Aliments et boissons à base de végétaux,Aliments d'origine végétale,Aliments à base de fruits et de légumes,Petit-déjeuners,Produits à tartiner,Produits à tartiner sucrés,Confitures et marmelades,Confitures,Confitures de figues","France, en:morocco",257.0,0.5,on,100g,d,confiture,0.7,,100g,0.03,0.1,62.0,,,,
Lustucru,"Aliments et boissons à base de végétaux, Aliments d'origine végétale, Plats préparés, Plats à base de pâtes, Pâtes alimentaires, Pâtes farcies, Pâtes fraîches, Ravioli, en:Pates farcies aux légumes, en:Plats préparés, en:Plats à base de pâtes, en:Pâtes farcies, en:Pâtes farcies au fromage, en:Pâtes fraîches farcies au fromage et aux légumes, Pâtes fraîches farcies au fromage et aux légumes",France,244.0,10.0,on,100g,d,GIRASOLI RICOTTA EPINARD,8.1,2.9,100g,1.1,4.0,3.6,,,,
Balaji,"snacks, salty-snacks, sweet-snacks, appetizers, chips-and-fries, biscuits-and-cakes, crisps, biscuits, namkeen, da:crackers",Inde,514.0,25.0,on,100g,e,balaji wafers chataka pataka,7.0,,100g,0.868,12.0,2.0,,,,
Aiguebelle,"Snacks, Snacks sucrés, Cacao et dérivés, Chocolats, Chocolats noirs",Morocco,582.0,49.6,on,100g,e,Tentation aiguebelle,10.0,,100g,0.03,29.8,10.5,,,,
Fleury Michon,"Meats and their products, Prepared meats, Hams, en:white-hams-with-less-salt",France,114.285714285714,2.8,on,100g,c,Jambon Le Supérieur -25% de Sel,22.0,,,1.4,1.0,0.5,,,,
Vico,"Snacks,Snacks salés,Amuse-gueules,Chips et frites,Chips,Chips-de-lentilles,Chips de lentilles",France,456.0,19.0,on,100g,c,Chips de Lentilles Saveur Paprika,13.0,7.3,100g,1.1,2.0,4.0,,,,
Nestlé,Dark chocolate bars for cooking,France,611.0,49.6,on,100g,d,NESTLÉ DESSERT 80% Puissant 170g,10.4,12.9,100g,0.01,29.8,16.2,"{'alcohol_100g': 0, 'beta-carotene_100g': 6.20703125e-06, 'calcium_100g': 0.01089125, 'cholesterol_100g': 0.008, 'copper_100g': 0.000275625, 'fructose_100g': 0.00703125, 'galactose_100g': 0, 'glucose_100g': 0.00703125, 'iodine_100g': 9.34375e-07, 'iron_100g': 0.00342953125, 'lactose_100g': 0.00703125, 'magnesium_100g': 0.03556875, 'maltose_100g': 0.00703125, 'manganese_100g': 0.00028985625, 'pantothenic-acid_100g': 5.796875e-05, 'phosphorus_100g': 0.048609375, 'phylloquinone_100g': 5.4296875e-07, 'polyols_100g': 0.017578125, 'potassium_100g': 0.2775938125, 'selenium_100g': 2.2e-06, 'starch_100g': 0.59765625, 'sucrose_100g': 25.01328125, 'vitamin-a_100g': 2.575e-05, 'vitamin-b12_100g': 3.125e-10, 'vitamin-b1_100g': 5.375e-06, 'vitamin-b2_100g': 1.334375e-05, 'vitamin-b6_100g': 3.828125e-07, 'vitamin-b9_100g': 7.5234375e-06, 'vitamin-c_100g': 1.7578125e-05, 'vitamin-d_100g': 2.48203125e-07, 'vitamin-e_100g': 0.001255390625, 'vitamin-pp_100g': 8.0953125e-05, 'water_100g': 0.33546875, 'zinc_100g': 0.0004553125}",,,
Ker Cadélac,"Snacks,Desserts,Snacks sucrés,Biscuits et gâteaux,Gâteaux,Quatre-quarts",France,437.0,25.0,on,100g,d,Le Moelleux,5.9,,100g,0.93,2.2,26.0,"{'alcohol_100g': 0, 'beta-carotene_100g': 1.375e-06, 'calcium_100g': 0.0229164375, 'cholesterol_100g': 0.0721375, 'copper_100g': 8.9905e-05, 'fiber_100g': 1.87, 'fructose_100g': 0.04109375, 'galactose_100g': 0, 'glucose_100g': 0.0764375, 'iodine_100g': 6.665e-06, 'iron_100g': 0.00097783125, 'lactose_100g': 0.0275, 'magnesium_100g': 0.0227194375, 'maltose_100g': 0.29959375, 'manganese_100g': 0.0006123134375, 'pantothenic-acid_100g': 0.0004165625, 'phosphorus_100g': 0.097475, 'phylloquinone_100g': 1.30875e-05, 'polyols_100g': 0, 'potassium_100g': 0.1062555625, 'selenium_100g': 5.7025625e-06, 'starch_100g': 16.3075, 'sucrose_100g': 36.34509375, 'vitamin-a_100g': 3.29875e-05, 'vitamin-b12_100g': 2.628125e-07, 'vitamin-b1_100g': 8.146875e-05, 'vitamin-b2_100g': 8.9825e-05, 'vitamin-b6_100g': 5.74375e-05, 'vitamin-b9_100g': 1.323e-05, 'vitamin-c_100g': 6.875e-05, 'vitamin-d_100g': 3.765e-07, 'vitamin-e_100g': 0.0054970625, 'vitamin-pp_100g': 2.516875e-05, 'water_100g': 17.301, 'zinc_100g': 0.000717525}",,,
Pringles,"Snacks, Salty snacks, Appetizers, Chips and fries, Crisps, Salty snacks made from potato, Aperitiefhapjes, Chips, Smaakvarianten chips, Stacked extruded potato crisps","Belgien, Germany",523.0,30.0,on,100g,d,Pringles Texas BBQ,6.3,4.1,,1.1,2.9,3.9,,,,
Entremont,"Dairies, Fermented foods, Fermented milk products, Cheeses, Cow cheeses, Hard cheeses, Emmentaler, Grated cheese, Grated emmentaler, en:french-emmentaler",France,382.0,30.0,on,100g,c,Emmental Français Sans additif,28.0,,100g,0.7,20.0,0.5,"{'alcohol_100g': 0, 'beta-carotene_100g': 6.951e-06, 'cholesterol_100g': 0.0024825, 'copper_100g': 1.2441e-05, 'fiber_100g': 0, 'fructose_100g': 0, 'galactose_100g': 0, 'glucose_100g': 0, 'iodine_100g': 3.06399e-05, 'iron_100g': 3.0805e-05, 'lactose_100g': 4.89549, 'magnesium_100g': 0.011529825, 'maltose_100g': 0, 'manganese_100g': 5.8815e-06, 'pantothenic-acid_100g': 0.00035748, 'phosphorus_100g': 0.098335, 'phylloquinone_100g': 0, 'polyols_100g': 0, 'potassium_100g': 0.15596015, 'selenium_100g': 1.65013e-06, 'starch_100g': 0, 'sucrose_100g': 0, 'vitamin-a_100g': 1.76754e-06, 'vitamin-b12_100g': 4.8657e-07, 'vitamin-b1_100g': 4.2699e-05, 'vitamin-b2_100g': 0.00017874, 'vitamin-b6_100g': 4.3692e-05, 'vitamin-b9_100g': 4.8657e-06, 'vitamin-c_100g': 0.0012909, 'vitamin-d_100g': 7.4475e-08, 'vitamin-e_100g': 8.937e-06, 'vitamin-pp_100g': 9.1356e-05, 'water_100g': 90.1644945, 'zinc_100g': 0.000417368}",,,
Conserverie Parmentier,"Produits de la mer, Poissons et dérivés, Conserves, Poissons, Poissons gras, Poissons en conserve, Sardines, Sardines en conserve, Sardines à l'huile, Sardines à l'huile de tournesol",Frankrijk,229.0,15.0,on,100g,b,Conserverie Parmentier sardines,23.5,0.0,100g,1.2,3.0,0.0,"{'alcohol_100g': 0, 'beta-carotene_100g': 3.2e-07, 'calcium_100g': 0.0444952, 'cholesterol_100g': 0.0587016, 'copper_100g': 0.00032488, 'fructose_100g': 0, 'galactose_100g': 0, 'glucose_100g': 0, 'iodine_100g': 0.0002592992, 'iron_100g': 0.0012828, 'lactose_100g': 0, 'magnesium_100g': 0.0271904, 'maltose_100g': 0, 'manganese_100g': 0.00026152, 'pantothenic-acid_100g': 0.00060264, 'phosphorus_100g': 0.2138272, 'phylloquinone_100g': 5.12e-08, 'polyols_100g': 0, 'potassium_100g': 0.4366784, 'selenium_100g': 4.06272e-05, 'starch_100g': 0, 'sucrose_100g': 0, 'vitamin-a_100g': 2.0832e-05, 'vitamin-b12_100g': 6.3984e-06, 'vitamin-b1_100g': 2.8272e-05, 'vitamin-b2_100g': 0.00017112, 'vitamin-b6_100g': 0.00034968, 'vitamin-b9_100g': 2.36592e-06, 'vitamin-c_100g': 0.00186, 'vitamin-d_100g': 1.043264e-05, 'vitamin-e_100g': 0.00754272, 'vitamin-pp_100g': 0.00562464, 'water_100g': 47.621376, 'zinc_100g': 0.001130464}",,,
Pulco,"Boissons, Boissons sans alcool, Boissons avec sucre ajouté, Citronnades",France,23.0,0.0,on,100g,c,Citronnade,0.0,,100ml,0.0,0.0,4.8,"{'alcohol_100g': 0.0, 'beta-carotene_100g': 2.575e-07, 'calcium_100g': 0.007331625, 'cholesterol_100g': 0.0, 'copper_100g': 1.866375e-05, 'fiber_100g': 0.04975, 'fructose_100g': 0.1048, 'galactose_100g': 0.0, 'glucose_100g': 0.0952, 'iodine_100g': 2.0875e-07, 'iron_100g': 4.54625e-05, 'lactose_100g': 0.00358, 'magnesium_100g': 0.001910425, 'maltose_100g': 0.0031, 'manganese_100g': 3.58975e-06, 'pantothenic-acid_100g': 1.19e-05, 'phosphorus_100g': 0.001164, 'phylloquinone_100g': 2.8e-09, 'polyols_100g': 0.00175, 'potassium_100g': 0.01464775, 'selenium_100g': 1.1485e-06, 'starch_100g': 0.0, 'sucrose_100g': 6.3258, 'vitamin-a_100g': 0.0, 'vitamin-b12_100g': 0.0, 'vitamin-b1_100g': 5.221e-06, 'vitamin-b2_100g': 2.3025e-06, 'vitamin-b6_100g': 5.321e-06, 'vitamin-b9_100g': 1.3988e-06, 'vitamin-d_100g': 0.0, 'vitamin-e_100g': 1.828e-05, 'vitamin-pp_100g': 2.435e-05, 'water_100g': 91.749725, 'zinc_100g': 1.956e-05}",,,
Céréal BIO,"Aliments et boissons à base de végétaux, Aliments d'origine végétale, Céréales et pommes de terre, Céréales et dérivés, Plats préparés, Plats à base de pâtes, Pâtes farcies, Pates farcies aux légumes, Plats préparés à réchauffer au micro-ondes, Pâtes farcies au fromage, Plats préparés d'origine végétale","Belgique,France,en:france",98.0,2.7,on,100g,a,Cuisiné cappelletti,3.7,3.2,100g,0.56,0.5,3.2,"{'alcohol_100g': 0, 'beta-carotene_100g': 0.000233342, 'calcium_100g': 0.036445102, 'cholesterol_100g': 0.0026042, 'fructose_100g': 1.158573, 'galactose_100g': 0.004077, 'glucose_100g': 1.1050835, 'iodine_100g': 4.68764e-06, 'lactose_100g': 0.0631955, 'maltose_100g': 0.236513, 'pantothenic-acid_100g': 0.000100203, 'phylloquinone_100g': 9.274615e-06, 'polyols_100g': 0.023605, 'potassium_100g': 0.21904038, 'sucrose_100g': 0.502123, 'vitamin-b12_100g': 3.944e-08, 'vitamin-b1_100g': 2.18435e-05, 'vitamin-b2_100g': 3.09977e-05, 'vitamin-b6_100g': 5.3708e-05, 'vitamin-b9_100g': 1.70445e-05, 'vitamin-d_100g': 1.2284e-08, 'vitamin-pp_100g': 0.0004156875, 'water_100g': 76.93218}",,,
Soignon,"Produits laitiers, Produits fermentés, Produits laitiers fermentés, Fromages, Fromages de France, Fromages de chèvre, Fromages à pâte molle à croûte naturelle, Bûche de chèvre",France,96.2396430847672,23.0,on,100g,d,Sainte-Maure,20.0,,100g,1.5,16.0,1.0,"{'alcohol_100g': 0, 'beta-carotene_100g': 6.8425e-06, 'cholesterol_100g': 0.00244375, 'copper_100g': 1.2855e-05, 'fiber_100g': 0, 'fructose_100g': 0, 'galactose_100g': 0, 'glucose_100g': 0, 'iodine_100g': 3.770325e-05, 'iron_100g': 3.15e-05, 'lactose_100g': 4.819075, 'magnesium_100g': 0.011362625, 'maltose_100g': 0, 'manganese_100g': 6.27625e-06, 'pantothenic-acid_100g': 0.0003519, 'phosphorus_100g': 0.0968325, 'phylloquinone_100g': 0, 'polyols_100g': 0, 'potassium_100g': 0.15359425, 'selenium_100g': 1.6264e-06, 'starch_100g': 0, 'sucrose_100g': 0, 'vitamin-a_100g': 1.73995e-06, 'vitamin-b12_100g': 4.78975e-07, 'vitamin-b1_100g': 4.20325e-05, 'vitamin-b2_100g': 0.00017595, 'vitamin-b6_100g': 4.301e-05, 'vitamin-b9_100g': 4.78975e-06, 'vitamin-c_100g': 0.00127075, 'vitamin-d_100g': 7.33125e-08, 'vitamin-e_100g': 8.7975e-06, 'vitamin-pp_100g': 8.993e-05, 'water_100g': 88.7572025, 'zinc_100g': 0.00041121}",,,
,"Édulcorants,Sucres,Sucres cristal,Sucres blancs","France,Maroc",400.0,0.0,on,100g,e,Cosumar Sucre Granule - Granulated Sugar,0.0,,100g,0.0,0.0,100.0,,,,
Sante,peanut butters,"Germany, Morocco, Poland, Spain, en:tunisia",616.0,50.0,on,100g,c,Masło orzechowe,24.0,6.9,100g,0.73,8.8,9.0,"{'alcohol_100g': 0, 'beta-carotene_100g': 2.3e-06, 'calcium_100g': 0.05160925, 'cholesterol_100g': 0, 'copper_100g': 0.000415258, 'fructose_100g': 0.09, 'galactose_100g': 0, 'glucose_100g': 0.09, 'iodine_100g': 1.8518e-05, 'iron_100g': 0.001446915, 'lactose_100g': 0.09, 'magnesium_100g': 0.1711196, 'maltose_100g': 0.09, 'manganese_100g': 0.00126108925, 'pantothenic-acid_100g': 0.001584, 'phosphorus_100g': 0.360043, 'phylloquinone_100g': 1.4375e-06, 'polyols_100g': 0, 'potassium_100g': 0.63090365, 'selenium_100g': 2.75775e-05, 'starch_100g': 4.5, 'sucrose_100g': 11.298, 'vitamin-a_100g': 0, 'vitamin-b12_100g': 0, 'vitamin-b1_100g': 0.000387, 'vitamin-b2_100g': 2.274e-05, 'vitamin-b6_100g': 0.00036, 'vitamin-b9_100g': 8.037e-05, 'vitamin-c_100g': 0.000225, 'vitamin-d_100g': 2.6e-09, 'vitamin-e_100g': 0.0037755, 'vitamin-pp_100g': 0.00954, 'water_100g': 1.990635, 'zinc_100g': 0.00270253}",,,
Tartare,"Dairies, Fermented foods, Fermented milk products, Cheeses, Spreads, Salted spreads, Cow cheeses, Pasteurised products, Pasteurized cheeses, Cheese spreads, Flavoured uncured soft cheese spreadable with around 30-40% fat, en:cream-cheeses","France,Allemagne",333.0,32.0,on,100g,d,Fromage à tartiner Ail & Fines herbes,9.0,,100g,1.0,22.0,2.2,"{'alcohol_100g': 0, 'beta-carotene_100g': 7.7780125, 'calcium_100g': 0.14836755, 'cholesterol_100g': 0.015482, 'copper_100g': 0.000114232375, 'fiber_100g': 2.8678625, 'fructose_100g': 0.03482, 'galactose_100g': 0.0226, 'glucose_100g': 0.0344225, 'iodine_100g': 4.04952e-05, 'iron_100g': 0.0017524275, 'lactose_100g': 3.9099075, 'magnesium_100g': 0.0288452125, 'maltose_100g': 0.0089625, 'manganese_100g': 0.001512252125, 'pantothenic-acid_100g': 0.0004814475, 'phosphorus_100g': 0.09940175, 'phylloquinone_100g': 1.45126875e-05, 'polyols_100g': 0.0035, 'potassium_100g': 0.29559265, 'selenium_100g': 2.507565e-06, 'starch_100g': 1.0739425, 'sucrose_100g': 0.01982125, 'vitamin-a_100g': 3.318022e-05, 'vitamin-b12_100g': 3.7586e-07, 'vitamin-b1_100g': 4.96595e-05, 'vitamin-b2_100g': 0.00015586625, 'vitamin-b6_100g': 7.505725e-05, 'vitamin-b9_100g': 9.410075e-06, 'vitamin-c_100g': 0.0009988875, 'vitamin-d_100g': 9.39275e-08, 'vitamin-e_100g': 0.000279096, 'vitamin-pp_100g': 0.0001349605, 'water_100g': 76.740947, 'zinc_100g': 0.000450383}",,,
HACENDADO,"en:Plain low-fat yogurts,en:Plain greek-style yogurts","Spain, en:portugal",60.0,2.0,on,100g,a,Griego Ligero Natural,5.8,,,0.16,1.4,4.7,,,,
Gerblé Bio,"Snacks,Snacks sucrés,Biscuits et gâteaux,Biscuits sucrés & biscuits apéritifs,Biscuits,Biscuits à l'avoine",France,452.0,17.0,on,100g,c,"Gerblé - Organic Muesli Fig Apricot Spelt Cookie, 132g (4.7oz)",7.6,8.2,100g,0.36,1.7,16.0,,,,
HACENDADO,"Bebidas, Lácteos, Comidas fermentadas, Productos fermentados de la leche, Bebida lácteas, Bebidas fermentadas, Bebidas de leche fermentada, Kéfir","Morocco, Spain, Germany",36.0,0.52,on,100g,b,Kéfir natural,3.92,0.0,,0.0,0.0,0.0,,,,
Panzani,"Condiments, Sauces, Sauces provençales, en:Cooking Sauces",en:fr,56.0,1.8,on,100g,a,Panzani sce provencale 425g,1.5,1.3,100g,0.89,0.3,6.3,"{'alcohol_100g': 0, 'beta-carotene_100g': 0.000329, 'calcium_100g': 0.01402, 'cholesterol_100g': 0, 'copper_100g': 8.95e-05, 'fructose_100g': 1.55, 'galactose_100g': 0, 'glucose_100g': 1.47, 'iodine_100g': 1.2e-06, 'iron_100g': 0.00036, 'lactose_100g': 0, 'magnesium_100g': 0.02005, 'maltose_100g': 0.06, 'manganese_100g': 0.000113, 'pantothenic-acid_100g': 0.00023, 'phosphorus_100g': 0.03425, 'phylloquinone_100g': 6.275e-06, 'polyols_100g': 0.012, 'potassium_100g': 0.527, 'selenium_100g': 2.7e-06, 'starch_100g': 0.09, 'sucrose_100g': 0.065, 'vitamin-a_100g': 0, 'vitamin-b12_100g': 0, 'vitamin-b1_100g': 6.95e-05, 'vitamin-b2_100g': 3.45e-05, 'vitamin-b6_100g': 0.000131, 'vitamin-b9_100g': 4.735e-05, 'vitamin-c_100g': 0.01225, 'vitamin-d_100g': 0, 'vitamin-e_100g': 0.00148, 'vitamin-pp_100g': 0.000975, 'water_100g': 89.85, 'zinc_100g': 0.0001435}",,,
"Pepsi zero, PepsiCo, Pepsi, Pepsi Max","Beverages and beverages preparations, Beverages, Carbonated drinks, Artificially sweetened beverages, Sodas, Diet beverages, Colas, Diet sodas, Diet cola soft drink, بيبسي ماكس","Belgium,France,Germany,United Kingdom",0.4,0.0,on,100g,c,Pepsi Max,0.0,0.0,100ml,0.01,0.0,0.0,,,,
Kellogg's,"Alimentos e bebidas à base de plantas,Alimentos à base de plantas,Pequenos alomoços,Cereais e Batatas,Cereais e seus produtos,Cereias para pequeno-almoçco,Flocos,Flocos de cereais,en:Extruded cereals,en:Extruded flakes,Flocos de milho","Greece, Italy, Portugal, Romania, Spain, en:cyprus",383.205863607393,0.9,on,100g,d,Kelloggs corn flakes the original,7.0,3.0,,1.1,0.2,8.0,,,,
Brioche Pasquier,"Snacks, Snacks sucrés, Viennoiseries, Brioches, Brioches tranchées","Frankreich,Schweiz",334.375,10.9375,on,100g,c,Brioche tranchée,7.8125,4.6,100g,0.984375,1.875,11.875,,,,
TUC,"salty-biscuits, da:crackers",en:Morocco,483.333333333333,19.0,on,100g,e,Sour Cream & Onion,8.1,2.1,,1.9,8.7,5.2,,,,
Selection,"en:chocolat-noir-en-tablette-extra-degustation-a-70-de-cacao-minimum,Chocolat noir en tablette extra dégustation à 70% de cacao minimum","France, Italy, Morocco, Réunion, Spain, en:belgium",581.0,43.0,on,100g,e,Chocolate negro,8.9,11.0,100g,0.01,26.0,29.0,,,,
Bien,"Aliments et boissons à base de végétaux,Aliments d'origine végétale,Céréales et pommes de terre,Pains de mie,Pains de mie aux céréales, en:Packaged breads",France,309.0,8.5,on,100g,c,Pain mie sandwich bio* cereales 500g,8.8,4.4,100g,1.2,0.7,5.5,"{'alcohol_100g': 0.0062, 'beta-carotene_100g': 3.65854166666667e-06, 'calcium_100g': 0.0367368133333333, 'chloride_100g': 0.0028, 'cholesterol_100g': 4.13875e-05, 'copper_100g': 0.000248285583333333, 'fructose_100g': 0.0597066666666667, 'galactose_100g': 0, 'glucose_100g': 0.0866666666666667, 'iodine_100g': 7.79085, 'iron_100g': 0.0017003315, 'lactose_100g': 0.0585166666666667, 'magnesium_100g': 0.0679006, 'maltose_100g': 0.679723333333334, 'manganese_100g': 0.00110136723333333, 'pantothenic-acid_100g': 0.000825825, 'phosphorus_100g': 0.249132616666667, 'phylloquinone_100g': 2.64e-07, 'polyols_100g': 0, 'potassium_100g': 0.354368941666667, 'selenium_100g': 7.21304e-06, 'starch_100g': 23.9407333333333, 'sucrose_100g': 4.79170833333333, 'vitamin-a_100g': 1.241625e-06, 'vitamin-b12_100g': 4.0205e-08, 'vitamin-b1_100g': 0.00154182833333333, 'vitamin-b2_100g': 0.000126512583333333, 'vitamin-b6_100g': 0.000193966833333333, 'vitamin-b9_100g': 0.000101218458333333, 'vitamin-c_100g': 0.000191516666666667, 'vitamin-d_100g': 8.58e-08, 'vitamin-e_100g': 0.0101604526666667, 'vitamin-pp_100g': 0.00237059583333333, 'water_100g': 28.8917601666667, 'zinc_100g': 0.0020202765}",,,
Bonduelle,"Aliments et boissons à base de végétaux, Aliments d'origine végétale, Légumineuses et dérivés, Conserves, Légumineuses, Graines, Aliments à base de plantes en conserve, Graines de légumineuses, Légumineuses sèches, Pois chiches, Légumineuses en conserve, Pois chiches en conserve, en:Vegetables - Prepared/Processed (Shelf Stable)",France,119.0,2.2,on,100g,a,Pois Chiches Très peu de jus 1/2,6.0,7.7,100g,0.6,0.2,0.5,"{'alcohol_100g': 0, 'beta-carotene_100g': 8.5905e-06, 'calcium_100g': 0.033360795, 'cholesterol_100g': 0, 'fructose_100g': 0.011205, 'galactose_100g': 0, 'glucose_100g': 0.011205, 'iodine_100g': 0.000239025, 'lactose_100g': 0.011205, 'maltose_100g': 0.011205, 'pantothenic-acid_100g': 0.0002241, 'phylloquinone_100g': 2.5398e-06, 'polyols_100g': 0.18675, 'potassium_100g': 0.103075195, 'sucrose_100g': 0.32868, 'vitamin-b12_100g': 0, 'vitamin-b1_100g': 2.241e-05, 'vitamin-b2_100g': 1.1205e-05, 'vitamin-b6_100g': 0.00021663, 'vitamin-b9_100g': 2.72655e-05, 'vitamin-d_100g': 0, 'vitamin-pp_100g': 0.00010458, 'water_100g': 66.5121155}",,,
L'atelier Blini,"Plant-based foods and beverages,Plant-based foods,Condiments,Spreads,Plant-based spreads,Salted spreads,Sauces,Dips,Guacamoles",France,111.0,8.3,on,100g,a,Guacamole Extra,1.5,4.2,100g,0.94,2.3,1.1,"{'alcohol_100g': 0, 'beta-carotene_100g': 2.38304076923078e-05, 'calcium_100g': 0.0101559330769232, 'cholesterol_100g': 0.0002275, 'copper_100g': 0.000167221213461539, 'fructose_100g': 0.251308307692308, 'galactose_100g': 0.0665176923076923, 'glucose_100g': 0.234429538461539, 'iodine_100g': 1.98407846153846e-05, 'iron_100g': 0.00033, 'lactose_100g': 0.0972673076923077, 'magnesium_100g': 0.0200364165384616, 'maltose_100g': 0.0974173076923077, 'manganese_100g': 0.000198558615384618, 'pantothenic-acid_100g': 0.000989171307692308, 'phosphorus_100g': 0.0371926230769231, 'phylloquinone_100g': 1.3662825e-05, 'polyols_100g': 0.240572307692308, 'potassium_100g': 0.410351022307693, 'selenium_100g': 9.39198307692308e-06, 'starch_100g': 0.180664230769233, 'sucrose_100g': 0.127765538461539, 'vitamin-a_100g': 0, 'vitamin-b12_100g': 0, 'vitamin-b1_100g': 5.03538846153846e-05, 'vitamin-b2_100g': 3.53814230769231e-05, 'vitamin-b6_100g': 0.000163205230769231, 'vitamin-b9_100g': 6.59936907692308e-05, 'vitamin-c_100g': 0.00138095, 'vitamin-d_100g': 7.6, 'vitamin-e_100g': 0.00206176503846154, 'vitamin-pp_100g': 0.00145185565384615, 'water_100g': 70.4223992846154, 'zinc_100g': 0.000404193446153846}",,,
bio village,"Produits laitiers, Laits, Laits homogénéisés, Laits demi-écrémés, Laits UHT, Laits de vache, Laits demi-écrémés biologiques",France,46.0,1.5,on,100g,b,lait demi-écrémé,3.3,0.0,100ml,0.11,1.0,4.8,"{'alcohol_100g': 0.0, 'beta-carotene_100g': 9.45e-06, 'cholesterol_100g': 0.0057, 'copper_100g': 8.7e-06, 'fructose_100g': 0.05, 'galactose_100g': 0.05, 'glucose_100g': 0.05, 'iodine_100g': 1.21e-05, 'iron_100g': 4.5e-05, 'lactose_100g': 4.66, 'magnesium_100g': 0.0121, 'maltose_100g': 0.05, 'manganese_100g': 3.1e-06, 'pantothenic-acid_100g': 0.00041, 'phosphorus_100g': 0.0891, 'phylloquinone_100g': 2e-07, 'polyols_100g': 0.0, 'potassium_100g': 0.167, 'selenium_100g': 5e-06, 'starch_100g': 0.0, 'sucrose_100g': 0.05, 'vitamin-a_100g': 1.92e-05, 'vitamin-b12_100g': 3.8e-07, 'vitamin-b1_100g': 6e-05, 'vitamin-b2_100g': 0.00018, 'vitamin-b6_100g': 3.7e-05, 'vitamin-b9_100g': 9.49e-06, 'vitamin-c_100g': 0.0015, 'vitamin-d_100g': 2.5e-07, 'vitamin-e_100g': 0.00013, 'vitamin-pp_100g': 9.3e-05, 'water_100g': 89.4, 'zinc_100g': 0.00039}",,,
Flash,"Snacks,Sweet snacks,Confectioneries,Chewing gum,Chewing gum with sugar","France, en:morocco",350.0,2.1,on,100g,not-applicable,Flash Wondermint Gum,4.1,1.8,100g,,0.5,59.0,,,,
Barilla,"Cibi e bevande a base vegetale, Cibi a base vegetale, Cereali e patate, Cereali e i loro prodotti, Pasta, Paste alimentari di cereali, Pasta secca, Pasta di grano duro, en:Dry durum wheat pasta, Penne, Penne Rigate","Austria, Croatia, France, Germany, Switzerland, en:italy",359.0,2.0,on,100g,a,Penne Rigate,13.0,3.0,100g,0.01,0.5,3.5,"{'alcohol_100g': 0, 'beta-carotene_100g': 0, 'calcium_100g': 0.0144575, 'cholesterol_100g': 0, 'fructose_100g': 0, 'galactose_100g': 0, 'glucose_100g': 0, 'iodine_100g': 0, 'lactose_100g': 0, 'maltose_100g': 0, 'pantothenic-acid_100g': 0, 'phylloquinone_100g': 0, 'polyols_100g': 0, 'potassium_100g': 0.1141825, 'sucrose_100g': 0, 'vitamin-b12_100g': 0, 'vitamin-b1_100g': 0, 'vitamin-b2_100g': 0, 'vitamin-b6_100g': 7.05e-05, 'vitamin-b9_100g': 0, 'vitamin-d_100g': 0, 'vitamin-pp_100g': 0, 'water_100g': 34.075}",,,
Heinz,"Condiments,Matières grasses,Sauces,Mayonnaises,en:groceries","France,Allemagne,Maroc",644.0,70.0,on,100g,c,Mayonnaise American Style,0.8,,100g,1.0,6.7,1.5,,,,
nutella,"Koek, snoep, chocolade, Koek, Koekjes met chocolade",Belgium,515.0,24.8,on,100g,e,biscuits,7.9,,100g,0.559,11.5,35.8,,,,
Aiguebelle,"Chocolats,Chocolats édulcorés,Chocolats noirs,Chocolats noirs aux édulcorants,Chocolat noir en tablette sans sucres ajoutés avec édulcorants",en:ma,541.0,45.5,on,100g,d,Tentation,7.0,,100g,0.01,27.3,0.2,,,,
Ocean Spray,"Aliments et boissons à base de végétaux, Boissons, Surgelés, Boissons à base de végétaux, Boissons aux fruits, Boissons à la canneberge, Boissons avec sucre ajouté","France, en:belgium",39.0,0.0,on,100g,e,PET 1L OCEAN SPRAY CLASS,0.0,0.0,100ml,0.0,0.0,9.3,,,,
Heinz,"Smaakmakers, Sauzen, Tomatensauzen, Tomato frito sauzen, en:tom","Morocco,Netherlands,Belgium",73.0,3.5,on,100g,a,Tomato Frito,1.1,,100g,0.91,0.4,6.0,"{'alcohol_100g': 0, 'beta-carotene_100g': 0.00041642505, 'calcium_100g': 0.0078201305, 'cholesterol_100g': 0, 'copper_100g': 2.914455e-05, 'fiber_100g': 1.12156, 'fructose_100g': 1.29843, 'galactose_100g': 0, 'glucose_100g': 1.001646, 'iodine_100g': 2.0238555, 'iron_100g': 0.00011982225, 'lactose_100g': 0, 'magnesium_100g': 0.00946694875, 'maltose_100g': 0, 'manganese_100g': 6.832255e-05, 'pantothenic-acid_100g': 0.0001947645, 'phosphorus_100g': 0.02535977, 'phylloquinone_100g': 7.326855e-06, 'polyols_100g': 0.01205685, 'potassium_100g': 0.2378818975, 'selenium_100g': 4.7578075e-06, 'starch_100g': 0.937425, 'sucrose_100g': 1.6966, 'vitamin-a_100g': 0, 'vitamin-b12_100g': 0, 'vitamin-b1_100g': 3.617055e-05, 'vitamin-b2_100g': 1.803075e-05, 'vitamin-b6_100g': 7.6104775e-05, 'vitamin-b9_100g': 2.106389e-05, 'vitamin-c_100g': 0.014375475, 'vitamin-d_100g': 0, 'vitamin-e_100g': 0.000612117, 'vitamin-pp_100g': 0.00060316575, 'water_100g': 87.376002425, 'zinc_100g': 8.499335e-05}",,,
"Lactalis, Président","Produits laitiers,Produits fermentés,Produits laitiers fermentés,Fromages,Fromages de vache,Frais,Fromages en tranches,Fromages fondus,Fromages fondus à l'emmental et au cheddar",France,231.0,17.0,on,100g,e,PRESIDENT BURGER CHEDDAR EMMENTAL 12 TRANCHES 200g,13.5,,100g,2.36,12.0,4.5,,,,
Danone,"Dairies, Fermented foods, Fermented milk products, Cheeses, Spreads, Salted spreads, Cheese spreads, Cottage cheeses, en:fresh-cheeses",fr,87.7777777777778,3.72222222222222,on,100g,b,Cottage cheese,12.0,,,0.759722222222222,2.38888888888889,1.61111111111111,"{'alcohol_100g': 0, 'beta-carotene_100g': 6.904275e-06, 'calcium_100g': 0.12140891375, 'cholesterol_100g': 0.0024658125, 'copper_100g': 1.2861525e-05, 'fiber_100g': 0, 'fructose_100g': 0, 'galactose_100g': 0, 'glucose_100g': 0, 'iodine_100g': 3.66854475e-05, 'iron_100g': 3.1572625e-05, 'lactose_100g': 4.86258225, 'magnesium_100g': 0.011462908125, 'maltose_100g': 0, 'manganese_100g': 6.2452875e-06, 'pantothenic-acid_100g': 0.000355077, 'phosphorus_100g': 0.097700875, 'phylloquinone_100g': 0, 'polyols_100g': 0, 'potassium_100g': 0.15496857875, 'selenium_100g': 1.64071825e-06, 'sucrose_100g': 0, 'vitamin-a_100g': 1.7556585e-06, 'vitamin-b12_100g': 4.8329925e-07, 'vitamin-b1_100g': 4.2411975e-05, 'vitamin-b2_100g': 0.0001775385, 'vitamin-b6_100g': 4.33983e-05, 'vitamin-b9_100g': 4.8329925e-06, 'vitamin-c_100g': 0.0012822225, 'vitamin-d_100g': 7.3974375e-08, 'vitamin-e_100g': 8.876925e-06, 'vitamin-pp_100g': 9.07419e-05, 'water_100g': 89.5584946125, 'zinc_100g': 0.0004148582}",,,
Mars,Barres chocolatées au caramel,"Belgium, France, Germany, Italy, Morocco, Spain, en:turkey",443.0,15.88235,on,100g,e,Mars,4.5098,,,0.670875,7.45098,61.8,"{'alcohol_100g': 0, 'beta-carotene_100g': 5.072265625, 'fiber_100g': 0.0268880208333319, 'fructose_100g': 0.000324479166666662, 'galactose_100g': 0.000233333333333333, 'glucose_100g': 0.000324479166666662, 'iodine_100g': 1.65424479166658e-06, 'lactose_100g': 6.19509114583333, 'maltose_100g': 0.000324479166666662, 'pantothenic-acid_100g': 0.000409098958333333, 'phosphorus_100g': 0.113338385416667, 'phylloquinone_100g': 6.58984375, 'polyols_100g': 0.000227864583333321, 'starch_100g': 0.00774739583333293, 'sucrose_100g': 76.5143869791667, 'vitamin-b12_100g': 4.69018229166667e-07, 'vitamin-b1_100g': 5.02377604166667e-05, 'vitamin-b2_100g': 0.00018968515625, 'vitamin-b6_100g': 4.90063802083333e-05, 'vitamin-b9_100g': 4.23919270833333e-06, 'vitamin-c_100g': 0.00071189453125, 'vitamin-d_100g': 9.76536458333315e-09, 'vitamin-pp_100g': 0.0001072203125, 'water_100g': 0.36398271484375}",,,
Cerave,produits pour la peau,Marruecos,,,,,unknown,Hydrating cleanser,,,,,,,,,,
St Michel,"Snacks, Desserts, Snacks sucrés, Biscuits et gâteaux, Gâteaux, Madeleines, Madeleines natures","France, en:reunion",441.0,22.0,on,100g,d,Petites Madeleines,5.8,1.1,100g,0.72,2.3,23.0,,,,
"U, U Bio","Plant-based foods and beverages,Beverages,Plant-based foods,Cereals and potatoes,Dairy substitutes,Cereals and their products,Milk substitutes,Plant-based beverages,Plant-based milk alternatives,Cereal-based drinks,Unsweetened beverages,Oat-based drinks",France,43.0,1.2,on,100g,c,Boisson avoine - 1L,0.5,0.8,100g,0.08,0.2,5.0,"{'alcohol_100g': 0, 'beta-carotene_100g': 6.925, 'calcium_100g': 0.016630168, 'chloride_100g': 0.0077, 'cholesterol_100g': 0, 'copper_100g': 8.77817e-05, 'fructose_100g': 0, 'galactose_100g': 0, 'glucose_100g': 0, 'iodine_100g': 2.7423e-05, 'iron_100g': 0.0005529635, 'lactose_100g': 0, 'magnesium_100g': 0.0320417465, 'maltose_100g': 0, 'manganese_100g': 0.000545346872, 'pantothenic-acid_100g': 0, 'phosphorus_100g': 0.057755755, 'phylloquinone_100g': 1.108e-08, 'polyols_100g': 0, 'potassium_100g': 0.050656513, 'selenium_100g': 7.0815e-07, 'starch_100g': 5.786, 'sucrose_100g': 0, 'vitamin-a_100g': 0, 'vitamin-b12_100g': 0, 'vitamin-b1_100g': 0, 'vitamin-b2_100g': 0, 'vitamin-b6_100g': 1.32e-05, 'vitamin-b9_100g': 0, 'vitamin-c_100g': 0, 'vitamin-d_100g': 3.601, 'vitamin-e_100g': 0.00170711, 'vitamin-pp_100g': 0, 'water_100g': 84.4684905, 'zinc_100g': 0.0004490107}",,,
S Môret,"Produits laitiers, Produits fermentés, Produits laitiers fermentés, Produits à tartiner, Fromages, Produits à tartiner salés, Fromages à tartiner, Fromage-allege",France,765.0,8.0,on,100g,c,St Moret Ligne & Plaisir 8%  Minis,10.0,,,1.0,5.5,5.0,,,,
Van Houten,"Cacao et dérivés,Cacaos et chocolats en poudre,Cacaos en poudre",France,302.0,11.0,on,100g,unknown,Cacao non sucré Le Bio,23.0,32.0,100g,0.08,6.4,0.7,,,,
"Alvalle, Pepsico","plant-based-foods-and-beverages,plant-based-foods,fruits-and-vegetables-based-foods,meals,soups,refrigerated-foods,vegetable-soups,cold-soups,refrigerated-meals,gazpacho,refrigerated-soups,refrigerated-vegetable-soups,salmorejo,Salmorejos","France,Espagne,Suisse",75.0,4.9,on,100g,b,Gazpacho salmorejo,1.1,1.1,100ml,0.63,0.7,2.8,"{'alcohol_100g': 0.00133, 'beta-carotene_100g': 0.0003299278, 'calcium_100g': 0.00799269875, 'cholesterol_100g': 0.0, 'copper_100g': 2.491555e-05, 'fructose_100g': 1.0875875, 'galactose_100g': 0.0, 'glucose_100g': 0.8530075, 'iodine_100g': 6.939075e-06, 'iron_100g': 9.951534, 'lactose_100g': 0.012065, 'magnesium_100g': 0.00788358875, 'maltose_100g': 0.012205, 'manganese_100g': 5.40048875e-05, 'pantothenic-acid_100g': 0.0001576685, 'phosphorus_100g': 0.020832075, 'phylloquinone_100g': 8.421587e-06, 'polyols_100g': 0.043086, 'potassium_100g': 0.18979159875, 'selenium_100g': 4.3704775e-06, 'starch_100g': 0.0255385, 'sucrose_100g': 0.059585, 'vitamin-a_100g': 0.0, 'vitamin-b12_100g': 0.0, 'vitamin-b1_100g': 2.92857e-05, 'vitamin-b2_100g': 1.680825e-05, 'vitamin-b6_100g': 7.11204, 'vitamin-b9_100g': 1.8714035e-05, 'vitamin-c_100g': 0.013682925, 'vitamin-d_100g': 6.565, 'vitamin-e_100g': 0.00158211625, 'vitamin-pp_100g': 0.0004532755, 'water_100g': 86.00398505, 'zinc_100g': 7.7870575e-05}",,,
Guedila,"Boissons,Eaux,Eaux de sources,Eaux minérales,Eaux minérales naturelles,Eau minérale naturelle non gazeuse",Algérie,0.0,0.0,on,100g,a,Guedila,0.0,0.0,100ml,0.00725,0.0,0.0,,,,
Coca-Cola,"Bevande, Bevande effervescente, Bevande artificialmente zuccherate, Bibite gassate, Bevande dietetiche, Cola, Bibite gassate dietetiche, Cole dietetiche","France, Italy, Switzerland, en:morocco",0.2,0.0,on,100g,c,Coca cola zero,0.0,,,0.02,0.0,0.0,,,,
"Bio+, Maggi","Produits déshydratés, Produits lyophilisés à reconstituer, Bouillons, Bouillons déshydratés, Bouillons cubes, Bouillons de volaille, en:groceries, Condiments, en:Tenderisers",France,,,,100ml,c,MAGGI Bouillon KUB BIO Volaille 80g,,,100g,,,,,,on,
Pierre Martinet,"Aliments et boissons à base de végétaux,Aliments d'origine végétale,Céréales et pommes de terre,Graines,Céréales et dérivés,Plats préparés,Céréales en grains,Quinoa,Plats à base de quinoa",France,217.0,10.0,on,100g,b,"Quinoa croquant, amandes et noisettes",7.2,4.5,,0.68,0.9,4.5,,,,
Gervais,"Produits laitiers, Produits fermentés, Desserts, Produits laitiers fermentés, Fromages, Desserts lactés, Fromages à la crème",en:ma,255.0,23.0,on,100g,d,Gervais fromage à la créme,6.0,,100g,0.6,15.6,0.0,,,,
FLORA,"Plant-based foods and beverages, Plant-based foods, Fats, Spreads, Plant-based spreads, Spreadable fats, Vegetable fats, Margarines, en:salted-spreads",United Kingdom,677.0,75.0,on,100g,e,BUTTERY,0.5,,,1.2775,28.0,0.5,,,,
MARRAKECH,Boissons plates aux fruits sucrées avec 10 à 50% de jus,Maroc,32.0,0.0,on,100g,e,frut,0.0,,100ml,0.00025,0.0,6.9,,,,
Vrai,"Produits laitiers,Produits fermentés,Produits laitiers fermentés,Desserts,Desserts lactés,Desserts lactés fermentés,Yaourts,Desserts lactés fermentés nature,Réfrigérés,Yaourts natures",France,50.0,1.9,on,100g,b,Yaourt nature 4 x 125 g,3.9,,100g,0.1,1.3,4.3,,,,
müller,"Beverages and beverages preparations,Beverages,Dairies,Fermented foods,Fermented milk products,Dairy drinks,Fermented drinks,Fermented milk drinks,Kefir",Germany,46.0,1.5,on,100g,b,Kefir - Pur,3.4,,,0.12,1.0,4.1,,,,
Ben & Jerry's,"Desserts,Frozen foods,Frozen desserts,Ice creams and sorbets,Ice creams,Ice cream tubs,Luxury ice cream in a cup","Austria,Belgium,Bulgaria,Finland,France,Germany,Lithuania,Spain,United Kingdom",273.0,15.0,on,100g,d,Cookie Dough Vanilla Ice Cream with Chunks of Chocolate Chip Cookie Dough,4.1,0.5,100g,0.17,8.0,25.0,,,,
Hacendado,"Alimentos y bebidas de origen vegetal,Alimentos de origen vegetal,Desayunos,Cereales y patatas,Cereales y derivados,Cereales para el desayuno,Muesli","Spain, en:portugal",477.0,22.7,on,100g,a,Granola baja en azúcares,13.6,8.5,100g,0.02,3.5,4.7,,,,
"Biscuiterie De L'Abbaye, Lidl, Sondey","Snacks,Sweet snacks,Biscuits and cakes,Biscuits",France,481.0,21.0,on,100g,d,Organic Sesame Biscuits,9.6,4.7,100g,0.5,2.3,20.0,"{'alcohol_100g': 0.08225, 'beta-carotene_100g': 3.78625e-06, 'calcium_100g': 0.1645917, 'cholesterol_100g': 0.0002275, 'copper_100g': 0.0003791225, 'fructose_100g': 0.061672, 'galactose_100g': 3.5e-05, 'glucose_100g': 0.061945, 'iodine_100g': 9.334e-06, 'iron_100g': 0.0032629475, 'lactose_100g': 0.99025, 'magnesium_100g': 0.0900214375, 'maltose_100g': 0.635072, 'manganese_100g': 0.001507004, 'pantothenic-acid_100g': 0.00036055, 'phosphorus_100g': 0.229834125, 'phylloquinone_100g': 2.5675e-07, 'polyols_100g': 0, 'potassium_100g': 0.264139125, 'selenium_100g': 1.107375e-05, 'starch_100g': 36.225, 'sucrose_100g': 20.837035, 'vitamin-a_100g': 1.70625e-07, 'vitamin-b12_100g': 7.035e-08, 'vitamin-b1_100g': 0.000268825, 'vitamin-b2_100g': 6.5695e-05, 'vitamin-b6_100g': 0.0001771975, 'vitamin-b9_100g': 2.890825e-05, 'vitamin-c_100g': 0.00025925, 'vitamin-d_100g': 8.319e-08, 'vitamin-e_100g': 0.0020906225, 'vitamin-pp_100g': 0.000634025, 'water_100g': 8.2564125, 'zinc_100g': 0.0019885825}",,,
Fleury Michon,"Viandes et dérivés, Viandes, Charcuteries, en:Specific products, Porc et dérivés, en:Products for specific diets, Porc, Charcuteries cuites, Produits à teneur réduite en sel, Rôtis de porc, Charcuteries à teneur réduite en sel","France,en:france",122.0,2.5,on,100g,c,Rôti de Porc - 25% de sel*,24.0,,100g,1.4,0.9,0.9,"{'alcohol_100g': 0, 'beta-carotene_100g': 6.08e-07, 'calcium_100g': 0.006820545, 'cholesterol_100g': 0.0617175, 'copper_100g': 9.478025e-05, 'fiber_100g': 0.0257, 'fructose_100g': 0.00023, 'galactose_100g': 0.00015, 'glucose_100g': 0.00024, 'iodine_100g': 1.396165e-05, 'iron_100g': 0.0009263485, 'lactose_100g': 0, 'magnesium_100g': 0.0266452, 'maltose_100g': 0, 'manganese_100g': 2.958465e-05, 'pantothenic-acid_100g': 1.82e-06, 'phosphorus_100g': 0.231305, 'phylloquinone_100g': 1.44e-07, 'polyols_100g': 0, 'potassium_100g': 0.407401, 'selenium_100g': 4.125e-08, 'starch_100g': 0.0106, 'sucrose_100g': 0.54892, 'vitamin-a_100g': 0, 'vitamin-b12_100g': 0, 'vitamin-b1_100g': 1.2e-07, 'vitamin-b2_100g': 1.095e-07, 'vitamin-b6_100g': 0.00056573, 'vitamin-b9_100g': 2.18e-08, 'vitamin-c_100g': 2.5e-07, 'vitamin-d_100g': 1.3e-10, 'vitamin-e_100g': 0.00015793, 'vitamin-pp_100g': 4.6e-07, 'water_100g': 72.5501375, 'zinc_100g': 0.00246851}",,,
Tipiak,"Plant-based foods and beverages,Plant-based foods,Cereals and potatoes,Cereals and their products,Cereal semolinas,Wheat semolinas,Durum wheat semolinas,Durum wheat semolinas for couscous",France,,,,100g,a,Couscous parfumé aux épices douces,,,,,,,,,on,
Tipiak,"Aliments et boissons à base de végétaux, Aliments d'origine végétale, Céréales et pommes de terre, Pains, Chapelure, Chapelure de blé, en:groceries","France,Luxembourg",360.0,1.6,on,100g,c,Chapelure dorée,9.5,4.5,,1.18,0.4,4.3,"{'alcohol_100g': 0, 'beta-carotene_100g': 4.92625e-06, 'calcium_100g': 0.02736757, 'cholesterol_100g': 2.065e-06, 'copper_100g': 0.00027823, 'fructose_100g': 0.09882, 'galactose_100g': 0, 'glucose_100g': 0.1, 'iodine_100g': 2.0856e-05, 'iron_100g': 0.002186961, 'lactose_100g': 0.09882, 'magnesium_100g': 0.072611485, 'maltose_100g': 1.034572, 'manganese_100g': 0.002167019, 'pantothenic-acid_100g': 0.00050183, 'phosphorus_100g': 0.2226432, 'phylloquinone_100g': 3.9528e-07, 'polyols_100g': 0, 'potassium_100g': 0.28517371, 'selenium_100g': 9.88495e-06, 'starch_100g': 58.27222, 'sucrose_100g': 0.550678, 'vitamin-a_100g': 6.195e-08, 'vitamin-b12_100g': 2.006e-09, 'vitamin-b1_100g': 0.000323838, 'vitamin-b2_100g': 1.08115e-05, 'vitamin-b6_100g': 0.000113245, 'vitamin-b9_100g': 2.935741e-05, 'vitamin-c_100g': 0.00024705, 'vitamin-d_100g': 1.28466e-07, 'vitamin-e_100g': 0.0007765952, 'vitamin-pp_100g': 0.000158265, 'water_100g': 12.2101793, 'zinc_100g': 0.0019164492}",,,
Bonne Maman,"Snacks,Desserts,Sweet snacks,Biscuits and cakes,Biscuits,Cakes,Chocolate cakes,Madeleines,Chocolate madeleines",France,462.0,27.0,on,100g,e,La Madeleine chocolat au lait,6.1,1.3,100g,0.66,16.0,33.0,"{'alcohol_100g': 0, 'beta-carotene_100g': 4.4228e-05, 'calcium_100g': 0.0603207625, 'cholesterol_100g': 0.127496, 'copper_100g': 0.00012513625, 'fructose_100g': 0.0545, 'galactose_100g': 0.02, 'glucose_100g': 0.089675, 'iodine_100g': 1.286225e-05, 'iron_100g': 0.00140680625, 'lactose_100g': 1.9482, 'magnesium_100g': 0.02825221875, 'maltose_100g': 0.25225, 'manganese_100g': 0.0005292585, 'pantothenic-acid_100g': 0.000612175, 'phosphorus_100g': 0.1266875, 'phylloquinone_100g': 2.7572e-06, 'polyols_100g': 0, 'potassium_100g': 0.1756655625, 'selenium_100g': 6.1825125e-06, 'starch_100g': 12.8475, 'sucrose_100g': 27.38125, 'vitamin-a_100g': 0.000201176, 'vitamin-b12_100g': 3.882e-07, 'vitamin-b1_100g': 7.7775e-05, 'vitamin-b2_100g': 0.00013772, 'vitamin-b6_100g': 6.18e-05, 'vitamin-b9_100g': 1.53515e-05, 'vitamin-c_100g': 0.0003053, 'vitamin-d_100g': 8.745e-07, 'vitamin-e_100g': 0.0010612, 'vitamin-pp_100g': 7.643e-05, 'water_100g': 20.192141875, 'zinc_100g': 0.0007883}",,,
BjORG,"Aliments et boissons à base de végétaux, Aliments d'origine végétale, Céréales et pommes de terre, Céréales et dérivés, Galettes de céréales soufflées, Galettes de riz soufflé, Galettes de riz complet soufflé","Belgium,France,Luxembourg,Switzerland",390.0,5.6,on,100g,b,Galettes riz sésame,9.2,3.9,,0.275,0.8,0.6,"{'alcohol_100g': 0, 'beta-carotene_100g': 2.4e-07, 'calcium_100g': 0.0775526, 'cholesterol_100g': 0, 'copper_100g': 0.00025664, 'fructose_100g': 0.0952352, 'galactose_100g': 0, 'glucose_100g': 0.095336, 'iodine_100g': 3.84, 'iron_100g': 0.00219288, 'lactose_100g': 0.095, 'magnesium_100g': 0.0452933, 'maltose_100g': 0.0952352, 'manganese_100g': 0.001, 'pantothenic-acid_100g': 2.4e-06, 'phosphorus_100g': 0.141156, 'phylloquinone_100g': 0, 'polyols_100g': 0, 'potassium_100g': 0.1374478, 'selenium_100g': 1.273e-06, 'starch_100g': 73.9292, 'sucrose_100g': 0.16544, 'vitamin-a_100g': 0, 'vitamin-b12_100g': 0, 'vitamin-b1_100g': 3.792e-05, 'vitamin-b2_100g': 1.2e-05, 'vitamin-b6_100g': 0.00016142, 'vitamin-b9_100g': 4.656e-06, 'vitamin-c_100g': 0, 'vitamin-d_100g': 0, 'vitamin-e_100g': 8.8e-05, 'vitamin-pp_100g': 0.00021696, 'water_100g': 12.042094, 'zinc_100g': 0.001615196}",,,
Pâturages,"Produits laitiers,Laits,Laits homogénéisés,Laits demi-écrémés,Laits UHT,Autres produits","Belgique,France,Suisse",46.0,1.6,on,100g,b,Lait uht 1/2 ecreme bio bt 1l,3.3,0.0,100ml,0.1,1.1,4.8,"{'alcohol_100g': 0.0, 'beta-carotene_100g': 7e-06, 'cholesterol_100g': 0.0025, 'copper_100g': 1.2e-05, 'fructose_100g': 0.0, 'galactose_100g': 0.0, 'glucose_100g': 0.0, 'iodine_100g': 2.43e-05, 'iron_100g': 3e-05, 'lactose_100g': 4.93, 'magnesium_100g': 0.0116, 'maltose_100g': 0.0, 'manganese_100g': 5.5e-06, 'pantothenic-acid_100g': 0.00036, 'phosphorus_100g': 0.099, 'phylloquinone_100g': 0.0, 'polyols_100g': 0.0, 'potassium_100g': 0.157, 'selenium_100g': 1.66e-06, 'starch_100g': 0.0, 'sucrose_100g': 0.0, 'vitamin-a_100g': 1.78e-06, 'vitamin-b12_100g': 4.9e-07, 'vitamin-b1_100g': 4.3e-05, 'vitamin-b2_100g': 0.00018, 'vitamin-b6_100g': 4.4e-05, 'vitamin-b9_100g': 4.9e-06, 'vitamin-c_100g': 0.0013, 'vitamin-d_100g': 7.5e-08, 'vitamin-e_100g': 9e-06, 'vitamin-pp_100g': 9.2e-05, 'water_100g': 90.8, 'zinc_100g': 0.00042}",,,
Alpina Savoie,"Aliments et boissons à base de végétaux,Aliments d'origine végétale,Pâtes alimentaires,Crozets,Crozets de Savoie",France,365.0,3.0,on,100g,a,Les Crozets au Sarrasin,13.0,3.5,100g,0.25,0.8,2.5,,,,
Saint jean,"Plats préparés, Frais, Plats préparés frais, Quenelles, Quenelles nature, Quenelles natures ∣ nature-quenelle",France,216.0,15.0,on,100g,c,Suprêmes soufflés Nature 4x120g,5.8,,100g,0.94,2.3,0.0,"{'alcohol_100g': 0, 'beta-carotene_100g': 9.5e-07, 'calcium_100g': 0.032880125, 'cholesterol_100g': 0.13134, 'copper_100g': 7.797276e-05, 'fiber_100g': 1.292, 'fructose_100g': 0.04375, 'galactose_100g': 0, 'glucose_100g': 0.1081, 'iodine_100g': 1.7572e-05, 'iron_100g': 0.0010523529, 'lactose_100g': 0.019, 'magnesium_100g': 0.017857436, 'maltose_100g': 0.22235, 'manganese_100g': 0.000427836967, 'pantothenic-acid_100g': 0.0006093, 'phosphorus_100g': 0.1091576, 'phylloquinone_100g': 1.124789e-05, 'polyols_100g': 0, 'potassium_100g': 0.097782541, 'selenium_100g': 3.25485e-06, 'starch_100g': 11.267, 'sucrose_100g': 0.13115, 'vitamin-a_100g': 6.006e-05, 'vitamin-b12_100g': 4.785e-07, 'vitamin-b1_100g': 6.755e-05, 'vitamin-b2_100g': 0.00014945, 'vitamin-b6_100g': 7.04e-05, 'vitamin-b9_100g': 1.6103e-05, 'vitamin-c_100g': 4.75e-05, 'vitamin-d_100g': 6.451e-07, 'vitamin-e_100g': 0.00492381, 'vitamin-pp_100g': 3.029e-05, 'water_100g': 57.5951269, 'zinc_100g': 0.000702058}",,,
Daco Bello,"Aliments et boissons à base de végétaux,Aliments d'origine végétale,Aliments à base de fruits et de légumes,Snacks,Snacks salés,Amuse-gueules,Fruits et produits dérivés,Produits déshydratés,Aliments à base de plantes séchées,Fruits secs,Mélanges de fruits secs,Mélanges de fruits secs et de fruits à coque",France,465.0,27.0,on,100g,c,Formule boost,21.0,7.3,100g,0.02,3.0,28.0,"{'alcohol_100g': 0, 'beta-carotene_100g': 9.975e-05, 'calcium_100g': 0.072921875, 'cholesterol_100g': 0, 'fructose_100g': 0.478125, 'galactose_100g': 0, 'glucose_100g': 2.1184375, 'iodine_100g': 3.421875e-07, 'lactose_100g': 0, 'maltose_100g': 0.013125, 'pantothenic-acid_100g': 0.0002325, 'phylloquinone_100g': 3.290625e-06, 'polyols_100g': 0.25, 'potassium_100g': 0.47903125, 'sucrose_100g': 1.643125, 'vitamin-b12_100g': 0, 'vitamin-b1_100g': 2.79375e-05, 'vitamin-b2_100g': 8.71875e-05, 'vitamin-b6_100g': 0.0001340625, 'vitamin-b9_100g': 8.40625e-06, 'vitamin-d_100g': 0, 'vitamin-pp_100g': 0.0005615625, 'water_100g': 64.7828125}",,,
Ethiquable,"Cacao et dérivés,Chocolats,Chocolats noirs,Chocolat noir en tablette extra dégustation à 70% de cacao minimum,Chocolat noir",France,592.0,46.0,on,100g,d,Chocolat noir 74% Côte d'Ivoire,8.2,15.0,100g,0.14,28.0,24.0,,,,
,"Beverages and beverages preparations, Beverages, Waters, Spring waters, Mineral waters, en:non-carbonated-natural-mineral-waters","France,Maroc",0.0,0.0,on,100g,a,Ain soltane 50cl,0.0,,100g,0.004,0.0,0.0,,,,
Gullón,"Lanches comida,Lanches doces,Biscoitos e Bolos,en:Biscuits and crackers,Biscoitos,en:Oatmeal cookies","France, Italy, Morocco, Spain, Tunisia, en:portugal",462.0,18.0,on,100g,d,Digestive Muesli,7.5,7.0,100g,0.7,2.0,21.0,,,,
La Carloteña,"Meats and their products, Meats, Prepared meats, Chicken and its products, Poultries, Chickens, en:cooked-poultries",España,100.0,2.0,on,100g,a,Pechuguita de Pollo,26.8,,,0.004,0.6,0.4,,,,
miel el Aâssal,"Miels,Miels d'eucalyptus","Maroc,en:morocco",,,on,100g,unknown,miel,,,100g,,,,,,,
كوسومار,"en:Sweeteners, en:Sugars, en:Cane sugar",en:morocco,400.0,0.0,on,100g,e,enmer,0.0,,100g,0.0,0.0,100.0,,,,
Brioche Pasquier,"Aliments et boissons à base de végétaux,Aliments d'origine végétale,Céréales et pommes de terre,Pains,Pains grillés,Pains de campagne",France,398.0,6.2,on,100g,c,Pain grillé,12.0,7.3,,1.3,0.9,4.9,,,,
"Carrefour BIO,Carrefour","Plant-based foods and beverages,Plant-based foods,Breakfasts,Cereals and potatoes,Cereals and their products,Breakfast cereals,Flakes,Cereal flakes,Rolled flakes,Rolled oats","Belgium,France,Italy,Kenya,Morocco,Réunion,Spain,Switzerland",372.0,7.0,on,100g,a,Flocons d'avoine,14.0,10.0,100g,0.01,1.3,0.7,"{'alcohol_100g': 0, 'beta-carotene_100g': 0, 'calcium_100g': 0.0843, 'cholesterol_100g': 0, 'copper_100g': 0.0003, 'fructose_100g': 0, 'galactose_100g': 0, 'glucose_100g': 0, 'iodine_100g': 5e-07, 'iron_100g': 0.00405, 'lactose_100g': 0, 'magnesium_100g': 0.148, 'maltose_100g': 0, 'manganese_100g': 0.00472, 'pantothenic-acid_100g': 0.00131, 'phosphorus_100g': 0.422, 'phylloquinone_100g': 2e-06, 'polyols_100g': 0, 'potassium_100g': 0.377, 'selenium_100g': 3.05e-06, 'starch_100g': 56.9, 'sucrose_100g': 0.97, 'vitamin-a_100g': 0, 'vitamin-b12_100g': 0, 'vitamin-b1_100g': 0.00043, 'vitamin-b2_100g': 0.00014, 'vitamin-b6_100g': 0.00012, 'vitamin-b9_100g': 3.96e-05, 'vitamin-c_100g': 0, 'vitamin-d_100g': 0, 'vitamin-e_100g': 0.00059, 'vitamin-pp_100g': 0.00096, 'water_100g': 10.1, 'zinc_100g': 0.00333}",,,
Lotus,"Snacks, Snacks sucrés, Biscuits et gâteaux, Biscuits, Spéculoos, Biscuits sucrés & biscuits apéritifs, en:Biscuits/Cookies (Shelf Stable)",France,484.0,19.0,on,100g,e,LOTUS BISCOFF Speculoos Original Pocket - 186g (12x2p),4.9,1.3,100g,0.92,8.0,38.1,,,,
CHERGUI,Crèmes fraîches,"France,Maroc",,,on,100g,d,قشدة طرية,,,100g,,,,"{'alcohol_100g': 0, 'beta-carotene_100g': 7.81e-05, 'calcium_100g': 0.0822, 'carbohydrates_100g': 2.87, 'cholesterol_100g': 0.0906, 'copper_100g': 7.5e-06, 'energy-kcal_100g': 269, 'energy-kj_100g': 1110, 'energy_100g': 1110, 'fat_100g': 26, 'fiber_100g': 1.39, 'fructose_100g': 0.05, 'galactose_100g': 0.05, 'glucose_100g': 0.05, 'iodine_100g': 1.06e-05, 'iron_100g': 9.8e-05, 'lactose_100g': 2.65, 'magnesium_100g': 0.00813, 'maltose_100g': 0.05, 'manganese_100g': 3.1e-06, 'pantothenic-acid_100g': 0.00025, 'phosphorus_100g': 0.0662, 'phylloquinone_100g': 4.7e-07, 'polyols_100g': 0, 'potassium_100g': 0.105, 'proteins_100g': 2.88, 'salt_100g': 0.08, 'saturated-fat_100g': 17.8, 'selenium_100g': 1.18e-06, 'sodium_100g': 0.0319, 'starch_100g': 0.058, 'sucrose_100g': 0.053, 'sugars_100g': 2.77, 'vitamin-a_100g': 0.000211, 'vitamin-b12_100g': 1.8e-07, 'vitamin-b1_100g': 2.8e-05, 'vitamin-b2_100g': 0.00018, 'vitamin-b6_100g': 3.5e-05, 'vitamin-b9_100g': 2.23e-05, 'vitamin-c_100g': 0.0003, 'vitamin-d_100g': 1.7e-07, 'vitamin-e_100g': 0.00052, 'vitamin-pp_100g': 0.00015, 'water_100g': 68, 'zinc_100g': 0.00027}",,,
Excelo,"Snacks, Snacks sucrés, Biscuits et gâteaux, Biscuits",Morocco,494.0,21.0,on,100g,e,Top cookies,5.8,1.2,100g,0.1,10.2,31.0,,,,
,,en:Morocco,,,,,unknown,Chargement…,,,,,,,,,,
finest,"Plant-based foods and beverages, Plant-based foods, Cereals and potatoes, Breads, Rye-and-wheat breads, Sourdough, en:rye-breads",en:United Kingdom,203.333333333333,8.6,on,100g,a,Rye and Mixed Seed Sourdough Bread,8.6,13.6,,0.39,0.8,4.8,"{'alcohol_100g': 0, 'beta-carotene_100g': 3.66842269897461e-06, 'calcium_100g': 0.0236949056625366, 'cholesterol_100g': 0, 'copper_100g': 0.000231759685516357, 'fructose_100g': 0.0736345291137695, 'galactose_100g': 0, 'glucose_100g': 0.0781023025512695, 'iodine_100g': 7.95606231689453e-06, 'iron_100g': 0.00174626264572144, 'lactose_100g': 0.0708032608032227, 'magnesium_100g': 0.058473832321167, 'maltose_100g': 0.740263786315918, 'manganese_100g': 0.00162914955062866, 'pantothenic-acid_100g': 0.00035023344039917, 'phosphorus_100g': 0.169589347839355, 'phylloquinone_100g': 4.4530086517334e-07, 'polyols_100g': 0, 'potassium_100g': 0.214720405578613, 'selenium_100g': 7.4440559387207e-06, 'starch_100g': 42.0029819488525, 'sucrose_100g': 0.44273983001709, 'vitamin-a_100g': 0, 'vitamin-b12_100g': 0, 'vitamin-b1_100g': 0.00020047155380249, 'vitamin-b2_100g': 5.62516212463379e-06, 'vitamin-b6_100g': 0.00010221887588501, 'vitamin-b9_100g': 1.98316442489624e-05, 'vitamin-c_100g': 0.000186758518218994, 'vitamin-d_100g': 9.20442390441895e-08, 'vitamin-e_100g': 0.000784639587402344, 'vitamin-pp_100g': 7.57534980773926e-05, 'water_100g': 32.7529588317871, 'zinc_100g': 0.00147794143676758}",,,
Ocean Spray,"Boissons et préparations de boissons,Aliments et boissons à base de végétaux,Boissons,Aliments d'origine végétale,Aliments à base de fruits et de légumes,Fruits et produits dérivés,Boissons à base de végétaux,Boissons aux fruits,Boissons édulcorées,Boissons à la canneberge",France,10.0,0.0,on,100g,c,Jus de cranberry,0.0,,100ml,0.04,0.0,1.5,,,,
Hacendado,"Alimentos y bebidas de origen vegetal,Alimentos de origen vegetal,Desayunos,Cereales y patatas,Cereales y derivados,Cereales para el desayuno,en:Extruded cereals","Portugal,España",393.0,6.4,on,100g,a,Avena Crunchy Cacao,13.0,11.0,100g,0.18,1.6,9.0,,,,
Nature Valley,"Snacks,Snacks sucrés,Barres,Barres de céréales,Barres de céréales aux fruits","France,Émirats arabes unis",452.38,16.9,on,100g,d,Nature valley crunchy oats and berries,7.38,6.19048,,0.66667,2.61905,30.2381,,,,
Bonne Maman,"Snacks, Desserts, Snacks sucrés, Biscuits et gâteaux, Gâteaux, Muffins, Gâteaux au chocolat, Muffins au chocolat","France,Germany,Switzerland",463.768115942029,26.0869565217391,on,100g,e,Petits Muffins Chocolat,5.07246376811594,2.89855072463768,100g,0.00072463768115942,5.07246376811594,34.7826086956522,,,,
Lindt & Sprüngli,"Snacks,Snacks sucrés,Cacao et dérivés,Chocolats,Chocolats noirs,Chocolats noirs extra fin","France,Maroc,Pays-Bas,Espagne",531.0,32.0,on,100g,e,Excellence Noir Sésame Grillé,6.8,,100g,0.09,17.0,45.0,,,,
,,en:Morocco,,,,,unknown,Essence lash,,,,,,,,,,
"Philadelphia,Mondelez","Milchprodukte,Fermentierte Lebensmittel,Fermentierte Milch,Käse,Frischkäse,en:Cream cheeses","Austria, Czech Republic, France, Germany, en:ukraine",226.0,21.0,on,100g,d,Frischkäse Original Philadelphia,5.4,0.2,,0.75,14.0,4.3,,,,
Al Boustane,"Aliments et boissons à base de végétaux, Boissons, Boissons à base de végétaux, Boissons aux fruits, Jus et nectars, Nectars de fruits, Nectars d'orange",Morocco,46.0,0.0,on,100g,e,Nectar Orange,0.0,0.0,100ml,0.0,0.0,11.0,,,,
Maison Tino,"Viandes et dérivés, Plats préparés, Frais, Plats préparés à la viande, Plats préparés frais, Plats à la volaille, Plats au canard, Parmentiers de canard","France,en:france",152.0,8.9,on,100g,c,Parmentier de canard,6.0,,100g,0.79,3.2,2.2,,,,
"Freshona, Sol & Mar","Plant-based foods and beverages,Plant-based foods,Legumes and their products,Canned foods,Legumes,Seeds,Canned plant-based foods,Legume seeds,Pulses,Chickpeas,Canned legumes,Canned chickpeas","Czech Republic,France,Germany,Poland,Spain,Switzerland,Netherlands",117.0,2.4,on,100g,a,Kichererbsen,6.3,7.6,,0.6,0.5,1.2,"{'beta-carotene_100g': 8.5905e-06, 'calcium_100g': 0.033360795, 'cholesterol_100g': 0, 'copper_100g': 0.0001779955, 'fructose_100g': 0.011205, 'galactose_100g': 0, 'glucose_100g': 0.011205, 'iodine_100g': 0.000239025, 'iron_100g': 0.00089953, 'lactose_100g': 0.011205, 'magnesium_100g': 0.02106621, 'maltose_100g': 0.011205, 'manganese_100g': 0.00051577373, 'pantothenic-acid_100g': 0.0002241, 'phosphorus_100g': 0.0626395, 'phylloquinone_100g': 2.5398e-06, 'polyols_100g': 0.18675, 'potassium_100g': 0.103075195, 'selenium_100g': 1.75316e-05, 'starch_100g': 8.5158, 'sucrose_100g': 0.32868, 'vitamin-a_100g': 0, 'vitamin-b12_100g': 0, 'vitamin-b1_100g': 2.241e-05, 'vitamin-b2_100g': 1.1205e-05, 'vitamin-b6_100g': 0.00021663, 'vitamin-b9_100g': 2.72655e-05, 'vitamin-c_100g': 7.47e-05, 'vitamin-d_100g': 0, 'vitamin-e_100g': 0.00021663, 'vitamin-pp_100g': 0.00010458, 'water_100g': 66.5121155, 'zinc_100g': 0.0007072335}",,,
"Brun, Mondelez","Snacks, Sweet snacks, Biscuits and cakes, Cakes, en:chocolate-stuffed-wafers",Francia,512.0,26.0,on,100g,e,14 Gaufrettes saveur Cacao,5.6,3.1,100g,0.29,16.0,39.0,,,,
"LU, belVita","Snacks,Petit-déjeuners,Snacks sucrés,Biscuits et gâteaux,Biscuits,Biscuits au chocolat,Biscuit sec pour petit déjeuner","Belgique,France,Luxembourg,Suisse",436.0,14.0,on,100g,c,BelVita Original Petit Déjeuner pépites de chocolat,8.6,7.1,100g,0.85,2.0,16.0,,,,
Bjorg,"Plant-based foods and beverages,Plant-based foods,Snacks,Cereals and potatoes,Sweet snacks,Biscuits and cakes,Cereals and their products,Puffed cereal cakes,Puffed wheat cakes,Puffed spelt cakes","France,French Guiana,Morocco,Switzerland",370.0,2.9,on,100g,a,Galette Épeautre Son d'Avoine,17.0,9.8,,0.2,0.6,0.7,"{'alcohol_100g': 0, 'beta-carotene_100g': 3.2e-06, 'calcium_100g': 0.032882, 'chloride_100g': 0.0105, 'cholesterol_100g': 0, 'copper_100g': 0.00046282, 'fructose_100g': 0.1744, 'galactose_100g': 0, 'glucose_100g': 0.5456, 'iodine_100g': 1.984, 'iron_100g': 0.00391514, 'lactose_100g': 0.0208, 'magnesium_100g': 0.1229854, 'maltose_100g': 3.2464, 'manganese_100g': 0.00289776, 'pantothenic-acid_100g': 0.0006997, 'phosphorus_100g': 0.36474, 'phylloquinone_100g': 2.336e-06, 'polyols_100g': 0, 'potassium_100g': 0.342494, 'selenium_100g': 8.645e-06, 'starch_100g': 57.5744, 'sucrose_100g': 0.40868, 'vitamin-a_100g': 0, 'vitamin-b12_100g': 0, 'vitamin-b1_100g': 0.0002421, 'vitamin-b2_100g': 7.26e-05, 'vitamin-b6_100g': 0.00019264, 'vitamin-b9_100g': 2.932e-05, 'vitamin-c_100g': 0, 'vitamin-d_100g': 0, 'vitamin-e_100g': 0.00069504, 'vitamin-pp_100g': 0.0043869, 'water_100g': 10.8308, 'zinc_100g': 0.003005156}",,,
"Pâturages, Sélection Intermarché","Produits laitiers, Produits fermentés, Desserts, Produits laitiers fermentés, Fromages, Desserts lactés, Desserts lactés fermentés, Desserts lactés fermentés nature, Fromages blancs, Fromages blancs natures",France,75.0,3.2,on,100g,b,"Fromage blanc 3,2% de matière grasse",7.2,0.5,100g,0.13,2.1,4.3,,,,
Sojasun,"Aliments et boissons à base de végétaux,Boissons,Aliments d'origine végétale,Légumineuses et dérivés,Substituts de produits laitiers,Substituts du lait,Boissons à base de végétaux,Boissons végétales,Boissons végétales de légumineuses,Boissons végétales de soja,Boissons de soja nature non sucrées,Boisson au soja nature enrichie en calcium","France, Morocco, Switzerland, en:reunion",43.0,2.6,on,100g,b,SOJA NATURE SANS SUCRES,4.7,,,0.0775,0.5,0.5,,,,
Equador,"Snacks,Snacks sucrés,Cacao et dérivés,Chocolats,Chocolats noirs,Chocolats noirs extra fin","France,La Réunion",561.0,43.0,on,100g,d,Chocolat 85%,11.0,17.0,100g,0.0,28.0,16.0,"{'alcohol_100g': 1.028125, 'beta-carotene_100g': 2.34375e-07, 'calcium_100g': 0.0140475, 'cholesterol_100g': 0, 'copper_100g': 0.00036771875, 'fructose_100g': 0.009375, 'galactose_100g': 0, 'glucose_100g': 0.009375, 'iodine_100g': 1.0125e-06, 'iron_100g': 0.0045701875, 'lactose_100g': 0.009375, 'magnesium_100g': 0.04744375, 'maltose_100g': 0.009375, 'manganese_100g': 0.00040095, 'pantothenic-acid_100g': 7.6875e-05, 'phosphorus_100g': 0.065375, 'phylloquinone_100g': 3.65625e-07, 'polyols_100g': 0.0234375, 'potassium_100g': 0.3720625, 'selenium_100g': 2.1875e-06, 'starch_100g': 0.796875, 'sucrose_100g': 25.034375, 'vitamin-a_100g': 0, 'vitamin-b12_100g': 0, 'vitamin-b1_100g': 7.125e-06, 'vitamin-b2_100g': 1.6e-05, 'vitamin-b6_100g': 1.0625e-06, 'vitamin-b9_100g': 1.003125e-05, 'vitamin-c_100g': 2.34375e-05, 'vitamin-d_100g': 2.559375e-07, 'vitamin-e_100g': 0.0011821875, 'vitamin-pp_100g': 0.0001078125, 'water_100g': 2.38625, 'zinc_100g': 0.000606875}",,,
"Bio Village, Marque Repère","Boissons et préparations de boissons,Aliments et boissons à base de végétaux,Boissons,Aliments d'origine végétale,Légumineuses et dérivés,Substituts de produits laitiers,Substituts du lait,Boissons à base de végétaux,Boissons végétales,Boissons végétales de légumineuses,Boissons sans sucre ajouté,Boissons végétales de soja,Boissons de soja nature non sucrées","France,La Réunion",37.0,1.8,on,100g,b,Boisson au soja nature bio,3.7,0.7,100ml,0.01,0.4,0.7,,,,
Giovanni Rana,"Aliments et boissons à base de végétaux, Aliments d'origine végétale, Céréales et pommes de terre, Céréales et dérivés, Plats préparés, Plats à base de pâtes, Pâtes alimentaires, Pâtes farcies, Pâtes fraîches, Ravioli, Réfrigérés, Plats préparés réfrigérés, Tortellini, Ravioli ricotta & épinards",France,254.0,11.0,on,100g,c,Ravioli bio au blé complet épinards ricotta burrata,9.9,3.7,100g,0.96,2.6,4.1,,,,
paturage,"Produits laitiers, Produits fermentés, Desserts, Produits laitiers fermentés, Desserts lactés, Desserts lactés fermentés, Desserts lactés fermentés nature, Skyrs, Skyrs nature, Yaourts et laits fermentes nature non sucres classiques","France, Switzerland, en:belgium",54.3,0.1,on,100g,a,skyr nature 460g,8.7,0.5,100g,0.08,0.0,3.7,,,,
la boulangère,"Aliments et boissons à base de végétaux, Aliments d'origine végétale, Snacks, Céréales et pommes de terre, Snacks sucrés, Pains, Viennoiseries, Pains au lait",France,359.0,13.0,on,100g,c,8 Pains au lait frais Bio à la farine complète 280g,9.4,4.2,100g,0.9,1.2,11.0,"{'alcohol_100g': 0.00659713541666651, 'beta-carotene_100g': 3.55576041666667e-06, 'calcium_100g': 0.038011864375, 'cholesterol_100g': 0.0665313947916667, 'copper_100g': 0.000166557466145833, 'fructose_100g': 0.0679104166666667, 'galactose_100g': 0, 'glucose_100g': 0.10073125, 'iodine_100g': 1.34259666666666e-05, 'iron_100g': 0.00154767808854167, 'lactose_100g': 0.444880416666667, 'magnesium_100g': 0.043484675, 'maltose_100g': 0.590629166666667, 'manganese_100g': 0.00122312255833333, 'pantothenic-acid_100g': 0.000563552083333333, 'phosphorus_100g': 0.165160586458333, 'phylloquinone_100g': 3.09441666666667e-07, 'polyols_100g': 0, 'potassium_100g': 0.193486547916667, 'selenium_100g': 7.30508270833333e-06, 'starch_100g': 32.7691854166667, 'sucrose_100g': 9.75316041666667, 'vitamin-a_100g': 3.04907970833333e-05, 'vitamin-b12_100g': 2.80922083333333e-07, 'vitamin-b1_100g': 0.000174822, 'vitamin-b2_100g': 9.53821666666666e-05, 'vitamin-b6_100g': 9.06664765625e-05, 'vitamin-b9_100g': 2.13711208333333e-05, 'vitamin-c_100g': 0.000241226041666667, 'vitamin-d_100g': 4.03576875e-07, 'vitamin-e_100g': 0.00609052654166666, 'vitamin-pp_100g': 7.50700833333326e-05, 'water_100g': 26.77932525, 'zinc_100g': 0.00126907344791667}",,,
Carrefour,"Zuivelproducten,Gefermenteerde levensmiddelen,Gefermenteerde zuivelproducten,Kazen,Desserts,Desserts op basis van melk,Gefermenteerde melkdesserts,Skyrs,Roomkazen,fr:Yahourt protéiné, Fromages blancs - petit suisses et skyr, Desserts lactés fermentés nature, Skyrs nature",Frankrijk,52.0,0.0,on,100g,a,SKYR Nature,8.9,0.0,100g,0.11,0.0,3.6,,,,
maître Jean pierre,"snacks, snacks-sales, amuse-gueules, biscuits-aperitifs, crackers-au-froment",France,442.0,18.0,on,100g,d,Bio crackers Emmental et graines de courge,18.0,10.0,100g,1.8,4.8,2.4,"{'alcohol_100g': 0, 'beta-carotene_100g': 0.00011635, 'calcium_100g': 0.160537, 'cholesterol_100g': 0.01498, 'copper_100g': 0.00022511, 'fructose_100g': 0.17535, 'galactose_100g': 0, 'glucose_100g': 0.1535, 'iodine_100g': 1.03675e-05, 'iron_100g': 0.0018845, 'lactose_100g': 0.076, 'magnesium_100g': 0.062668, 'maltose_100g': 0.72495, 'manganese_100g': 0.0016106, 'pantothenic-acid_100g': 0.0003909, 'phosphorus_100g': 0.253051, 'phylloquinone_100g': 2.741e-06, 'polyols_100g': 0, 'potassium_100g': 0.250712, 'selenium_100g': 9.737e-06, 'starch_100g': 41.524, 'sucrose_100g': 0.4281, 'vitamin-a_100g': 2.702e-05, 'vitamin-b12_100g': 2.828e-07, 'vitamin-b1_100g': 0.00020924, 'vitamin-b2_100g': 6.645e-05, 'vitamin-b6_100g': 0.00011066, 'vitamin-b9_100g': 2.9085e-05, 'vitamin-c_100g': 0.0018385, 'vitamin-d_100g': 1.299e-07, 'vitamin-e_100g': 0.0019394, 'vitamin-pp_100g': 0.0001593, 'water_100g': 24.1678, 'zinc_100g': 0.0020279}",,,
"Kellogg's, Pringles","Snacks,Salty snacks,Appetizers,Chips and fries,Crisps,de:amuse-gueules,de:chips-de-pommes-de-terre,de:chips-et-frites,de:snacks-salés,Potato crisps,Flavoured potato crisps","Austria, Belgium, France, Germany, Italy, Spain, United Kingdom, en:switzerland",528.0,31.0,on,100g,d,Pringles Original,6.2,4.1,,1.0,3.0,0.9,"{'alcohol_100g': 0, 'beta-carotene_100g': 7.61111111111111e-06, 'calcium_100g': 0.00679340277777778, 'cholesterol_100g': 0, 'copper_100g': 8.77430555555556e-05, 'fructose_100g': 0.187222222222222, 'galactose_100g': 0, 'glucose_100g': 0.220277777777778, 'iodine_100g': 1.14916666666667e-05, 'iron_100g': 0.0004790625, 'lactose_100g': 0.0138888888888889, 'magnesium_100g': 0.0225998263888889, 'maltose_100g': 0.118333333333333, 'manganese_100g': 0.000354083333333334, 'pantothenic-acid_100g': 0.000399833333333333, 'phosphorus_100g': 0.0579222222222222, 'phylloquinone_100g': 1.36611111111111e-06, 'polyols_100g': 0, 'potassium_100g': 0.246203125, 'selenium_100g': 6.56840277777778e-06, 'starch_100g': 20.9166666666667, 'sucrose_100g': 0.221111111111111, 'vitamin-a_100g': 0, 'vitamin-b12_100g': 0, 'vitamin-b1_100g': 9.30555555555556e-05, 'vitamin-b2_100g': 1.64722222222222e-05, 'vitamin-b6_100g': 0.000216388888888889, 'vitamin-b9_100g': 2.27194444444444e-05, 'vitamin-c_100g': 0.00165694444444444, 'vitamin-d_100g': 4.69444444444445e-08, 'vitamin-e_100g': 0.01288, 'vitamin-pp_100g': 0.00120027777777778, 'water_100g': 45.7812048611111, 'zinc_100g': 0.000363638888888889}",,,
"Bio Village, Marque Repère","Aliments et boissons à base de végétaux, Aliments d'origine végétale, Petit-déjeuners, Céréales et pommes de terre, Céréales et dérivés, Céréales pour petit-déjeuner, Céréales aux fruits, Mueslis, Mueslis aux fruits, Céréales aux fruits à coques, Mueslis aux fruits à coque",France,446.0,15.0,on,100g,b,Muesli croustillant 3 noix,11.0,7.6,100g,0.01,1.8,17.0,"{'alcohol_100g': 0, 'beta-carotene_100g': 1.7788e-06, 'calcium_100g': 0.05353945, 'chloride_100g': 0, 'cholesterol_100g': 0, 'copper_100g': 0.000266115, 'fructose_100g': 0.026275, 'galactose_100g': 0.002575, 'glucose_100g': 0.031425, 'iodine_100g': 3.66725e-06, 'iron_100g': 0.00270165125, 'lactose_100g': 0.026275, 'magnesium_100g': 0.09803421875, 'maltose_100g': 0.249055, 'manganese_100g': 0.003043193, 'pantothenic-acid_100g': 0.00083195, 'phosphorus_100g': 0.2786580625, 'phylloquinone_100g': 1.1666e-06, 'polyols_100g': 0, 'potassium_100g': 0.2850393125, 'selenium_100g': 5.6763e-06, 'starch_100g': 43.419135, 'sucrose_100g': 15.47219, 'vitamin-a_100g': 0, 'vitamin-b12_100g': 0, 'vitamin-b1_100g': 0.0002925125, 'vitamin-b2_100g': 7.84935e-05, 'vitamin-b6_100g': 9.33975e-05, 'vitamin-b9_100g': 2.82034e-05, 'vitamin-c_100g': 6.56875e-05, 'vitamin-d_100g': 4.3745e-08, 'vitamin-e_100g': 0.00513727, 'vitamin-pp_100g': 0.0005254925, 'water_100g': 8.36455625, 'zinc_100g': 0.00223259875}",,,
Cerave,"Productos no alimenticios,Open Beauty Facts",Marruecos,,,,,not-applicable,Blemish control cleanser,,,,,,,,,,
,en:cheeses,en:Morocco,260.0,22.0,on,100g,e,fromage perly 64p,10.0,,100g,3.75,15.0,5.0,,,,
Fitness,"Alimentos y bebidas de origen vegetal,Alimentos de origen vegetal,Desayunos,Cereales y patatas,Cereales y derivados,Cereales para el desayuno,Cereales de chocolate,en:Extruded cereals","Belgium, Germany, Greece, Hungary, Italy, Portugal, Spain, en:austria",351.0,5.1,on,100g,a,Nestle fitness protein cocoa 0% added sugar,12.1,12.4,,0.89,1.4,0.8,,,,
Puget,"Condiments, Sauces, Sauces salades, Vinaigrettes, Vinaigrettes allégées en matières grasses, en:groceries",France,304.0,32.0,on,100g,d,Vinaigrette Balsamique Ciboulette - Echalotes,0.3,,100ml,2.2,3.8,1.4,"{'alcohol_100g': 0.04198, 'beta-carotene_100g': 0.000100461, 'calcium_100g': 0.008139495, 'cholesterol_100g': 0.0, 'copper_100g': 1.867985e-05, 'fiber_100g': 0.118242, 'fructose_100g': 0.736375, 'galactose_100g': 0.006112, 'glucose_100g': 0.72182, 'iodine_100g': 2.134821e-05, 'iron_100g': 0.000205843, 'lactose_100g': 0.0160075, 'magnesium_100g': 0.005306615, 'maltose_100g': 0.016955, 'manganese_100g': 5.717062e-05, 'pantothenic-acid_100g': 1.459e-05, 'phosphorus_100g': 0.00759119, 'phylloquinone_100g': 2.125674e-05, 'polyols_100g': 0.0111545, 'potassium_100g': 0.056826695, 'selenium_100g': 3.190695e-06, 'starch_100g': 0.041815, 'sucrose_100g': 0.667591, 'vitamin-a_100g': 0.0, 'vitamin-b12_100g': 0.0, 'vitamin-b1_100g': 2.6913e-06, 'vitamin-b2_100g': 8.6923e-06, 'vitamin-b6_100g': 6.98079e-05, 'vitamin-b9_100g': 1.56454e-06, 'vitamin-c_100g': 0.001236996, 'vitamin-d_100g': 2.782e-08, 'vitamin-e_100g': 0.007141071, 'vitamin-pp_100g': 8.6234e-05, 'water_100g': 65.59719, 'zinc_100g': 3.2155e-05}",,,
Alpro,"Boissons et préparations de boissons,Aliments et boissons à base de végétaux,Boissons,Aliments d'origine végétale,Substituts de produits laitiers,Substituts du lait,Fruits à coques et dérivés,Boissons à base de végétaux,Boissons végétales,Boissons végétales de fruits à coque,Boissons sans sucre ajouté,Laits d'amande,Laits d'amande natures non sucrés","en:belgium, en:france, en:germany, en:italy, en:netherlands, en:switzerland",13.0,1.1,on,100g,b,"Alpro Mandeldrink Weiß Ungesüßt, Ungeröstet 1 LT",0.5,0.2,100ml,0.14,0.1,0.0,"{'alcohol_100g': 0.0, 'beta-carotene_100g': 9.2e-08, 'cholesterol_100g': 0.0, 'copper_100g': 4.00776e-05, 'fructose_100g': 0.0, 'galactose_100g': 0.0, 'glucose_100g': 0.00069, 'iodine_100g': 7.435e-07, 'iron_100g': 0.000104377, 'lactose_100g': 0.0, 'magnesium_100g': 0.007409022, 'maltose_100g': 0.00322, 'manganese_100g': 4.3189396e-05, 'pantothenic-acid_100g': 7.13e-06, 'phosphorus_100g': 0.0110686, 'phylloquinone_100g': 0.0, 'polyols_100g': 0.0, 'potassium_100g': 0.015928294, 'selenium_100g': 7.0925e-07, 'starch_100g': 0.023, 'sucrose_100g': 0.10258, 'vitamin-a_100g': 0.0, 'vitamin-b12_100g': 0.0, 'vitamin-b1_100g': 4.37e-06, 'vitamin-b2_100g': 1.633e-05, 'vitamin-b6_100g': 2.76e-06, 'vitamin-b9_100g': 1.127e-06, 'vitamin-pp_100g': 8.05e-05, 'water_100g': 95.886355, 'zinc_100g': 7.89074e-05}",,,
Hacendado,"Dairies,Fermented foods,Fermented milk products,Desserts,Dairy desserts,Fermented dairy desserts,Yogurts,Plain fermented dairy desserts,Plain yogurts,Greek-style yogurts","Portugal,Spain",129.0,10.8,on,100g,unknown,Yogur estilo griego natural,,0.12,,,6.7,3.9,,,,
Gullón,"Snacks, Sweet snacks, Biscuits and cakes, Biscuits, Products without gluten, Chocolate biscuits, Drop cookies, Chocolate chip cookies, Gluten-free biscuits","Bulgaria, Croatia, France, Morocco, Portugal, Spain, Ukraine, en:lithuania",444.0,23.0,on,100g,c,бисквити шокочип без глутен,5.5,4.5,,0.58,6.0,0.7,,,,
Croustipate,en:pizza-dough,en:fr,249.0,1.3,on,100g,c,Pâte à pizza,7.3,1.8,100g,1.1,0.2,4.7,,,,
PANZANI,"Aliments et boissons à base de végétaux,Aliments d'origine végétale,Conserves,Céréales et pommes de terre,Plats préparés,Viandes et dérivés,Céréales et dérivés,Plats à base de pâtes,Pâtes alimentaires,Pâtes farcies,Plats préparés à la viande,Pâtes farcies à la viande,Ravioli,Plats au bœuf,Ravioli à la viande,Plats préparés en conserve,Pâtes farcies en sauce,Raviolis au bœuf,Ravioli en conserve,Raviolis à la viande en conserve","Belgique,France,Allemagne,Suisse",87.0,2.3,on,100g,c,Le Ravioli pur boeuf,3.8,1.6,,0.75,0.8,1.4,"{'alcohol_100g': 0, 'beta-carotene_100g': 0.000142215909090909, 'calcium_100g': 0.01259669921875, 'cholesterol_100g': 0.00446590909090909, 'copper_100g': 9.41518998579545e-05, 'fructose_100g': 0.272443181818182, 'galactose_100g': 0, 'glucose_100g': 0.291761363636364, 'iodine_100g': 4.18208451704549e-06, 'iron_100g': 0.000767460120738636, 'lactose_100g': 0.0160227272727273, 'magnesium_100g': 0.0188286274857955, 'maltose_100g': 0.335795454545454, 'manganese_100g': 0.000198069165482955, 'pantothenic-acid_100g': 7.1875e-05, 'phosphorus_100g': 0.0554005681818182, 'phylloquinone_100g': 8.3359375, 'polyols_100g': 0.0119034090909091, 'potassium_100g': 0.168339357244318, 'selenium_100g': 1.15376420454545e-06, 'starch_100g': 14.8556818181818, 'sucrose_100g': 0.30280539772727, 'vitamin-a_100g': 1.70454545454545e-07, 'vitamin-b12_100g': 1.06818181818182e-07, 'vitamin-b1_100g': 1.75852272727273e-05, 'vitamin-b2_100g': 1.67640269886364e-05, 'vitamin-b6_100g': 6.57883522727273e-05, 'vitamin-b9_100g': 1.0328125e-05, 'vitamin-c_100g': 0.00116264204545454, 'vitamin-d_100g': 1.42045454545454e-08, 'vitamin-e_100g': 0.000426775568181819, 'vitamin-pp_100g': 0.000470383522727273, 'water_100g': 75.1867045454545, 'zinc_100g': 0.000934391335227273}",,,
Jacquet,"Aliments et boissons à base de végétaux,Aliments d'origine végétale,Céréales et pommes de terre,Pains,Pains de mie,Pains de mie complet",France,265.0,2.7,on,100g,b,Pavé complet 350g,10.0,6.3,100g,1.2,0.4,4.2,,,,
,"Beverages and beverages preparations, Beverages, Waters, Spring waters, Table waters, en:natural-mineral-waters","France, en:morocco",,,on,100g,a,Eau mineral 33cl aman,,,100g,,,,"{'alcohol_100g': 0, 'beta-carotene_100g': 0, 'calcium_100g': 0.00713, 'carbohydrates_100g': 0, 'cholesterol_100g': 0, 'copper_100g': 1.7e-05, 'energy-kcal_100g': 0, 'energy-kj_100g': 0, 'energy_100g': 0, 'fat_100g': 0, 'fiber_100g': 0, 'fructose_100g': 0, 'galactose_100g': 0, 'glucose_100g': 0, 'iodine_100g': 0, 'iron_100g': 3e-05, 'lactose_100g': 0, 'magnesium_100g': 0.00099, 'maltose_100g': 0, 'manganese_100g': 8.2e-07, 'pantothenic-acid_100g': 0, 'phosphorus_100g': 0, 'phylloquinone_100g': 0, 'polyols_100g': 0, 'potassium_100g': 0.00073, 'proteins_100g': 0, 'salt_100g': 0.0076, 'saturated-fat_100g': 0, 'selenium_100g': 5e-07, 'sodium_100g': 0.0024, 'starch_100g': 0, 'sucrose_100g': 0, 'sugars_100g': 0, 'vitamin-a_100g': 0, 'vitamin-b12_100g': 0, 'vitamin-b1_100g': 0, 'vitamin-b2_100g': 0, 'vitamin-b6_100g': 0, 'vitamin-b9_100g': 0, 'vitamin-c_100g': 0, 'vitamin-d_100g': 0, 'vitamin-e_100g': 0, 'vitamin-pp_100g': 0, 'water_100g': 100, 'zinc_100g': 1.1e-05}",,,
"LU, Mondelez","Snacks, Snacks sucrés, Biscuits et gâteaux, Biscuits, Gaufrettes, Gaufrettes fourrées, Gaufrettes fourrées aux fruits, Biscuits à la fraise",France,363.0,1.1,on,100g,e,La Paille d'Or aux fraises,4.2,1.9,100g,0.22,0.2,51.0,"{'alcohol_100g': 0, 'beta-carotene_100g': 3.975, 'calcium_100g': 0.0142157, 'cholesterol_100g': 0, 'copper_100g': 0.000106474, 'fructose_100g': 33.6551, 'galactose_100g': 0, 'glucose_100g': 0.67637, 'iodine_100g': 7.3594e-06, 'iron_100g': 0.00084186, 'lactose_100g': 0.056, 'magnesium_100g': 0.0279605, 'maltose_100g': 0.3756, 'manganese_100g': 0.0008286, 'pantothenic-acid_100g': 0.000198775, 'phosphorus_100g': 0.0824889, 'phylloquinone_100g': 2.442e-07, 'polyols_100g': 17.78575, 'potassium_100g': 0.1327592, 'selenium_100g': 5.87125e-06, 'starch_100g': 22.7246, 'sucrose_100g': 0.23927, 'vitamin-a_100g': 0, 'vitamin-b12_100g': 0, 'vitamin-b1_100g': 9.1019e-05, 'vitamin-b2_100g': 4.226, 'vitamin-b6_100g': 4.8219e-05, 'vitamin-b9_100g': 3.06316e-05, 'vitamin-c_100g': 0.014418, 'vitamin-d_100g': 4.42e-08, 'vitamin-e_100g': 0.00036315, 'vitamin-pp_100g': 7.0245, 'water_100g': 27.63334, 'zinc_100g': 0.00068665}",,,
Liebig,"Aliments et boissons à base de végétaux, Aliments d'origine végétale, Aliments à base de fruits et de légumes, Plats préparés, Soupes, Veloutés, Soupes de légumes, Veloutés de légumes",France,37.0,1.1,on,100g,c,Mouliné de 10 légumes,0.7,1.2,100g,0.67,0.3,1.3,,,,
Pulco,"Plant-based foods and beverages,Beverages,Plant-based beverages,Fruit-based beverages,Syrups,Flavoured syrups,Still fruit soft drinks,Sweetened beverages",France,,,,100ml,c,BLE 70CL DELICES AGRUMES PULCO,,,100g,,,,,,on,
Lesieur,"Aliments et boissons à base de végétaux, Aliments d'origine végétale, Matières grasses, Matières grasses végétales, Huiles, Graines de tournesol et dérivés, Huiles de tournesol","France,Allemagne,Suisse",,,on,100g,c,Cœur de Tournesol,,,100g,,,,"{'alcohol_100g': 0, 'beta-carotene_100g': 2.5e-06, 'calcium_100g': 0.0001, 'carbohydrates_100g': 0, 'cholesterol_100g': 0, 'copper_100g': 5e-06, 'energy-kcal_100g': 901, 'energy-kj_100g': 3700, 'energy_100g': 3700, 'fat_100g': 100, 'fiber_100g': 0, 'fructose_100g': 0, 'galactose_100g': 0, 'glucose_100g': 0, 'iodine_100g': 1e-05, 'iron_100g': 2.5e-05, 'lactose_100g': 0, 'magnesium_100g': 2.5e-05, 'maltose_100g': 0, 'manganese_100g': 5e-06, 'pantothenic-acid_100g': 0, 'phosphorus_100g': 0.00015, 'phylloquinone_100g': 4e-07, 'polyols_100g': 0, 'potassium_100g': 0.00015, 'proteins_100g': 0.25, 'salt_100g': 0.025, 'saturated-fat_100g': 11.1, 'selenium_100g': 1e-05, 'sodium_100g': 0.01, 'starch_100g': 0, 'sucrose_100g': 0, 'sugars_100g': 0, 'vitamin-a_100g': 0, 'vitamin-b12_100g': 0, 'vitamin-b1_100g': 0, 'vitamin-b2_100g': 0, 'vitamin-b6_100g': 0, 'vitamin-b9_100g': 0, 'vitamin-c_100g': 0, 'vitamin-d_100g': 1.3e-07, 'vitamin-e_100g': 0.0573, 'vitamin-pp_100g': 0, 'water_100g': 0.015, 'zinc_100g': 2.5e-05}",,,
"Fitness,Nestlé","Lanches comida,Lanches doces,Barras,Barras de cereais,Barras de cereais com chocolate","Belgium, France, Italy, Portugal, Réunion, en:greece",382.0,9.1,on,100g,c,FITNESS CHOC Barres Céréale 6x23.5g,7.7,7.7,100g,0.33,2.9,17.0,,,,
Kûhne,"Aliments et boissons à base de végétaux,Aliments d'origine végétale,Aliments à base de fruits et de légumes,Conserves,Légumes et dérivés,Aliments à base de plantes en conserve,Pickles,Légumes en conserve,Pickles d'origine végétale,Pickles de légumes,Pickles de concombres,Cornichons,Cornichons aigres-doux,Cornichons au vinaigre,Concombres",France,30.0,0.2,on,100g,c,Cornichons aigres-doux Recette Paysanne,0.9,,100g,1.3,0.1,4.7,"{'alcohol_100g': 0.0227272727272727, 'beta-carotene_100g': 3.31644545454545e-05, 'calcium_100g': 0.0152996759090909, 'cholesterol_100g': 0, 'copper_100g': 2.26999840909091e-05, 'fiber_100g': 0.385122727272727, 'fructose_100g': 5.86792318181818, 'galactose_100g': 0.001235, 'glucose_100g': 0.331492272727273, 'iodine_100g': 1.29661181818182e-05, 'iron_100g': 0.000175146735, 'lactose_100g': 0.00893181818181818, 'magnesium_100g': 0.00967985909090909, 'maltose_100g': 0.0143863636363636, 'manganese_100g': 8.62395863636364e-05, 'pantothenic-acid_100g': 0.000158057272727273, 'phosphorus_100g': 0.01723585, 'phylloquinone_100g': 9.96536954545455e-06, 'polyols_100g': 2.95553409090909, 'potassium_100g': 0.0998296909090909, 'selenium_100g': 3.05293181818182e-06, 'starch_100g': 0.473592272727273, 'sucrose_100g': 0.684265454545455, 'vitamin-a_100g': 0, 'vitamin-b12_100g': 0, 'vitamin-b1_100g': 1.43465e-05, 'vitamin-b2_100g': 1.77443636363636e-05, 'vitamin-b6_100g': 2.53719545454545e-05, 'vitamin-b9_100g': 8.23594090909091e-06, 'vitamin-c_100g': 0.00582561818181818, 'vitamin-d_100g': 0, 'vitamin-e_100g': 8.51984090909091e-05, 'vitamin-pp_100g': 0.000103495681818182, 'water_100g': 87.8294214090909, 'zinc_100g': 7.57529090909091e-05}",,,
Ovo maltine,"Snacks,Petit-déjeuners,Produits à tartiner,Snacks sucrés,Produits à tartiner sucrés,Pâtes à tartiner,Pâtes à tartiner au chocolat","Belgique,France,Suisse",547.0,32.4,on,100g,e,Ovomaltine crunchy,3.7,,,0.2,5.5,50.1,,,,
"Gerblé, Gerblé Bio","Snacks,Snacks sucrés,Biscuits et gâteaux,Biscuits","France,La Réunion",452.0,16.0,on,100g,c,Biscuits à l'orange Orange et au graines de Chia,8.6,6.6,100g,0.22,1.5,18.0,,,,
Danone,"Produits laitiers,Produits fermentés,Produits laitiers fermentés,Desserts,Desserts lactés,Desserts lactés fermentés,Desserts lactés fermentés nature,Skyrs,Skyrs nature",France,57.0,0.2,on,100g,a,Skyr nature 0%,10.0,,100g,0.0895833333333333,0.1,3.9,,,,
Léonce Blanc,"Aliments et boissons à base de végétaux,Aliments d'origine végétale,Aliments à base de fruits et de légumes,Petit-déjeuners,Produits à tartiner,Fruits et produits dérivés,Pâtes à tartiner végétales,Produits à tartiner sucrés,Confitures et marmelades,Confitures,Confitures d'abricot",France,166.0,0.5,on,100g,c,Confiture abricot,0.6,1.4,100g,0.03,0.1,37.0,"{'alcohol_100g': 0, 'beta-carotene_100g': 0.0016451, 'calcium_100g': 0.011788, 'cholesterol_100g': 0, 'copper_100g': 4.495e-05, 'fructose_100g': 0.9525, 'galactose_100g': 0, 'glucose_100g': 1.4385, 'iodine_100g': 7.11e-06, 'iron_100g': 0.0001549, 'lactose_100g': 0.0712, 'magnesium_100g': 0.00661, 'maltose_100g': 0.071, 'manganese_100g': 5.126e-05, 'pantothenic-acid_100g': 0.00013755, 'phosphorus_100g': 0.01585, 'phylloquinone_100g': 2.8e-07, 'polyols_100g': 0.175, 'potassium_100g': 0.1898, 'selenium_100g': 8.1525e-06, 'starch_100g': 0.126, 'sucrose_100g': 22.3765, 'vitamin-a_100g': 0, 'vitamin-b12_100g': 0, 'vitamin-b1_100g': 2.305e-05, 'vitamin-b2_100g': 1.335e-05, 'vitamin-b6_100g': 3.995e-05, 'vitamin-b9_100g': 5.82e-06, 'vitamin-c_100g': 0.003025, 'vitamin-d_100g': 0, 'vitamin-e_100g': 0.0004975, 'vitamin-pp_100g': 4.5e-05, 'water_100g': 65.629, 'zinc_100g': 7e-05}",,,
Panzani,Tomato sauces with basil,"France,Germany",62.0,2.3,on,100g,a,Sauce basilic aux tomates fraîches de saison,1.6,1.3,100g,0.89,0.3,6.3,,,,
"U, U Bio","Aliments et boissons à base de végétaux, Aliments d'origine végétale, Petit-déjeuners, Céréales et pommes de terre, Céréales et dérivés, Céréales pour petit-déjeuner, Flocons, Flocons de céréales, Flocons laminés, Flocons d'avoine","France, en:reunion",364.0,6.9,on,100g,a,"Flocons d'avoine, paquet 500g",14.0,11.0,100g,0.01,0.6,1.2,"{'alcohol_100g': 0, 'beta-carotene_100g': 0, 'calcium_100g': 0.0843, 'cholesterol_100g': 0, 'copper_100g': 0.0003, 'fructose_100g': 0, 'galactose_100g': 0, 'glucose_100g': 0, 'iodine_100g': 5e-07, 'iron_100g': 0.00405, 'lactose_100g': 0, 'magnesium_100g': 0.148, 'maltose_100g': 0, 'manganese_100g': 0.00472, 'pantothenic-acid_100g': 0.00131, 'phosphorus_100g': 0.422, 'phylloquinone_100g': 2e-06, 'polyols_100g': 0, 'potassium_100g': 0.377, 'selenium_100g': 3.05e-06, 'starch_100g': 56.9, 'sucrose_100g': 0.97, 'vitamin-a_100g': 0, 'vitamin-b12_100g': 0, 'vitamin-b1_100g': 0.00043, 'vitamin-b2_100g': 0.00014, 'vitamin-b6_100g': 0.00012, 'vitamin-b9_100g': 3.96e-05, 'vitamin-c_100g': 0, 'vitamin-d_100g': 0, 'vitamin-e_100g': 0.00059, 'vitamin-pp_100g': 0.00096, 'water_100g': 10.1, 'zinc_100g': 0.00333}",,,
"Carrefour BIO, Carrefour","Cacao et dérivés, Cacaos et chocolats en poudre, Cacaos en poudre","France, Italie, Espagne",61.0,2.1,on,100g,unknown,100% Cacao,4.5,1.9,100g,0.1,1.4,4.2,"{'alcohol_100g': 0, 'beta-carotene_100g': 2.5e-06, 'calcium_100g': 0.14, 'cholesterol_100g': 0, 'copper_100g': 0.0039, 'fructose_100g': 0.1, 'galactose_100g': 0, 'glucose_100g': 0.1, 'iodine_100g': 1e-05, 'iron_100g': 0.0485, 'lactose_100g': 0.1, 'magnesium_100g': 0.5, 'maltose_100g': 0.1, 'manganese_100g': 0.0041, 'pantothenic-acid_100g': 0.00082, 'phosphorus_100g': 0.69, 'phylloquinone_100g': 3.9e-06, 'polyols_100g': 0.25, 'potassium_100g': 3.9, 'selenium_100g': 1e-05, 'starch_100g': 8.5, 'sucrose_100g': 0.9, 'vitamin-a_100g': 0, 'vitamin-b12_100g': 0, 'vitamin-b1_100g': 7.6e-05, 'vitamin-b2_100g': 0.00012, 'vitamin-b6_100g': 5e-06, 'vitamin-b9_100g': 0.000107, 'vitamin-c_100g': 0.00025, 'vitamin-d_100g': 2.73e-06, 'vitamin-e_100g': 0.00061, 'vitamin-pp_100g': 0.00115, 'water_100g': 3.5, 'zinc_100g': 0.0064}",,,
Ricola,"Snacks,Snacks sucrés,Confiseries,Bonbons,Bonbons durs","France,Suisse",238.0,0.0,on,100g,b,50G RICOLA CITRON MELISSE,0.0,,100g,0.0,0.0,0.0,,,,
U,"Aliments et boissons à base de végétaux, Aliments d'origine végétale, Petit-déjeuners, Céréales et pommes de terre, Céréales et dérivés, Surgelés, Céréales pour petit-déjeuner, Mueslis, Céréales aux fruits à coques, Mueslis aux fruits à coque",France,454.0,18.0,on,100g,a,Céréales Granola Noix & Graines 350G,13.0,7.7,100g,0.01,2.0,13.0,"{'alcohol_100g': 0.04935, 'beta-carotene_100g': 2.74663125e-05, 'calcium_100g': 0.0716982125, 'chloride_100g': 0.00252, 'cholesterol_100g': 4.6875, 'copper_100g': 0.00040674525, 'fructose_100g': 3.09616, 'galactose_100g': 0.2356, 'glucose_100g': 2.68968, 'iodine_100g': 1.20695625e-06, 'iron_100g': 0.003465741625, 'lactose_100g': 0.000924375, 'magnesium_100g': 0.139514635, 'maltose_100g': 0.8493, 'manganese_100g': 0.00343764993125, 'pantothenic-acid_100g': 0.0009374715, 'phosphorus_100g': 0.3584876625, 'phylloquinone_100g': 1.7174e-06, 'polyols_100g': 0.1444, 'potassium_100g': 0.3599092375, 'selenium_100g': 5.42701125e-06, 'starch_100g': 40.3302, 'sucrose_100g': 1.43782, 'vitamin-a_100g': 3.3375, 'vitamin-b12_100g': 9.1875, 'vitamin-b1_100g': 0.0003864280625, 'vitamin-b2_100g': 0.00015089475, 'vitamin-b6_100g': 0.00017372875, 'vitamin-b9_100g': 4.245371875e-05, 'vitamin-c_100g': 0.00057744375, 'vitamin-d_100g': 6.5140625e-09, 'vitamin-e_100g': 0.0064870216875, 'vitamin-pp_100g': 0.00194991725, 'water_100g': 11.992555, 'zinc_100g': 0.00284590675}",,,
,Breaded fish substitutes,en:Morocco,,,,,unknown,,,,,,,,,,,
Be,type,en:Morocco,515.555555555556,26.6666666666667,on,100g,e,,4.44444444444444,2.22222222222222,100g,0.555555555555556,13.3333333333333,31.1111111111111,,,,
,,en:Morocco,,,,,,,,,,,,,,,,
Bien,"Aliments et boissons à base de végétaux, Aliments d'origine végétale, Céréales et pommes de terre, Pains, Pains de mie",France,286.0,6.3,on,100g,c,Pain de mie grandes tranches nature sans sucres ajoutés 500G,7.6,3.5,100g,1.1,0.6,2.4,,,,
Kellogg's,"Aliments et boissons à base de végétaux,Aliments d'origine végétale,Petit-déjeuners,Céréales et pommes de terre,Céréales et dérivés,Céréales pour petit-déjeuner,Céréales au chocolat,Céréales pour petit déjeuner riches en fibres","France,Pays-Bas",380.0,2.33333333333333,on,100g,c,Coco Pop’s Chocos,10.0,6.0,100g,0.00166666666666667,1.0,22.0,"{'alcohol_100g': 0, 'beta-carotene_100g': 3.65e-06, 'calcium_100g': 0.03439353325, 'cholesterol_100g': 0, 'copper_100g': 0.000287325375, 'fructose_100g': 0.084, 'galactose_100g': 0, 'glucose_100g': 0.514, 'iodine_100g': 7.56965e-06, 'lactose_100g': 0.084, 'magnesium_100g': 0.079407507875, 'maltose_100g': 0.7608, 'manganese_100g': 0.0016710453, 'pantothenic-acid_100g': 0.0003661, 'phosphorus_100g': 0.1966, 'phylloquinone_100g': 5.56e-07, 'polyols_100g': 0.005, 'potassium_100g': 0.34212504225, 'selenium_100g': 8.26, 'starch_100g': 43.366, 'sucrose_100g': 20.8312, 'vitamin-a_100g': 0, 'vitamin-b12_100g': 0, 'vitamin-b1_100g': 0.00019472, 'vitamin-b2_100g': 1.285e-05, 'vitamin-b6_100g': 8.13e-05, 'vitamin-b9_100g': 2.2944e-05, 'vitamin-c_100g': 0.000185, 'vitamin-e_100g': 0.000591, 'water_100g': 9.1905, 'zinc_100g': 0.001569}",,,
Nestlé,,"France, en:morocco",420.0,9.0,on,100g,unknown,,13.4,2.0,100g,0.75,5.0,24.6,,,,
Jordans,Céréales au miel,en:france,417.0,13.0,on,100g,b,,9.0,14.0,100g,0.01,1.2,16.0,,,,
J.D. GROSS,"Snacks,Snacks sucrés,Cacao et dérivés,Chocolats,Chocolats noirs,Chocolats noirs à la framboise,Chocolat noir en tablette extra dégustation à 70% de cacao minimum","Bulgarie,France,Italie,Portugal,Espagne,Suisse,Royaume-Uni",552.0,4.9,on,100g,c,Шоколад с 6% парченца малини,1.0,1.4,,0.01,3.0,3.6,"{'alcohol_100g': 0.08225, 'beta-carotene_100g': 0, 'calcium_100g': 0.000287445, 'cholesterol_100g': 0, 'copper_100g': 4.19025e-06, 'fructose_100g': 1.94955, 'galactose_100g': 0, 'glucose_100g': 0.00205, 'iodine_100g': 3.2865e-07, 'iron_100g': 2.05085e-05, 'lactose_100g': 0.00205, 'magnesium_100g': 0.002310075, 'maltose_100g': 0.00205, 'manganese_100g': 5.0011025e-05, 'pantothenic-acid_100g': 1.9885e-05, 'phosphorus_100g': 0.00634705, 'phylloquinone_100g': 5.649e-08, 'polyols_100g': 1.05575, 'potassium_100g': 0.0060729, 'selenium_100g': 3.435e-07, 'starch_100g': 1.6525, 'sucrose_100g': 2.06435, 'vitamin-a_100g': 0, 'vitamin-b12_100g': 0, 'vitamin-b1_100g': 6.765e-06, 'vitamin-b2_100g': 5.12e-07, 'vitamin-b6_100g': 2.725e-06, 'vitamin-b9_100g': 5.1705e-07, 'vitamin-c_100g': 5.125e-06, 'vitamin-d_100g': 2.665e-09, 'vitamin-e_100g': 0.00169758, 'vitamin-pp_100g': 1.1e-06, 'water_100g': 0.425685, 'zinc_100g': 3.0165e-05}",,,
Fleury Michon,"Viandes et dérivés,Viandes,Charcuteries,Jambons,Charcuteries diverses,Jambons blancs,Charcuteries cuites,Dés de jambon",France,113.333333333333,3.73333333333333,on,100g,d,Allumettes de Jambon,18.6666666666667,,100g,1.86666666666667,1.46666666666667,1.86666666666667,,,,
Bjorg,"Aliments et boissons à base de végétaux,Aliments d'origine végétale,Céréales et pommes de terre,Céréales et dérivés,Galettes de céréales soufflées,Galettes multicéréales soufflées,en:Aliments d'origine végétale,en:Aliments et boissons à base de végétaux,en:Céréales et dérivés,en:Céréales et pommes de terre,en:Galettes de céréales soufflées,en:Galettes de riz complet soufflé,en:Galettes de riz soufflé,en:Surgelés","France,Maroc",379.0,2.2,on,100g,a,Galettes aux 4 céréales.,8.0,3.5,100g,0.2,0.5,0.6,"{'beta-carotene_100g': 1.46e-06, 'calcium_100g': 0.034455, 'cholesterol_100g': 0, 'copper_100g': 0.00022722, 'fructose_100g': 0.08734, 'galactose_100g': 0, 'glucose_100g': 0.1188, 'iodine_100g': 1.96, 'iron_100g': 0.00197234, 'lactose_100g': 0.0748, 'magnesium_100g': 0.0551304, 'maltose_100g': 0.341, 'manganese_100g': 0.00098036, 'pantothenic-acid_100g': 0.0001354, 'phosphorus_100g': 0.16028, 'phylloquinone_100g': 3.6e-07, 'polyols_100g': 0, 'potassium_100g': 0.179774, 'selenium_100g': 2.817e-06, 'starch_100g': 72.0584, 'sucrose_100g': 0.15048, 'vitamin-a_100g': 0, 'vitamin-b12_100g': 0, 'vitamin-b1_100g': 8.72e-05, 'vitamin-b2_100g': 3.44e-05, 'vitamin-b6_100g': 0.00021334, 'vitamin-b9_100g': 2.668e-05, 'vitamin-c_100g': 0, 'vitamin-d_100g': 0, 'vitamin-e_100g': 0.00044864, 'vitamin-pp_100g': 0.0004504, 'water_100g': 12.6465, 'zinc_100g': 0.001568856}",,,
Gerblé,"Snacks, Sweet snacks, Biscuits and cakes, Biscuits, Oatmeal-cookies, en:oatmeal-biscuits",Francia,455.0,18.0,on,100g,b,Biscuit muesli avoine Gerblé,9.4,7.7,100g,0.25,1.6,14.0,,,,
Céréal Bio,"Plats préparés,Céréales préparées,Plats préparés à réchauffer au micro-ondes",France,164.0,5.8,on,100g,a,"Orge, lentilles vertes, riz rouge au naturel",4.1,7.7,100g,0.41,0.9,0.0,,,,
Céréal bio,"Alternatives à la viande, Galettes végétariennes",France,191.0,6.0,on,100g,b,"Tendres carrés de blé aux aubergine, poivron,  basilic",14.0,2.5,100g,0.98,0.7,3.9,,,,
"Jardin bio, Léa Nature, Jardin Bio Eric","Aliments et boissons à base de végétaux, Aliments d'origine végétale, Céréales et pommes de terre, Céréales et dérivés, Pâtes alimentaires, Pâtes alimentaires de céréales, Pâtes sèches, Pâtes de blé dur, Spaghetti, Pâtes de blé dur entier ou semi-entier, Spaghettis de blé dur, Pâtes sèches aromatisées et colorées, Spaghetti de blé dur entier ou semi-entier, Spaghetti au blé dur semi complet, Spaghetti au quinoa","France,Germany",366.0,1.9,on,100g,a,Spaghetti au Quinoa Tomate,11.0,4.5,100g,0.017,0.25,2.5,,,,
Jardin bio,"Aliments et boissons à base de végétaux, Aliments d'origine végétale, Aliments à base de fruits et de légumes, Conserves, Condiments, Légumes et dérivés, Aliments à base de plantes en conserve, Légumes, Légumes en conserve, Sauces, Tomates et dérivés, Sauces tomate, Tomates, Tomates en conserve, Ketchup, Epicerie","France, Réunion, en:morocco",102.0,0.5,on,100g,d,Ketchup,1.2,2.1,100g,2.3,0.1,21.0,"{'alcohol_100g': 0.0108, 'beta-carotene_100g': 0.000153345, 'calcium_100g': 0.01653873, 'cholesterol_100g': 0, 'copper_100g': 0.00011252255, 'fructose_100g': 1.2964, 'galactose_100g': 0, 'glucose_100g': 1.4101, 'iodine_100g': 2.33346e-05, 'iron_100g': 0.00047379489, 'lactose_100g': 0.01045, 'magnesium_100g': 0.023146725, 'maltose_100g': 0.09805, 'manganese_100g': 0.0001304006, 'pantothenic-acid_100g': 0.00018715, 'phosphorus_100g': 0.032852, 'phylloquinone_100g': 3.40535e-06, 'polyols_100g': 0.01578, 'potassium_100g': 0.59377055, 'selenium_100g': 1.18445e-06, 'starch_100g': 0.13915, 'sucrose_100g': 16.3117, 'vitamin-a_100g': 0, 'vitamin-b12_100g': 0, 'vitamin-b1_100g': 7.3775e-05, 'vitamin-b2_100g': 4.0353e-05, 'vitamin-b6_100g': 0.000134554, 'vitamin-b9_100g': 5.34776e-05, 'vitamin-c_100g': 0.0067179, 'vitamin-d_100g': 0, 'vitamin-e_100g': 0.001680395, 'vitamin-pp_100g': 0.000949775, 'water_100g': 70.3100505, 'zinc_100g': 0.000158192}",,,
Bonne Maman,"Aliments et boissons à base de végétaux, Aliments d'origine végétale, Aliments à base de fruits et de légumes, Petit-déjeuners, Produits à tartiner, Fruits et produits dérivés, Pâtes à tartiner végétales, Produits à tartiner sucrés, Confitures et marmelades, Confitures, Confitures de fruits rouges","Belgique,France,Suisse",165.0,0.2,on,100g,d,Confiture fruits rouges intenses,0.6,2.3,100g,0.0,0.0,39.0,,,,
Alter Eco,"Édulcorants, Sucres, Sucres roux, Sucres de canne, Sucre muscovado, Sucres complets",France,394.0,0.0,on,100g,e,Sucre Complet Muscovado,0.5,0.0,100g,0.07,0.0,95.0,"{'alcohol_100g': 0, 'beta-carotene_100g': 0, 'calcium_100g': 0.00369, 'cholesterol_100g': 0, 'copper_100g': 5.5e-06, 'fructose_100g': 0, 'galactose_100g': 0, 'glucose_100g': 0, 'iodine_100g': 3e-07, 'iron_100g': 7.7e-05, 'lactose_100g': 0, 'magnesium_100g': 0.00165, 'maltose_100g': 0, 'manganese_100g': 6.3e-06, 'pantothenic-acid_100g': 0, 'phosphorus_100g': 0, 'phylloquinone_100g': 0, 'polyols_100g': 0, 'potassium_100g': 0.0135, 'selenium_100g': 5e-06, 'starch_100g': 0, 'sucrose_100g': 99.8, 'vitamin-a_100g': 0, 'vitamin-b12_100g': 0, 'vitamin-b1_100g': 0, 'vitamin-b2_100g': 1.9e-05, 'vitamin-b6_100g': 0, 'vitamin-b9_100g': 0, 'vitamin-c_100g': 0, 'vitamin-d_100g': 0, 'vitamin-e_100g': 0, 'vitamin-pp_100g': 0, 'water_100g': 0.17, 'zinc_100g': 2e-05}",,,
Old el paso,"Plant-based foods and beverages, Plant-based foods, Condiments, Spreads, Plant-based spreads, Sauces, Dips, Guacamoles, Groceries","France,Suisse",77.0,3.2,on,100g,b,Sauce apéritif Guacamole,1.7,1.5,100g,0.85,0.6,3.0,,,,
Nature Valley,"Imbiss,Süßer Snack,Riegel,Getreideriegel,Müsliriegel mit Schokolade",France,485.0,25.7,on,100g,d,Sweet & saltynut,12.1,7.1,,1.04,7.2,21.9,,,,
Go-Tan,Hot sauces,"Belgium, France, Netherlands, Norway, Spain, en:finland",131.0,0.26,on,100g,e,Sriracha Sauce Hot Chilli Sauce,2.1,0.0,100ml,9.835,0.0,24.0,"{'beta-carotene_100g': 0.000288606428571429, 'calcium_100g': 0.0104443543392857, 'cholesterol_100g': 0.0, 'copper_100g': 0.000108970405357143, 'fructose_100g': 0.456171428571429, 'galactose_100g': 0.0, 'glucose_100g': 0.397714285714286, 'iodine_100g': 9.33130714285714e-05, 'iron_100g': 0.000702141696428572, 'lactose_100g': 0.0638571428571429, 'magnesium_100g': 0.0155444953392857, 'maltose_100g': 0.0638571428571429, 'manganese_100g': 0.00014069153825, 'pantothenic-acid_100g': 0.000105685714285714, 'phosphorus_100g': 0.0430696857142857, 'phylloquinone_100g': 7.59942857142857e-06, 'polyols_100g': 0.0786428571428572, 'potassium_100g': 0.235380515767857, 'selenium_100g': 3.59513660714286e-06, 'starch_100g': 1.25974285714286, 'sucrose_100g': 26.3561428571429, 'vitamin-a_100g': 0.0, 'vitamin-b12_100g': 0.0, 'vitamin-b1_100g': 6.34542857142857e-05, 'vitamin-b2_100g': 5.30071428571429e-05, 'vitamin-b6_100g': 0.000319028571428571, 'vitamin-b9_100g': 1.49927142857143e-05, 'vitamin-c_100g': 0.0837246428571429, 'vitamin-d_100g': 1.28142857142857e-08, 'vitamin-e_100g': 0.000376542857142857, 'vitamin-pp_100g': 0.000582728571428571, 'water_100g': 56.664977725, 'zinc_100g': 0.000234984794642857}",,,
"Cappy, Coca-Cola","Aliments et boissons à base de végétaux, Boissons, Boissons à base de végétaux, Boissons aux fruits, Jus et nectars, Jus de fruits","Czech Republic, France, Morocco, en:bulgaria",34.0,0.0,on,100g,e,Pulpy pècne,0.0,,100ml,0.01,0.0,7.9,,,,
"St yorre,VichyST Yorre","Boissons et préparations de boissons,Boissons,Boissons gazeuses,Eaux,Eaux de sources,Eaux gazeuses,Eaux minérales,Boissons sans sucre ajouté,Eaux minérales naturelles,Eaux minérales gazeuses",France,,,on,100g,a,ST YORRE Eau Minérale Naturelle Naturellement Gazeuse 1.15 L,,,100ml,0.427,,,"{'alcohol_100g': 0.0, 'beta-carotene_100g': 0.0, 'calcium_100g': 0.00713, 'carbohydrates_100g': 0.0, 'cholesterol_100g': 0.0, 'copper_100g': 1.7e-05, 'energy-kcal_100g': 0.0, 'energy-kj_100g': 0.0, 'energy_100g': 0.0, 'fat_100g': 0.0, 'fiber_100g': 0.0, 'fructose_100g': 0.0, 'galactose_100g': 0.0, 'glucose_100g': 0.0, 'iodine_100g': 0.0, 'iron_100g': 3e-05, 'lactose_100g': 0.0, 'maltose_100g': 0.0, 'manganese_100g': 8.2e-07, 'pantothenic-acid_100g': 0.0, 'phosphorus_100g': 0.0, 'phylloquinone_100g': 0.0, 'polyols_100g': 0.0, 'proteins_100g': 0.0, 'saturated-fat_100g': 0.0, 'selenium_100g': 5e-07, 'starch_100g': 0.0, 'sucrose_100g': 0.0, 'sugars_100g': 0.0, 'vitamin-a_100g': 0.0, 'vitamin-b12_100g': 0.0, 'vitamin-b1_100g': 0.0, 'vitamin-b2_100g': 0.0, 'vitamin-b6_100g': 0.0, 'vitamin-b9_100g': 0.0, 'vitamin-c_100g': 0.0, 'vitamin-d_100g': 0.0, 'vitamin-e_100g': 0.0, 'vitamin-pp_100g': 0.0, 'water_100g': 100.0, 'zinc_100g': 1.1e-05}",,,
Bénédicta,"Condiments,Matières grasses,Sauces,Mayonnaises,en:groceries",France,653.0,71.0,on,100g,c,Mayonnaise,1.2,,100g,1.4,5.4,1.3,"{'alcohol_100g': 0.005, 'beta-carotene_100g': 7.455e-06, 'calcium_100g': 0.0100401025, 'cholesterol_100g': 0.04695, 'copper_100g': 1.5586875e-05, 'fiber_100g': 0.0443, 'fructose_100g': 0.06088, 'galactose_100g': 0.0035, 'glucose_100g': 0.0787, 'iodine_100g': 2.2037375e-05, 'iron_100g': 0.00017984325, 'lactose_100g': 0.008252, 'magnesium_100g': 0.0037952625, 'maltose_100g': 0.00816, 'manganese_100g': 3.4908275e-05, 'pantothenic-acid_100g': 0.000156803, 'phosphorus_100g': 0.01585, 'phylloquinone_100g': 4.93146e-05, 'polyols_100g': 0, 'potassium_100g': 0.015270475, 'selenium_100g': 8.151e-06, 'starch_100g': 0.7624, 'sucrose_100g': 0.25376, 'vitamin-a_100g': 1.68e-05, 'vitamin-b12_100g': 1.515e-07, 'vitamin-b1_100g': 1.5933e-05, 'vitamin-b2_100g': 2.213775e-05, 'vitamin-b6_100g': 1.9738e-05, 'vitamin-b9_100g': 8.6295e-06, 'vitamin-c_100g': 0.0006006, 'vitamin-d_100g': 1e-07, 'vitamin-e_100g': 0.01933219, 'vitamin-pp_100g': 4.244e-05, 'water_100g': 24.2714915, 'zinc_100g': 0.000118276}",,,
Herta,"Meats and their products, Prepared meats, Hams, White hams, Cooked ham of superior quality, en:white-hams-with-less-salt, Porc et dérivés, en:Pork (prepared)",France,305.714285714286,2.0,on,100g,c,HERTA LE BON PARIS Jambon sel réduit x4 - 140g,21.0,0.0,100g,1.41,1.0,0.0,"{'alcohol_100g': 0, 'beta-carotene_100g': 0, 'calcium_100g': 0.0097925495, 'cholesterol_100g': 0.0747006, 'copper_100g': 6.6219875e-05, 'fructose_100g': 0, 'galactose_100g': 0, 'glucose_100g': 0, 'iodine_100g': 1.8554851e-05, 'iron_100g': 0.00083578635, 'lactose_100g': 0, 'magnesium_100g': 0.02732829, 'maltose_100g': 0, 'manganese_100g': 1.3340515e-05, 'pantothenic-acid_100g': 0.000641659, 'phosphorus_100g': 0.2145812, 'phylloquinone_100g': 1.24501e-07, 'polyols_100g': 0, 'potassium_100g': 0.36222492, 'selenium_100g': 1.5170435e-05, 'starch_100g': 0, 'sucrose_100g': 0.70359, 'vitamin-a_100g': 4.376689e-06, 'vitamin-b12_100g': 5.65043e-07, 'vitamin-b1_100g': 0.000775737, 'vitamin-b2_100g': 0.00015336595, 'vitamin-b6_100g': 0.000344772, 'vitamin-b9_100g': 6.847555e-06, 'vitamin-c_100g': 0.000258579, 'vitamin-d_100g': 4.88427e-07, 'vitamin-e_100g': 0.000114924, 'vitamin-pp_100g': 0.006407013, 'water_100g': 56.79299885, 'zinc_100g': 0.0022800874}",,,
Hacendado,"Alimentos y bebidas de origen vegetal,Alimentos de origen vegetal,Frutos de cáscara y derivados,Frutos de cáscara,Almendras,Anacardos","Spain, en:portugal",651.0,58.8,on,100g,c,Cocktail Natural,20.4,9.0,100g,0.0,20.5,5.2,,,,
"Crownfield,Lidl","Alimentos y bebidas de origen vegetal,Alimentos de origen vegetal,Desayunos,Cereales y patatas,Cereales y derivados,Cereales para el desayuno,Muesli,en:Cereals with nuts,en:Mueslis with nuts","Belgium, France, Italy, Slovenia, Spain, en:portugal",454.0,16.9,on,100g,c,Muesli 4 nuts,10.3,8.1,100g,0.08,4.9,18.1,"{'alcohol_100g': 0, 'beta-carotene_100g': 1.49305e-06, 'calcium_100g': 0.051367714, 'cholesterol_100g': 1e-06, 'copper_100g': 0.0002768436, 'fructose_100g': 0.21207, 'galactose_100g': 0.0195, 'glucose_100g': 0.18927, 'iodine_100g': 2.652e-06, 'iron_100g': 0.0020323132, 'lactose_100g': 0.014142, 'magnesium_100g': 0.08469374, 'maltose_100g': 0.10067, 'manganese_100g': 0.00224210508, 'pantothenic-acid_100g': 0.000627981, 'phosphorus_100g': 0.2209008, 'phylloquinone_100g': 1.32368e-06, 'polyols_100g': 0.0095, 'potassium_100g': 0.24002366, 'selenium_100g': 5.105864, 'starch_100g': 26.4288, 'sucrose_100g': 15.58141, 'vitamin-a_100g': 7.12e-10, 'vitamin-b12_100g': 1.96e-10, 'vitamin-b1_100g': 0.0002211482, 'vitamin-b2_100g': 9.03322e-05, 'vitamin-b6_100g': 7.17576, 'vitamin-b9_100g': 2.216377e-05, 'vitamin-c_100g': 5.1645, 'vitamin-d_100g': 1.563e-08, 'vitamin-e_100g': 0.0029168856, 'vitamin-pp_100g': 0.00057, 'water_100g': 5.5113628, 'zinc_100g': 0.0017243452}",,,
Picard,"Aliments et boissons à base de végétaux,Aliments d'origine végétale,Chips et frites,Surgelés,Pommes de terre normales préfrites surgelées,Pommes noisettes,Pommes noisettes surgelées",France,185.0,8.2,on,100g,c,Pommes noisettes,2.3,2.9,100g,0.4,0.7,0.5,,,,
Bjorg,Hazelnut-based drinks,"France, en:reunion",51.0,4.2,on,100g,c,Noisette sans sucres,1.4,0.6,100ml,0.05,0.4,0.5,"{'alcohol_100g': 0.0, 'beta-carotene_100g': 1.0335e-06, 'calcium_100g': 0.0171314175, 'cholesterol_100g': 0.0, 'copper_100g': 0.00012911325, 'fructose_100g': 0.0065, 'galactose_100g': 0.0065, 'glucose_100g': 0.0195, 'iodine_100g': 1.6707325e-05, 'iron_100g': 0.00023303875, 'lactose_100g': 0.0065, 'magnesium_100g': 0.01829354, 'maltose_100g': 0.0065, 'manganese_100g': 0.000225883595, 'pantothenic-acid_100g': 0.0001066, 'phosphorus_100g': 0.023148, 'phylloquinone_100g': 2.6e-08, 'polyols_100g': 0.0, 'potassium_100g': 0.0583107675, 'selenium_100g': 1.1551625e-06, 'starch_100g': 1.436325, 'sucrose_100g': 0.299, 'vitamin-a_100g': 0.0, 'vitamin-b12_100g': 0.0, 'vitamin-b1_100g': 2.275e-05, 'vitamin-b2_100g': 5.851e-06, 'vitamin-b6_100g': 1.3731875e-05, 'vitamin-b9_100g': 4.254375e-06, 'vitamin-c_100g': 1.625e-05, 'vitamin-d_100g': 8.45e-09, 'vitamin-e_100g': 0.0010595, 'vitamin-pp_100g': 4.664125e-05, 'water_100g': 90.91253875, 'zinc_100g': 0.00016545075}",,,
pringles,"Plant-based foods and beverages, Plant-based foods, Snacks, Cereals and potatoes, Salty snacks, Appetizers, Chips and fries, Potatoes and their products, Crisps, Salty snacks made from potato, Stacked extruded potato crisps","Croatia,France,Germany,Morocco,Romania",1736.66666666667,30.0,on,100g,d,pringles hot & spicy,6.6,4.3,,1.1,2.9,2.4,,,,
Saint louis,"Sweeteners, Sugars, Brown sugars, Cane-sugar, fr:Cassonades, en:cane-sugars",en:fr,396.0,0.0,on,100g,e,Sucre cassonade,0.0,0.0,100g,0.0,0.0,99.0,"{'alcohol_100g': 0, 'beta-carotene_100g': 0, 'calcium_100g': 0.00369, 'cholesterol_100g': 0, 'copper_100g': 5.5e-06, 'fructose_100g': 0, 'galactose_100g': 0, 'glucose_100g': 0, 'iodine_100g': 3e-07, 'iron_100g': 7.7e-05, 'lactose_100g': 0, 'magnesium_100g': 0.00165, 'maltose_100g': 0, 'manganese_100g': 6.3e-06, 'pantothenic-acid_100g': 0, 'phosphorus_100g': 0, 'phylloquinone_100g': 0, 'polyols_100g': 0, 'potassium_100g': 0.0135, 'selenium_100g': 5e-06, 'starch_100g': 0, 'sucrose_100g': 99.8, 'vitamin-a_100g': 0, 'vitamin-b12_100g': 0, 'vitamin-b1_100g': 0, 'vitamin-b2_100g': 1.9e-05, 'vitamin-b6_100g': 0, 'vitamin-b9_100g': 0, 'vitamin-c_100g': 0, 'vitamin-d_100g': 0, 'vitamin-e_100g': 0, 'vitamin-pp_100g': 0, 'water_100g': 0.17, 'zinc_100g': 2e-05}",,,
,"Fats, Animal fats, fr:familia, en:margarines",en:Morocco,,,on,100g,unknown,MARG FAMILIA 400G,,,100g,,,,,,,
,Open Beauty Facts,Suisse,,,,,not-applicable,,,,,,,,,,,
Pågen,"Snacks,Snacks sucrés,Biscuits et gâteaux,Gateaux-canelle","Belgique,France,Allemagne,Italie,Espagne,Suisse",373.0,14.0,on,100g,d,Rollitos de canela IKEA,7.3,0.0,,0.76,2.5,19.0,,,,
Rifnuts,Graines de tournesol en coque grillées,en:Morocco,300.0,25.0,on,100g,unknown,,10.0,,100g,1.75,3.5,,,,,
Lu,"snacks, snacks-sucrés, biscuits-et-gâteaux, biscuits, biscuits-au-chocolat, sablés-nappés-de-chocolat, fr:biscuits-au-chocolat, fr:biscuits-au-chocolat-au-lait, en:biscuits-et-gâteaux, en:sablés-nappés-de-chocolat, en:snacks-sucrés",Frankrijk,491.0,23.0,on,100g,e,Granola l'original,5.9,3.5,100g,1.2,12.0,28.0,"{'alcohol_100g': 0, 'beta-carotene_100g': 1.1256e-05, 'calcium_100g': 0.07259391875, 'cholesterol_100g': 0.005967, 'copper_100g': 0.0002135775, 'fructose_100g': 0.0615, 'galactose_100g': 0.0135, 'glucose_100g': 0.0615, 'iodine_100g': 2.2468875e-05, 'iron_100g': 0.002034781875, 'lactose_100g': 2.964, 'magnesium_100g': 0.051063234375, 'maltose_100g': 0.5127, 'manganese_100g': 0.001151433375, 'pantothenic-acid_100g': 0.0005706, 'phosphorus_100g': 0.1677325, 'phylloquinone_100g': 3.2569e-06, 'polyols_100g': 0, 'potassium_100g': 0.27282678125, 'selenium_100g': 9.13328125e-06, 'starch_100g': 29.1255, 'sucrose_100g': 16.55505, 'vitamin-a_100g': 1.0827e-05, 'vitamin-b12_100g': 1.458e-07, 'vitamin-b1_100g': 0.00014397, 'vitamin-b2_100g': 7.352625e-05, 'vitamin-b6_100g': 7.062e-05, 'vitamin-b9_100g': 1.7385e-05, 'vitamin-c_100g': 0.0005466, 'vitamin-d_100g': 4.674e-07, 'vitamin-e_100g': 0.0034422, 'vitamin-pp_100g': 7.26e-05, 'water_100g': 6.1493971875, 'zinc_100g': 0.0012103325}",,,
Charal,"Sandwichs,Cheeseburgers,Hamburgers,en:Beef hamburgers","France,Suisse",256.0,13.0,on,100g,d,Maxi Cheese Burger,13.0,,100g,1.38,4.8,5.9,,,,
Bjorg,"Aliments et boissons à base de végétaux,Boissons,Aliments d'origine végétale,Légumineuses et dérivés,Substituts de produits laitiers,Substituts du lait,Boissons à base de végétaux,Boissons végétales,Boissons végétales de légumineuses,Boissons végétales de soja,Boissons avec sucre ajouté,Boissons végétales de soja à la vanille","France,Maroc",50.0,2.1,on,100g,b,Soja vanille,3.4,1.1,100ml,0.07,0.4,3.7,,,,
Le Guérandais,"Condiments, Sels, Sels français, Sels marins, Sels de Guérande, Sels fins, en:Groceries",France,0.0,0.0,on,100g,not-applicable,Sel moulu de Guérande,0.0,0.0,100g,85.0,0.0,0.0,"{'alcohol_100g': 0, 'beta-carotene_100g': 0, 'cholesterol_100g': 0, 'copper_100g': 0.00015, 'fructose_100g': 0, 'galactose_100g': 0, 'glucose_100g': 0, 'iodine_100g': 0.00098, 'lactose_100g': 0, 'maltose_100g': 0, 'pantothenic-acid_100g': 0, 'phosphorus_100g': 0.008, 'phylloquinone_100g': 0, 'polyols_100g': 0, 'potassium_100g': 0.103, 'selenium_100g': 5e-07, 'starch_100g': 0, 'sucrose_100g': 0, 'vitamin-a_100g': 0, 'vitamin-b12_100g': 0, 'vitamin-b1_100g': 0, 'vitamin-b2_100g': 0, 'vitamin-b6_100g': 0, 'vitamin-b9_100g': 0, 'vitamin-c_100g': 0, 'vitamin-d_100g': 0, 'vitamin-e_100g': 0, 'vitamin-pp_100g': 0, 'water_100g': 3.75, 'zinc_100g': 8.8e-05}",,,
Capri-Sun,"plant-based-foods-and-beverages, beverages, plant-based-beverages, fruit-based-beverages, sweetened-beverages, aliments-et-boissons-à-base-de-végétaux, fr:boissons, fr:boissons-aux-fruits, boissons-avec-sucre-ajouté, boissons-à-base-de-végétaux","Belgium, France, Spain, Switzerland, en:portugal",31.0,0.0,on,100g,d,Multivitamin Capri-Sun,0.0,0.0,100ml,0.0,0.0,7.3,,,,
Kellogg's,"Aliments et boissons à base de végétaux,Aliments d'origine végétale,Petit-déjeuners,Céréales et pommes de terre,Céréales et dérivés,Céréales pour petit-déjeuner,Flocons,Flocons de céréales,Céréales extrudées,Flocons extrudés,Pétales multicéréales,Nutriscort","France,Mexique",375.0,1.5,on,100g,c,Céréales Special K Kellogg's Nature,9.0,4.5,100g,1.0,0.3,15.0,,,,
Chergui,"Produits laitiers, Produits fermentés, Desserts, Produits laitiers fermentés, Desserts lactés, Desserts lactés fermentés, Yaourts, Yaourts vanille",Morocco,102.0,0.10000000149012,on,100g,unknown,Yaourt Jnane,10.0,,100g,,0.0099999997764826,13.680000305176,,,,
KNORR,"Aliments et boissons à base de végétaux,Aliments d'origine végétale,Aliments à base de fruits et de légumes,Plats préparés,Produits déshydratés,Produits lyophilisés à reconstituer,Soupes,Plats préparés déshydratés,Soupes de légumes,Soupes déshydratées,Soupes de nouilles instantanées",France,,,,100g,c,"Soupe Thai  (Nouilles, champignons et pousses de soja)  د تای سوپ",,,100g,,,,,,on,
